Reusing frozen scorer on GPU 0 at http://127.0.0.1:8000/v1
Scorer ready: http://127.0.0.1:8000/v1
2026-08-16 01:50:20.758 | WARNING  | tau2.utils.utils:<module>:15 - No .env file found
2026-08-16 01:50:20.758 | INFO     | tau2.utils.utils:<module>:28 - Using data directory from source: /home/liuyanlin.lyl/notebook/lyl/tau2-bench/data
[92m01:50:26 - LiteLLM:WARNING[0m: get_model_cost_map.py:271 - LiteLLM: Failed to fetch remote model cost map from https://raw.githubusercontent.com/BerriAI/litellm/main/model_prices_and_context_window.json: _ssl.c:993: The handshake operation timed out. Falling back to local backup.
2026-08-16 01:50:30.536 | INFO     | tau2.utils.llm_utils:<module>:102 - LiteLLM: Cache is disabled
2026-08-16 01:50:30.756 | DEBUG    | tau2.registry:<module>:281 - Registering default components...
2026-08-16 01:50:30.771 | DEBUG    | tau2.registry:<module>:292 - Voice dependencies not installed, skipping voice user registration
2026-08-16 01:50:30.771 | DEBUG    | tau2.registry:<module>:350 - Default components registered successfully. Registry info: {
  "domains": [
    "mock",
    "airline",
    "retail",
    "telecom",
    "telecom-workflow",
    "banking_knowledge"
  ],
  "agents": [
    "llm_agent",
    "llm_agent_gt",
    "llm_agent_solo",
    "discrete_time_audio_native_agent"
  ],
  "users": [
    "user_simulator",
    "dummy_user"
  ],
  "task_sets": [
    "mock",
    "airline",
    "retail",
    "telecom_full",
    "telecom_small",
    "telecom",
    "telecom-workflow",
    "banking_knowledge"
  ]
}
{
  "method": "all real single-tool decision states from complete trajectories",
  "official_split_policy": "Train for optimization; Test for held-out evaluation",
  "contains_official_reference_actions": false,
  "contains_official_final_rewards": false,
  "train_rows": 507,
  "test_rows": 274,
  "domains": {
    "airline": {
      "results_path": "/home/liuyanlin.lyl/notebook/lyl/tau2-bench/data/simulations/trace_to_micro_qwen3_32b_thinking_t06_success_direction_airline_base/results.json",
      "test_decisions": 87,
      "train_decisions": 136
    },
    "retail": {
      "results_path": "/home/liuyanlin.lyl/notebook/lyl/tau2-bench/data/simulations/trace_to_micro_qwen3_32b_thinking_t06_success_direction_retail_base/results.json",
      "test_decisions": 187,
      "train_decisions": 371
    }
  }
}
Resuming Train calibration: 485/485 already scored
{
  "output": "/home/liuyanlin.lyl/notebook/lyl/tau2-bench/project/expectation_step_rl/data/decisions_qwen3_32b_t06/training_calibration_scores.jsonl",
  "train_rows": 485
}
{
  "output": "/home/liuyanlin.lyl/notebook/lyl/tau2-bench/project/expectation_step_rl/data/decisions_qwen3_32b_t06/training_calibration.json",
  "tool_groups": 10,
  "domain_fallbacks": 2
}
Training physical GPUs: 1,2,3,4
verl workers: 4; rollout tensor parallel: 4
Checkpoint directory: /data/oss_bucket_0/yanlin/tau2/expectation_step_rl/checkpoints/checkpoint_smoke_20260816_015019
Tracking backends: ["console","swanlab"]
SwanLab log directory: /data/oss_bucket_0/yanlin/tau2/expectation_step_rl/swanlog
/home/liuyanlin.lyl/.venvs/expectation-step-rl/lib/python3.12/site-packages/torch/cuda/__init__.py:63: FutureWarning: The pynvml package is deprecated. Please install nvidia-ml-py instead. If you did not install pynvml directly, please report this to the maintainers of the package that installed pynvml for you.
  import pynvml  # type: ignore[import]
2026-08-16 01:50:47.057 | WARNING  | tau2.utils.utils:<module>:15 - No .env file found
2026-08-16 01:50:47.057 | INFO     | tau2.utils.utils:<module>:28 - Using data directory from source: /home/liuyanlin.lyl/notebook/lyl/tau2-bench/data
[92m01:50:53 - LiteLLM:WARNING[0m: get_model_cost_map.py:271 - LiteLLM: Failed to fetch remote model cost map from https://raw.githubusercontent.com/BerriAI/litellm/main/model_prices_and_context_window.json: The read operation timed out. Falling back to local backup.
WARNING:2026-08-16 01:50:53,281:LiteLLM: Failed to fetch remote model cost map from https://raw.githubusercontent.com/BerriAI/litellm/main/model_prices_and_context_window.json: The read operation timed out. Falling back to local backup.
2026-08-16 01:50:56.756 | INFO     | tau2.utils.llm_utils:<module>:102 - LiteLLM: Cache is disabled
2026-08-16 01:50:56.871 | DEBUG    | tau2.registry:<module>:281 - Registering default components...
2026-08-16 01:50:56.882 | DEBUG    | tau2.registry:<module>:292 - Voice dependencies not installed, skipping voice user registration
2026-08-16 01:50:56.882 | DEBUG    | tau2.registry:<module>:350 - Default components registered successfully. Registry info: {
  "domains": [
    "mock",
    "airline",
    "retail",
    "telecom",
    "telecom-workflow",
    "banking_knowledge"
  ],
  "agents": [
    "llm_agent",
    "llm_agent_gt",
    "llm_agent_solo",
    "discrete_time_audio_native_agent"
  ],
  "users": [
    "user_simulator",
    "dummy_user"
  ],
  "task_sets": [
    "mock",
    "airline",
    "retail",
    "telecom_full",
    "telecom_small",
    "telecom",
    "telecom-workflow",
    "banking_knowledge"
  ]
}
{
  "train_rows": 507,
  "test_rows": 274,
  "calibration_groups": 10,
  "training_packages": {
    "vllm": "0.11.0",
    "torch": "2.8.0",
    "flash-attn": "2.8.1",
    "flashinfer-python": "0.3.1",
    "transformers": "4.57.1",
    "huggingface-hub": "0.36.0",
    "tokenizers": "0.22.1",
    "swanlab": "0.9.1"
  },
  "verl_commit": "bec9ef74768dd201881cd4e54cd0385e87caae27",
  "scorer_models": [
    "qwen3-32b"
  ]
}
/home/liuyanlin.lyl/.venvs/expectation-step-rl/lib/python3.12/site-packages/torch/cuda/__init__.py:63: FutureWarning: The pynvml package is deprecated. Please install nvidia-ml-py instead. If you did not install pynvml directly, please report this to the maintainers of the package that installed pynvml for you.
  import pynvml  # type: ignore[import]
INFO 08-16 01:51:11 [__init__.py:216] Automatically detected platform cuda.
2026-08-16 01:51:24,068	INFO worker.py:2015 -- Started a local Ray instance. View the dashboard at [1m[32mhttp://127.0.0.1:8265 [39m[22m
[36m(pid=140930)[0m /home/liuyanlin.lyl/.venvs/expectation-step-rl/lib/python3.12/site-packages/torch/cuda/__init__.py:63: FutureWarning: The pynvml package is deprecated. Please install nvidia-ml-py instead. If you did not install pynvml directly, please report this to the maintainers of the package that installed pynvml for you.
[36m(pid=140930)[0m   import pynvml  # type: ignore[import]
[36m(TaskRunner pid=140930)[0m /home/liuyanlin.lyl/notebook/lyl/tau2-bench/project/expectation_step_rl/third_party/verl/verl/trainer/main_ppo.py:302: UserWarning: Disabled critic as algorithm.adv_estimator != gae. If it is not intended, please set critic.enable=True
[36m(TaskRunner pid=140930)[0m   use_critic=need_critic(config),
ray init kwargs: {'num_cpus': None, 'runtime_env': {'env_vars': {'TOKENIZERS_PARALLELISM': 'true', 'VLLM_LOGGING_LEVEL': 'WARN', 'VLLM_ALLOW_RUNTIME_LORA_UPDATING': 'true', 'CUDA_DEVICE_MAX_CONNECTIONS': '1', 'VLLM_DISABLE_COMPILE_CACHE': '1', 'HCCL_HOST_SOCKET_PORT_RANGE': 'auto', 'HCCL_NPU_SOCKET_PORT_RANGE': 'auto'}, 'working_dir': None}}
[36m(TaskRunner pid=140930)[0m TaskRunner hostname: notebook-56ece9efd1a0-worker-0, PID: 140930
[36m(TaskRunner pid=140930)[0m {'actor_rollout_ref': {'actor': {'_target_': 'verl.workers.config.FSDPActorConfig',
[36m(TaskRunner pid=140930)[0m                                  'calculate_entropy': False,
[36m(TaskRunner pid=140930)[0m                                  'calculate_sum_pi_squared': False,
[36m(TaskRunner pid=140930)[0m                                  'checkpoint': {'_target_': 'verl.trainer.config.CheckpointConfig',
[36m(TaskRunner pid=140930)[0m                                                 'async_save': False,
[36m(TaskRunner pid=140930)[0m                                                 'load_contents': ['model',
[36m(TaskRunner pid=140930)[0m                                                                   'optimizer',
[36m(TaskRunner pid=140930)[0m                                                                   'extra'],
[36m(TaskRunner pid=140930)[0m                                                 'mbridge_config': {},
[36m(TaskRunner pid=140930)[0m                                                 'save_contents': ['model',
[36m(TaskRunner pid=140930)[0m                                                                   'optimizer',
[36m(TaskRunner pid=140930)[0m                                                                   'extra']},
[36m(TaskRunner pid=140930)[0m                                  'clip_ratio': 0.2,
[36m(TaskRunner pid=140930)[0m                                  'clip_ratio_c': 3.0,
[36m(TaskRunner pid=140930)[0m                                  'clip_ratio_high': 0.2,
[36m(TaskRunner pid=140930)[0m                                  'clip_ratio_low': 0.2,
[36m(TaskRunner pid=140930)[0m                                  'data_loader_seed': 42,
[36m(TaskRunner pid=140930)[0m                                  'entropy_checkpointing': False,
[36m(TaskRunner pid=140930)[0m                                  'entropy_coeff': 0,
[36m(TaskRunner pid=140930)[0m                                  'entropy_from_logits_with_chunking': False,
[36m(TaskRunner pid=140930)[0m                                  'freeze_vision_tower': False,
[36m(TaskRunner pid=140930)[0m                                  'fsdp_config': {'_target_': 'verl.workers.config.FSDPEngineConfig',
[36m(TaskRunner pid=140930)[0m                                                  'dtype': 'bfloat16',
[36m(TaskRunner pid=140930)[0m                                                  'entropy_checkpointing': False,
[36m(TaskRunner pid=140930)[0m                                                  'entropy_from_logits_with_chunking': False,
[36m(TaskRunner pid=140930)[0m                                                  'forward_only': False,
[36m(TaskRunner pid=140930)[0m                                                  'forward_prefetch': False,
[36m(TaskRunner pid=140930)[0m                                                  'fsdp_size': -1,
[36m(TaskRunner pid=140930)[0m                                                  'full_determinism': False,
[36m(TaskRunner pid=140930)[0m                                                  'model_dtype': 'fp32',
[36m(TaskRunner pid=140930)[0m                                                  'offload_policy': False,
[36m(TaskRunner pid=140930)[0m                                                  'optimizer_offload': True,
[36m(TaskRunner pid=140930)[0m                                                  'param_offload': True,
[36m(TaskRunner pid=140930)[0m                                                  'qat': {'_target_': 'verl.workers.config.QATEngineConfig',
[36m(TaskRunner pid=140930)[0m                                                          'activation_observer': 'static_minmax',
[36m(TaskRunner pid=140930)[0m                                                          'enable': False,
[36m(TaskRunner pid=140930)[0m                                                          'group_size': 16,
[36m(TaskRunner pid=140930)[0m                                                          'ignore_patterns': ['lm_head',
[36m(TaskRunner pid=140930)[0m                                                                              'embed_tokens',
[36m(TaskRunner pid=140930)[0m                                                                              're:.*mlp.gate$'],
[36m(TaskRunner pid=140930)[0m                                                          'mode': 'w4a16',
[36m(TaskRunner pid=140930)[0m                                                          'quantization_config_path': None},
[36m(TaskRunner pid=140930)[0m                                                  'reshard_after_forward': True,
[36m(TaskRunner pid=140930)[0m                                                  'seed': 42,
[36m(TaskRunner pid=140930)[0m                                                  'strategy': 'fsdp',
[36m(TaskRunner pid=140930)[0m                                                  'ulysses_sequence_parallel_size': 1,
[36m(TaskRunner pid=140930)[0m                                                  'use_orig_params': False,
[36m(TaskRunner pid=140930)[0m                                                  'use_torch_compile': True,
[36m(TaskRunner pid=140930)[0m                                                  'wrap_policy': {'min_num_params': 0}},
[36m(TaskRunner pid=140930)[0m                                  'grad_clip': 1.0,
[36m(TaskRunner pid=140930)[0m                                  'kl_loss_coef': 0.001,
[36m(TaskRunner pid=140930)[0m                                  'kl_loss_type': 'low_var_kl',
[36m(TaskRunner pid=140930)[0m                                  'loss_agg_mode': 'token-mean',
[36m(TaskRunner pid=140930)[0m                                  'loss_scale_factor': None,
[36m(TaskRunner pid=140930)[0m                                  'optim': {'_target_': 'verl.workers.config.FSDPOptimizerConfig',
[36m(TaskRunner pid=140930)[0m                                            'betas': [0.9, 0.999],
[36m(TaskRunner pid=140930)[0m                                            'clip_grad': 1.0,
[36m(TaskRunner pid=140930)[0m                                            'lr': 3e-06,
[36m(TaskRunner pid=140930)[0m                                            'lr_scheduler_type': 'constant',
[36m(TaskRunner pid=140930)[0m                                            'lr_warmup_steps': -1,
[36m(TaskRunner pid=140930)[0m                                            'lr_warmup_steps_ratio': 0.0,
[36m(TaskRunner pid=140930)[0m                                            'min_lr_ratio': 0.0,
[36m(TaskRunner pid=140930)[0m                                            'num_cycles': 0.5,
[36m(TaskRunner pid=140930)[0m                                            'optimizer': 'AdamW',
[36m(TaskRunner pid=140930)[0m                                            'optimizer_impl': 'torch.optim',
[36m(TaskRunner pid=140930)[0m                                            'override_optimizer_config': None,
[36m(TaskRunner pid=140930)[0m                                            'total_training_steps': -1,
[36m(TaskRunner pid=140930)[0m                                            'warmup_style': None,
[36m(TaskRunner pid=140930)[0m                                            'weight_decay': 0.01,
[36m(TaskRunner pid=140930)[0m                                            'zero_indexed_step': True},
[36m(TaskRunner pid=140930)[0m                                  'policy_loss': {'_target_': 'verl.workers.config.PolicyLossConfig',
[36m(TaskRunner pid=140930)[0m                                                  'clip_cov_lb': 1.0,
[36m(TaskRunner pid=140930)[0m                                                  'clip_cov_ratio': 0.0002,
[36m(TaskRunner pid=140930)[0m                                                  'clip_cov_ub': 5.0,
[36m(TaskRunner pid=140930)[0m                                                  'kl_cov_ratio': 0.0002,
[36m(TaskRunner pid=140930)[0m                                                  'loss_mode': 'vanilla',
[36m(TaskRunner pid=140930)[0m                                                  'ppo_kl_coef': 0.1},
[36m(TaskRunner pid=140930)[0m                                  'ppo_epochs': 1,
[36m(TaskRunner pid=140930)[0m                                  'ppo_max_token_len_per_gpu': 16384,
[36m(TaskRunner pid=140930)[0m                                  'ppo_micro_batch_size': None,
[36m(TaskRunner pid=140930)[0m                                  'ppo_micro_batch_size_per_gpu': 1,
[36m(TaskRunner pid=140930)[0m                                  'ppo_mini_batch_size': 1,
[36m(TaskRunner pid=140930)[0m                                  'profiler': {'_target_': 'verl.utils.profiler.ProfilerConfig',
[36m(TaskRunner pid=140930)[0m                                               'all_ranks': False,
[36m(TaskRunner pid=140930)[0m                                               'enable': False,
[36m(TaskRunner pid=140930)[0m                                               'ranks': [],
[36m(TaskRunner pid=140930)[0m                                               'save_path': 'outputs/profile',
[36m(TaskRunner pid=140930)[0m                                               'tool': None,
[36m(TaskRunner pid=140930)[0m                                               'tool_config': {'npu': {'_target_': 'verl.utils.profiler.config.NPUToolConfig',
[36m(TaskRunner pid=140930)[0m                                                                       'analysis': True,
[36m(TaskRunner pid=140930)[0m                                                                       'contents': [],
[36m(TaskRunner pid=140930)[0m                                                                       'discrete': False,
[36m(TaskRunner pid=140930)[0m                                                                       'level': 'level0'},
[36m(TaskRunner pid=140930)[0m                                                               'nsys': {'_target_': 'verl.utils.profiler.config.NsightToolConfig',
[36m(TaskRunner pid=140930)[0m                                                                        'discrete': False},
[36m(TaskRunner pid=140930)[0m                                                               'torch': {'_target_': 'verl.utils.profiler.config.TorchProfilerToolConfig',
[36m(TaskRunner pid=140930)[0m                                                                         'contents': [],
[36m(TaskRunner pid=140930)[0m                                                                         'discrete': False},
[36m(TaskRunner pid=140930)[0m                                                               'torch_memory': {'_target_': 'verl.utils.profiler.config.TorchMemoryToolConfig',
[36m(TaskRunner pid=140930)[0m                                                                                'stack_depth': 32,
[36m(TaskRunner pid=140930)[0m                                                                                'trace_alloc_max_entries': 100000}}},
[36m(TaskRunner pid=140930)[0m                                  'qat': {'activation_observer': 'static_minmax',
[36m(TaskRunner pid=140930)[0m                                          'enable': False,
[36m(TaskRunner pid=140930)[0m                                          'group_size': 16,
[36m(TaskRunner pid=140930)[0m                                          'ignore_patterns': ['lm_head',
[36m(TaskRunner pid=140930)[0m                                                              'embed_tokens',
[36m(TaskRunner pid=140930)[0m                                                              're:.*mlp.gate$'],
[36m(TaskRunner pid=140930)[0m                                          'mode': 'w4a16',
[36m(TaskRunner pid=140930)[0m                                          'quantization_config_path': None},
[36m(TaskRunner pid=140930)[0m                                  'rollout_n': 4,
[36m(TaskRunner pid=140930)[0m                                  'router_replay': {'_target_': 'verl.workers.config.RouterReplayConfig',
[36m(TaskRunner pid=140930)[0m                                                    'mode': 'disabled',
[36m(TaskRunner pid=140930)[0m                                                    'record_file': None,
[36m(TaskRunner pid=140930)[0m                                                    'replay_file': None},
[36m(TaskRunner pid=140930)[0m                                  'shuffle': False,
[36m(TaskRunner pid=140930)[0m                                  'strategy': 'fsdp',
[36m(TaskRunner pid=140930)[0m                                  'sum_pi_squared_checkpointing': False,
[36m(TaskRunner pid=140930)[0m                                  'tau_neg': 1.05,
[36m(TaskRunner pid=140930)[0m                                  'tau_pos': 1.0,
[36m(TaskRunner pid=140930)[0m                                  'ulysses_sequence_parallel_size': 1,
[36m(TaskRunner pid=140930)[0m                                  'use_dynamic_bsz': False,
[36m(TaskRunner pid=140930)[0m                                  'use_fused_kernels': False,
[36m(TaskRunner pid=140930)[0m                                  'use_kl_loss': True,
[36m(TaskRunner pid=140930)[0m                                  'use_prefix_grouper': False,
[36m(TaskRunner pid=140930)[0m                                  'use_remove_padding': True,
[36m(TaskRunner pid=140930)[0m                                  'use_torch_compile': True},
[36m(TaskRunner pid=140930)[0m                        'hybrid_engine': True,
[36m(TaskRunner pid=140930)[0m                        'model': {'_target_': 'verl.workers.config.HFModelConfig',
[36m(TaskRunner pid=140930)[0m                                  'custom_chat_template': None,
[36m(TaskRunner pid=140930)[0m                                  'enable_activation_offload': False,
[36m(TaskRunner pid=140930)[0m                                  'enable_gradient_checkpointing': True,
[36m(TaskRunner pid=140930)[0m                                  'exclude_modules': None,
[36m(TaskRunner pid=140930)[0m                                  'external_lib': None,
[36m(TaskRunner pid=140930)[0m                                  'fused_kernel_options': {'impl_backend': 'torch'},
[36m(TaskRunner pid=140930)[0m                                  'hf_config_path': None,
[36m(TaskRunner pid=140930)[0m                                  'lora_adapter_path': None,
[36m(TaskRunner pid=140930)[0m                                  'lora_alpha': 64,
[36m(TaskRunner pid=140930)[0m                                  'lora_rank': 32,
[36m(TaskRunner pid=140930)[0m                                  'mtp': {'_target_': 'verl.workers.config.MtpConfig',
[36m(TaskRunner pid=140930)[0m                                          'detach_encoder': False,
[36m(TaskRunner pid=140930)[0m                                          'enable': False,
[36m(TaskRunner pid=140930)[0m                                          'enable_rollout': False,
[36m(TaskRunner pid=140930)[0m                                          'enable_train': False,
[36m(TaskRunner pid=140930)[0m                                          'method': 'mtp',
[36m(TaskRunner pid=140930)[0m                                          'mtp_loss_scaling_factor': 0.1,
[36m(TaskRunner pid=140930)[0m                                          'num_speculative_tokens': 1,
[36m(TaskRunner pid=140930)[0m                                          'speculative_algorithm': 'EAGLE',
[36m(TaskRunner pid=140930)[0m                                          'speculative_eagle_topk': 1,
[36m(TaskRunner pid=140930)[0m                                          'speculative_num_draft_tokens': 4,
[36m(TaskRunner pid=140930)[0m                                          'speculative_num_steps': 3},
[36m(TaskRunner pid=140930)[0m                                  'override_config': {},
[36m(TaskRunner pid=140930)[0m                                  'path': '/data/oss_bucket_0/yanlin/tau2/models/Qwen3-32B',
[36m(TaskRunner pid=140930)[0m                                  'target_modules': 'all-linear',
[36m(TaskRunner pid=140930)[0m                                  'tiled_mlp': {'enabled': False,
[36m(TaskRunner pid=140930)[0m                                                'num_shards': 4},
[36m(TaskRunner pid=140930)[0m                                  'tokenizer_path': None,
[36m(TaskRunner pid=140930)[0m                                  'trust_remote_code': False,
[36m(TaskRunner pid=140930)[0m                                  'use_fused_kernels': False,
[36m(TaskRunner pid=140930)[0m                                  'use_liger': False,
[36m(TaskRunner pid=140930)[0m                                  'use_remove_padding': True,
[36m(TaskRunner pid=140930)[0m                                  'use_shm': False},
[36m(TaskRunner pid=140930)[0m                        'nccl_timeout': 600,
[36m(TaskRunner pid=140930)[0m                        'ref': {'_target_': 'verl.workers.config.FSDPActorConfig',
[36m(TaskRunner pid=140930)[0m                                'entropy_checkpointing': False,
[36m(TaskRunner pid=140930)[0m                                'entropy_from_logits_with_chunking': False,
[36m(TaskRunner pid=140930)[0m                                'fsdp_config': {'_target_': 'verl.workers.config.FSDPEngineConfig',
[36m(TaskRunner pid=140930)[0m                                                'dtype': 'bfloat16',
[36m(TaskRunner pid=140930)[0m                                                'entropy_checkpointing': False,
[36m(TaskRunner pid=140930)[0m                                                'entropy_from_logits_with_chunking': False,
[36m(TaskRunner pid=140930)[0m                                                'forward_only': True,
[36m(TaskRunner pid=140930)[0m                                                'forward_prefetch': False,
[36m(TaskRunner pid=140930)[0m                                                'fsdp_size': -1,
[36m(TaskRunner pid=140930)[0m                                                'full_determinism': False,
[36m(TaskRunner pid=140930)[0m                                                'model_dtype': 'fp32',
[36m(TaskRunner pid=140930)[0m                                                'offload_policy': False,
[36m(TaskRunner pid=140930)[0m                                                'optimizer_offload': False,
[36m(TaskRunner pid=140930)[0m                                                'param_offload': True,
[36m(TaskRunner pid=140930)[0m                                                'qat': {'_target_': 'verl.workers.config.QATEngineConfig',
[36m(TaskRunner pid=140930)[0m                                                        'activation_observer': 'static_minmax',
[36m(TaskRunner pid=140930)[0m                                                        'enable': False,
[36m(TaskRunner pid=140930)[0m                                                        'group_size': 16,
[36m(TaskRunner pid=140930)[0m                                                        'ignore_patterns': ['lm_head',
[36m(TaskRunner pid=140930)[0m                                                                            'embed_tokens',
[36m(TaskRunner pid=140930)[0m                                                                            're:.*mlp.gate$'],
[36m(TaskRunner pid=140930)[0m                                                        'mode': 'w4a16',
[36m(TaskRunner pid=140930)[0m                                                        'quantization_config_path': None},
[36m(TaskRunner pid=140930)[0m                                                'reshard_after_forward': True,
[36m(TaskRunner pid=140930)[0m                                                'seed': 42,
[36m(TaskRunner pid=140930)[0m                                                'strategy': 'fsdp',
[36m(TaskRunner pid=140930)[0m                                                'ulysses_sequence_parallel_size': 1,
[36m(TaskRunner pid=140930)[0m                                                'use_orig_params': False,
[36m(TaskRunner pid=140930)[0m                                                'use_torch_compile': True,
[36m(TaskRunner pid=140930)[0m                                                'wrap_policy': {'min_num_params': 0}},
[36m(TaskRunner pid=140930)[0m                                'log_prob_max_token_len_per_gpu': 16384,
[36m(TaskRunner pid=140930)[0m                                'log_prob_micro_batch_size': None,
[36m(TaskRunner pid=140930)[0m                                'log_prob_micro_batch_size_per_gpu': 1,
[36m(TaskRunner pid=140930)[0m                                'log_prob_use_dynamic_bsz': False,
[36m(TaskRunner pid=140930)[0m                                'profiler': {'_target_': 'verl.utils.profiler.ProfilerConfig',
[36m(TaskRunner pid=140930)[0m                                             'all_ranks': False,
[36m(TaskRunner pid=140930)[0m                                             'enable': False,
[36m(TaskRunner pid=140930)[0m                                             'ranks': [],
[36m(TaskRunner pid=140930)[0m                                             'save_path': 'outputs/profile',
[36m(TaskRunner pid=140930)[0m                                             'tool': None,
[36m(TaskRunner pid=140930)[0m                                             'tool_config': {'npu': {'_target_': 'verl.utils.profiler.config.NPUToolConfig',
[36m(TaskRunner pid=140930)[0m                                                                     'analysis': True,
[36m(TaskRunner pid=140930)[0m                                                                     'contents': [],
[36m(TaskRunner pid=140930)[0m                                                                     'discrete': False,
[36m(TaskRunner pid=140930)[0m                                                                     'level': 'level0'},
[36m(TaskRunner pid=140930)[0m                                                             'nsys': {'_target_': 'verl.utils.profiler.config.NsightToolConfig',
[36m(TaskRunner pid=140930)[0m                                                                      'discrete': False},
[36m(TaskRunner pid=140930)[0m                                                             'torch': {'_target_': 'verl.utils.profiler.config.TorchProfilerToolConfig',
[36m(TaskRunner pid=140930)[0m                                                                       'contents': [],
[36m(TaskRunner pid=140930)[0m                                                                       'discrete': False},
[36m(TaskRunner pid=140930)[0m                                                             'torch_memory': {'_target_': 'verl.utils.profiler.config.TorchMemoryToolConfig',
[36m(TaskRunner pid=140930)[0m                                                                              'stack_depth': 32,
[36m(TaskRunner pid=140930)[0m                                                                              'trace_alloc_max_entries': 100000}}},
[36m(TaskRunner pid=140930)[0m                                'rollout_n': 4,
[36m(TaskRunner pid=140930)[0m                                'router_replay': {'_target_': 'verl.workers.config.RouterReplayConfig',
[36m(TaskRunner pid=140930)[0m                                                  'mode': 'disabled',
[36m(TaskRunner pid=140930)[0m                                                  'record_file': None,
[36m(TaskRunner pid=140930)[0m                                                  'replay_file': None},
[36m(TaskRunner pid=140930)[0m                                'strategy': 'fsdp',
[36m(TaskRunner pid=140930)[0m                                'ulysses_sequence_parallel_size': 1,
[36m(TaskRunner pid=140930)[0m                                'use_torch_compile': True},
[36m(TaskRunner pid=140930)[0m                        'rollout': {'_target_': 'verl.workers.config.RolloutConfig',
[36m(TaskRunner pid=140930)[0m                                    'agent': {'_target_': 'verl.workers.config.AgentLoopConfig',
[36m(TaskRunner pid=140930)[0m                                              'agent_loop_config_path': '/home/liuyanlin.lyl/notebook/lyl/tau2-bench/project/expectation_step_rl/configs/agent_loops.yaml',
[36m(TaskRunner pid=140930)[0m                                              'custom_async_server': {'_target_': 'verl.workers.config.CustomAsyncServerConfig',
[36m(TaskRunner pid=140930)[0m                                                                      'name': None,
[36m(TaskRunner pid=140930)[0m                                                                      'path': None},
[36m(TaskRunner pid=140930)[0m                                              'default_agent_loop': 'tau2_expectation_step',
[36m(TaskRunner pid=140930)[0m                                              'num_workers': 8},
[36m(TaskRunner pid=140930)[0m                                    'calculate_log_probs': True,
[36m(TaskRunner pid=140930)[0m                                    'checkpoint_engine': {'_target_': 'verl.workers.config.CheckpointEngineConfig',
[36m(TaskRunner pid=140930)[0m                                                          'backend': 'naive',
[36m(TaskRunner pid=140930)[0m                                                          'engine_kwargs': {},
[36m(TaskRunner pid=140930)[0m                                                          'update_weights_bucket_megabytes': 2048},
[36m(TaskRunner pid=140930)[0m                                    'cudagraph_capture_sizes': None,
[36m(TaskRunner pid=140930)[0m                                    'data_parallel_size': 1,
[36m(TaskRunner pid=140930)[0m                                    'disable_log_stats': True,
[36m(TaskRunner pid=140930)[0m                                    'do_sample': True,
[36m(TaskRunner pid=140930)[0m                                    'dtype': 'bfloat16',
[36m(TaskRunner pid=140930)[0m                                    'enable_chunked_prefill': True,
[36m(TaskRunner pid=140930)[0m                                    'enable_prefix_caching': True,
[36m(TaskRunner pid=140930)[0m                                    'enable_rollout_routing_replay': False,
[36m(TaskRunner pid=140930)[0m                                    'enforce_eager': True,
[36m(TaskRunner pid=140930)[0m                                    'engine_kwargs': {'sglang': {},
[36m(TaskRunner pid=140930)[0m                                                      'trtllm': {},
[36m(TaskRunner pid=140930)[0m                                                      'vllm': {}},
[36m(TaskRunner pid=140930)[0m                                    'expert_parallel_size': 1,
[36m(TaskRunner pid=140930)[0m                                    'free_cache_engine': True,
[36m(TaskRunner pid=140930)[0m                                    'gpu_memory_utilization': 0.3,
[36m(TaskRunner pid=140930)[0m                                    'ignore_eos': False,
[36m(TaskRunner pid=140930)[0m                                    'layered_summon': True,
[36m(TaskRunner pid=140930)[0m                                    'load_format': 'safetensors',
[36m(TaskRunner pid=140930)[0m                                    'log_prob_max_token_len_per_gpu': 16384,
[36m(TaskRunner pid=140930)[0m                                    'log_prob_micro_batch_size': None,
[36m(TaskRunner pid=140930)[0m                                    'log_prob_micro_batch_size_per_gpu': 1,
[36m(TaskRunner pid=140930)[0m                                    'log_prob_use_dynamic_bsz': False,
[36m(TaskRunner pid=140930)[0m                                    'logprobs_mode': 'processed_logprobs',
[36m(TaskRunner pid=140930)[0m                                    'max_model_len': None,
[36m(TaskRunner pid=140930)[0m                                    'max_num_batched_tokens': 8192,
[36m(TaskRunner pid=140930)[0m                                    'max_num_seqs': 1024,
[36m(TaskRunner pid=140930)[0m                                    'mode': 'async',
[36m(TaskRunner pid=140930)[0m                                    'mtp': {'_target_': 'verl.workers.config.MtpConfig',
[36m(TaskRunner pid=140930)[0m                                            'detach_encoder': False,
[36m(TaskRunner pid=140930)[0m                                            'enable': False,
[36m(TaskRunner pid=140930)[0m                                            'enable_rollout': False,
[36m(TaskRunner pid=140930)[0m                                            'enable_train': False,
[36m(TaskRunner pid=140930)[0m                                            'method': 'mtp',
[36m(TaskRunner pid=140930)[0m                                            'mtp_loss_scaling_factor': 0.1,
[36m(TaskRunner pid=140930)[0m                                            'num_speculative_tokens': 1,
[36m(TaskRunner pid=140930)[0m                                            'speculative_algorithm': 'EAGLE',
[36m(TaskRunner pid=140930)[0m                                            'speculative_eagle_topk': 1,
[36m(TaskRunner pid=140930)[0m                                            'speculative_num_draft_tokens': 4,
[36m(TaskRunner pid=140930)[0m                                            'speculative_num_steps': 3},
[36m(TaskRunner pid=140930)[0m                                    'multi_stage_wake_up': False,
[36m(TaskRunner pid=140930)[0m                                    'multi_turn': {'_target_': 'verl.workers.config.MultiTurnConfig',
[36m(TaskRunner pid=140930)[0m                                                   'enable': False,
[36m(TaskRunner pid=140930)[0m                                                   'format': 'hermes',
[36m(TaskRunner pid=140930)[0m                                                   'interaction_config_path': None,
[36m(TaskRunner pid=140930)[0m                                                   'max_assistant_turns': None,
[36m(TaskRunner pid=140930)[0m                                                   'max_parallel_calls': 1,
[36m(TaskRunner pid=140930)[0m                                                   'max_tool_response_length': 256,
[36m(TaskRunner pid=140930)[0m                                                   'max_user_turns': None,
[36m(TaskRunner pid=140930)[0m                                                   'num_repeat_rollouts': None,
[36m(TaskRunner pid=140930)[0m                                                   'tokenization_sanity_check_mode': 'strict',
[36m(TaskRunner pid=140930)[0m                                                   'tool_config_path': None,
[36m(TaskRunner pid=140930)[0m                                                   'tool_response_truncate_side': 'middle',
[36m(TaskRunner pid=140930)[0m                                                   'use_inference_chat_template': False},
[36m(TaskRunner pid=140930)[0m                                    'n': 4,
[36m(TaskRunner pid=140930)[0m                                    'n_gpus_per_node': 4,
[36m(TaskRunner pid=140930)[0m                                    'name': 'vllm',
[36m(TaskRunner pid=140930)[0m                                    'nnodes': 0,
[36m(TaskRunner pid=140930)[0m                                    'over_sample_rate': 0,
[36m(TaskRunner pid=140930)[0m                                    'pipeline_model_parallel_size': 1,
[36m(TaskRunner pid=140930)[0m                                    'profiler': {'_target_': 'verl.utils.profiler.ProfilerConfig',
[36m(TaskRunner pid=140930)[0m                                                 'all_ranks': False,
[36m(TaskRunner pid=140930)[0m                                                 'enable': False,
[36m(TaskRunner pid=140930)[0m                                                 'ranks': [],
[36m(TaskRunner pid=140930)[0m                                                 'save_path': 'outputs/profile',
[36m(TaskRunner pid=140930)[0m                                                 'tool': None,
[36m(TaskRunner pid=140930)[0m                                                 'tool_config': {'npu': {'_target_': 'verl.utils.profiler.config.NPUToolConfig',
[36m(TaskRunner pid=140930)[0m                                                                         'analysis': True,
[36m(TaskRunner pid=140930)[0m                                                                         'contents': [],
[36m(TaskRunner pid=140930)[0m                                                                         'discrete': False,
[36m(TaskRunner pid=140930)[0m                                                                         'level': 'level0'},
[36m(TaskRunner pid=140930)[0m                                                                 'torch': {'_target_': 'verl.utils.profiler.config.TorchProfilerToolConfig',
[36m(TaskRunner pid=140930)[0m                                                                           'contents': [],
[36m(TaskRunner pid=140930)[0m                                                                           'discrete': False}}},
[36m(TaskRunner pid=140930)[0m                                    'prometheus': {'_target_': 'verl.workers.config.PrometheusConfig',
[36m(TaskRunner pid=140930)[0m                                                   'enable': False,
[36m(TaskRunner pid=140930)[0m                                                   'file': '/tmp/ray/session_latest/metrics/prometheus/prometheus.yml',
[36m(TaskRunner pid=140930)[0m                                                   'port': 9090,
[36m(TaskRunner pid=140930)[0m                                                   'served_model_name': '/data/oss_bucket_0/yanlin/tau2/models/Qwen3-32B'},
[36m(TaskRunner pid=140930)[0m                                    'prompt_length': 16384,
[36m(TaskRunner pid=140930)[0m                                    'qat': {'_target_': 'verl.workers.config.QATEngineConfig',
[36m(TaskRunner pid=140930)[0m                                            'activation_observer': 'static_minmax',
[36m(TaskRunner pid=140930)[0m                                            'enable': False,
[36m(TaskRunner pid=140930)[0m                                            'group_size': 16,
[36m(TaskRunner pid=140930)[0m                                            'ignore_patterns': ['lm_head',
[36m(TaskRunner pid=140930)[0m                                                                'embed_tokens',
[36m(TaskRunner pid=140930)[0m                                                                're:.*mlp.gate$'],
[36m(TaskRunner pid=140930)[0m                                            'mode': 'w4a16',
[36m(TaskRunner pid=140930)[0m                                            'quantization_config_path': None},
[36m(TaskRunner pid=140930)[0m                                    'quantization': None,
[36m(TaskRunner pid=140930)[0m                                    'quantization_config_file': None,
[36m(TaskRunner pid=140930)[0m                                    'response_length': 4096,
[36m(TaskRunner pid=140930)[0m                                    'scheduling_policy': 'fcfs',
[36m(TaskRunner pid=140930)[0m                                    'skip_dump_dir': '/tmp/rollout_dump',
[36m(TaskRunner pid=140930)[0m                                    'skip_rollout': False,
[36m(TaskRunner pid=140930)[0m                                    'skip_tokenizer_init': True,
[36m(TaskRunner pid=140930)[0m                                    'temperature': 0.6,
[36m(TaskRunner pid=140930)[0m                                    'tensor_model_parallel_size': 4,
[36m(TaskRunner pid=140930)[0m                                    'top_k': 20,
[36m(TaskRunner pid=140930)[0m                                    'top_p': 0.95,
[36m(TaskRunner pid=140930)[0m                                    'trace': {'_target_': 'verl.workers.config.TraceConfig',
[36m(TaskRunner pid=140930)[0m                                              'backend': None,
[36m(TaskRunner pid=140930)[0m                                              'experiment_name': 'checkpoint_smoke_20260816_015019',
[36m(TaskRunner pid=140930)[0m                                              'max_samples_per_step_per_worker': None,
[36m(TaskRunner pid=140930)[0m                                              'project_name': 'tau2_expectation_step_rl',
[36m(TaskRunner pid=140930)[0m                                              'token2text': False},
[36m(TaskRunner pid=140930)[0m                                    'val_kwargs': {'_target_': 'verl.workers.config.SamplingConfig',
[36m(TaskRunner pid=140930)[0m                                                   'do_sample': False,
[36m(TaskRunner pid=140930)[0m                                                   'n': 1,
[36m(TaskRunner pid=140930)[0m                                                   'temperature': 0,
[36m(TaskRunner pid=140930)[0m                                                   'top_k': -1,
[36m(TaskRunner pid=140930)[0m                                                   'top_p': 1.0}}},
[36m(TaskRunner pid=140930)[0m  'algorithm': {'_target_': 'verl.trainer.config.AlgoConfig',
[36m(TaskRunner pid=140930)[0m                'adv_estimator': 'grpo',
[36m(TaskRunner pid=140930)[0m                'gamma': 1.0,
[36m(TaskRunner pid=140930)[0m                'kl_ctrl': {'_target_': 'verl.trainer.config.KLControlConfig',
[36m(TaskRunner pid=140930)[0m                            'horizon': 10000,
[36m(TaskRunner pid=140930)[0m                            'kl_coef': 0.001,
[36m(TaskRunner pid=140930)[0m                            'target_kl': 0.1,
[36m(TaskRunner pid=140930)[0m                            'type': 'fixed'},
[36m(TaskRunner pid=140930)[0m                'kl_penalty': 'kl',
[36m(TaskRunner pid=140930)[0m                'lam': 1.0,
[36m(TaskRunner pid=140930)[0m                'norm_adv_by_std_in_grpo': True,
[36m(TaskRunner pid=140930)[0m                'pf_ppo': {'reweight_method': 'pow', 'weight_pow': 2.0},
[36m(TaskRunner pid=140930)[0m                'rollout_correction': {'bypass_mode': False,
[36m(TaskRunner pid=140930)[0m                                       'loss_type': 'ppo_clip',
[36m(TaskRunner pid=140930)[0m                                       'rollout_is': None,
[36m(TaskRunner pid=140930)[0m                                       'rollout_is_batch_normalize': False,
[36m(TaskRunner pid=140930)[0m                                       'rollout_is_threshold': 2.0,
[36m(TaskRunner pid=140930)[0m                                       'rollout_rs': None,
[36m(TaskRunner pid=140930)[0m                                       'rollout_rs_threshold': None},
[36m(TaskRunner pid=140930)[0m                'use_kl_in_reward': False,
[36m(TaskRunner pid=140930)[0m                'use_pf_ppo': False},
[36m(TaskRunner pid=140930)[0m  'critic': {'_target_': 'verl.workers.config.FSDPCriticConfig',
[36m(TaskRunner pid=140930)[0m             'checkpoint': {'_target_': 'verl.trainer.config.CheckpointConfig',
[36m(TaskRunner pid=140930)[0m                            'async_save': False,
[36m(TaskRunner pid=140930)[0m                            'load_contents': ['model', 'optimizer', 'extra'],
[36m(TaskRunner pid=140930)[0m                            'mbridge_config': {},
[36m(TaskRunner pid=140930)[0m                            'save_contents': ['model', 'optimizer', 'extra']},
[36m(TaskRunner pid=140930)[0m             'cliprange_value': 0.5,
[36m(TaskRunner pid=140930)[0m             'data_loader_seed': 42,
[36m(TaskRunner pid=140930)[0m             'enable': None,
[36m(TaskRunner pid=140930)[0m             'forward_max_token_len_per_gpu': 32768,
[36m(TaskRunner pid=140930)[0m             'forward_micro_batch_size': None,
[36m(TaskRunner pid=140930)[0m             'forward_micro_batch_size_per_gpu': None,
[36m(TaskRunner pid=140930)[0m             'grad_clip': 1.0,
[36m(TaskRunner pid=140930)[0m             'loss_agg_mode': 'token-mean',
[36m(TaskRunner pid=140930)[0m             'model': {'_target_': 'verl.workers.config.FSDPCriticModelCfg',
[36m(TaskRunner pid=140930)[0m                       'enable_activation_offload': False,
[36m(TaskRunner pid=140930)[0m                       'enable_gradient_checkpointing': True,
[36m(TaskRunner pid=140930)[0m                       'external_lib': None,
[36m(TaskRunner pid=140930)[0m                       'fsdp_config': {'_target_': 'verl.workers.config.FSDPEngineConfig',
[36m(TaskRunner pid=140930)[0m                                       'dtype': 'bfloat16',
[36m(TaskRunner pid=140930)[0m                                       'entropy_checkpointing': False,
[36m(TaskRunner pid=140930)[0m                                       'entropy_from_logits_with_chunking': False,
[36m(TaskRunner pid=140930)[0m                                       'forward_only': False,
[36m(TaskRunner pid=140930)[0m                                       'forward_prefetch': False,
[36m(TaskRunner pid=140930)[0m                                       'fsdp_size': -1,
[36m(TaskRunner pid=140930)[0m                                       'full_determinism': False,
[36m(TaskRunner pid=140930)[0m                                       'model_dtype': 'fp32',
[36m(TaskRunner pid=140930)[0m                                       'offload_policy': False,
[36m(TaskRunner pid=140930)[0m                                       'optimizer_offload': False,
[36m(TaskRunner pid=140930)[0m                                       'param_offload': False,
[36m(TaskRunner pid=140930)[0m                                       'qat': {'_target_': 'verl.workers.config.QATEngineConfig',
[36m(TaskRunner pid=140930)[0m                                               'activation_observer': 'static_minmax',
[36m(TaskRunner pid=140930)[0m                                               'enable': False,
[36m(TaskRunner pid=140930)[0m                                               'group_size': 16,
[36m(TaskRunner pid=140930)[0m                                               'ignore_patterns': ['lm_head',
[36m(TaskRunner pid=140930)[0m                                                                   'embed_tokens',
[36m(TaskRunner pid=140930)[0m                                                                   're:.*mlp.gate$'],
[36m(TaskRunner pid=140930)[0m                                               'mode': 'w4a16',
[36m(TaskRunner pid=140930)[0m                                               'quantization_config_path': None},
[36m(TaskRunner pid=140930)[0m                                       'reshard_after_forward': True,
[36m(TaskRunner pid=140930)[0m                                       'seed': 42,
[36m(TaskRunner pid=140930)[0m                                       'strategy': 'fsdp',
[36m(TaskRunner pid=140930)[0m                                       'ulysses_sequence_parallel_size': 1,
[36m(TaskRunner pid=140930)[0m                                       'use_orig_params': False,
[36m(TaskRunner pid=140930)[0m                                       'use_torch_compile': True,
[36m(TaskRunner pid=140930)[0m                                       'wrap_policy': {'min_num_params': 0}},
[36m(TaskRunner pid=140930)[0m                       'lora_alpha': 16,
[36m(TaskRunner pid=140930)[0m                       'lora_rank': 0,
[36m(TaskRunner pid=140930)[0m                       'override_config': {},
[36m(TaskRunner pid=140930)[0m                       'path': '~/models/deepseek-llm-7b-chat',
[36m(TaskRunner pid=140930)[0m                       'target_modules': 'all-linear',
[36m(TaskRunner pid=140930)[0m                       'tiled_mlp': {'enabled': False, 'num_shards': 4},
[36m(TaskRunner pid=140930)[0m                       'tokenizer_path': '/data/oss_bucket_0/yanlin/tau2/models/Qwen3-32B',
[36m(TaskRunner pid=140930)[0m                       'trust_remote_code': False,
[36m(TaskRunner pid=140930)[0m                       'use_remove_padding': False,
[36m(TaskRunner pid=140930)[0m                       'use_shm': False},
[36m(TaskRunner pid=140930)[0m             'optim': {'_target_': 'verl.workers.config.FSDPOptimizerConfig',
[36m(TaskRunner pid=140930)[0m                       'betas': [0.9, 0.999],
[36m(TaskRunner pid=140930)[0m                       'clip_grad': 1.0,
[36m(TaskRunner pid=140930)[0m                       'lr': 1e-05,
[36m(TaskRunner pid=140930)[0m                       'lr_scheduler_type': 'constant',
[36m(TaskRunner pid=140930)[0m                       'lr_warmup_steps': -1,
[36m(TaskRunner pid=140930)[0m                       'lr_warmup_steps_ratio': 0.0,
[36m(TaskRunner pid=140930)[0m                       'min_lr_ratio': 0.0,
[36m(TaskRunner pid=140930)[0m                       'num_cycles': 0.5,
[36m(TaskRunner pid=140930)[0m                       'optimizer': 'AdamW',
[36m(TaskRunner pid=140930)[0m                       'optimizer_impl': 'torch.optim',
[36m(TaskRunner pid=140930)[0m                       'override_optimizer_config': None,
[36m(TaskRunner pid=140930)[0m                       'total_training_steps': -1,
[36m(TaskRunner pid=140930)[0m                       'warmup_style': None,
[36m(TaskRunner pid=140930)[0m                       'weight_decay': 0.01,
[36m(TaskRunner pid=140930)[0m                       'zero_indexed_step': True},
[36m(TaskRunner pid=140930)[0m             'ppo_epochs': 1,
[36m(TaskRunner pid=140930)[0m             'ppo_max_token_len_per_gpu': 32768,
[36m(TaskRunner pid=140930)[0m             'ppo_micro_batch_size': None,
[36m(TaskRunner pid=140930)[0m             'ppo_micro_batch_size_per_gpu': None,
[36m(TaskRunner pid=140930)[0m             'ppo_mini_batch_size': 1,
[36m(TaskRunner pid=140930)[0m             'profiler': {'_target_': 'verl.utils.profiler.ProfilerConfig',
[36m(TaskRunner pid=140930)[0m                          'all_ranks': False,
[36m(TaskRunner pid=140930)[0m                          'enable': False,
[36m(TaskRunner pid=140930)[0m                          'ranks': [],
[36m(TaskRunner pid=140930)[0m                          'save_path': 'outputs/profile',
[36m(TaskRunner pid=140930)[0m                          'tool': None,
[36m(TaskRunner pid=140930)[0m                          'tool_config': {'npu': {'_target_': 'verl.utils.profiler.config.NPUToolConfig',
[36m(TaskRunner pid=140930)[0m                                                  'analysis': True,
[36m(TaskRunner pid=140930)[0m                                                  'contents': [],
[36m(TaskRunner pid=140930)[0m                                                  'discrete': False,
[36m(TaskRunner pid=140930)[0m                                                  'level': 'level0'},
[36m(TaskRunner pid=140930)[0m                                          'nsys': {'_target_': 'verl.utils.profiler.config.NsightToolConfig',
[36m(TaskRunner pid=140930)[0m                                                   'discrete': False},
[36m(TaskRunner pid=140930)[0m                                          'torch': {'_target_': 'verl.utils.profiler.config.TorchProfilerToolConfig',
[36m(TaskRunner pid=140930)[0m                                                    'contents': [],
[36m(TaskRunner pid=140930)[0m                                                    'discrete': False},
[36m(TaskRunner pid=140930)[0m                                          'torch_memory': {'_target_': 'verl.utils.profiler.config.TorchMemoryToolConfig',
[36m(TaskRunner pid=140930)[0m                                                           'stack_depth': 32,
[36m(TaskRunner pid=140930)[0m                                                           'trace_alloc_max_entries': 100000}}},
[36m(TaskRunner pid=140930)[0m             'rollout_n': 4,
[36m(TaskRunner pid=140930)[0m             'shuffle': False,
[36m(TaskRunner pid=140930)[0m             'strategy': 'fsdp',
[36m(TaskRunner pid=140930)[0m             'ulysses_sequence_parallel_size': 1,
[36m(TaskRunner pid=140930)[0m             'use_dynamic_bsz': False},
[36m(TaskRunner pid=140930)[0m  'data': {'apply_chat_template_kwargs': {'enable_thinking': True},
[36m(TaskRunner pid=140930)[0m           'custom_cls': {'name': None, 'path': None},
[36m(TaskRunner pid=140930)[0m           'datagen': {'name': None, 'path': None},
[36m(TaskRunner pid=140930)[0m           'dataloader_num_workers': 0,
[36m(TaskRunner pid=140930)[0m           'filter_overlong_prompts': False,
[36m(TaskRunner pid=140930)[0m           'filter_overlong_prompts_workers': 1,
[36m(TaskRunner pid=140930)[0m           'image_key': 'images',
[36m(TaskRunner pid=140930)[0m           'image_patch_size': 14,
[36m(TaskRunner pid=140930)[0m           'max_prompt_length': 16384,
[36m(TaskRunner pid=140930)[0m           'max_response_length': 4096,
[36m(TaskRunner pid=140930)[0m           'prompt_key': 'prompt',
[36m(TaskRunner pid=140930)[0m           'return_full_prompt': False,
[36m(TaskRunner pid=140930)[0m           'return_multi_modal_inputs': True,
[36m(TaskRunner pid=140930)[0m           'return_raw_chat': True,
[36m(TaskRunner pid=140930)[0m           'return_raw_input_ids': False,
[36m(TaskRunner pid=140930)[0m           'reward_fn_key': 'data_source',
[36m(TaskRunner pid=140930)[0m           'sampler': {'class_name': None, 'class_path': None},
[36m(TaskRunner pid=140930)[0m           'seed': 42,
[36m(TaskRunner pid=140930)[0m           'shuffle': True,
[36m(TaskRunner pid=140930)[0m           'tokenizer': None,
[36m(TaskRunner pid=140930)[0m           'tool_config_path': None,
[36m(TaskRunner pid=140930)[0m           'train_batch_size': 2,
[36m(TaskRunner pid=140930)[0m           'train_files': '/home/liuyanlin.lyl/notebook/lyl/tau2-bench/project/expectation_step_rl/data/decisions_qwen3_32b_t06/train.jsonl',
[36m(TaskRunner pid=140930)[0m           'train_max_samples': 2,
[36m(TaskRunner pid=140930)[0m           'truncation': 'error',
[36m(TaskRunner pid=140930)[0m           'trust_remote_code': False,
[36m(TaskRunner pid=140930)[0m           'use_shm': False,
[36m(TaskRunner pid=140930)[0m           'val_batch_size': None,
[36m(TaskRunner pid=140930)[0m           'val_files': '/home/liuyanlin.lyl/notebook/lyl/tau2-bench/project/expectation_step_rl/data/decisions_qwen3_32b_t06/test.jsonl',
[36m(TaskRunner pid=140930)[0m           'val_max_samples': 2,
[36m(TaskRunner pid=140930)[0m           'validation_shuffle': False,
[36m(TaskRunner pid=140930)[0m           'video_key': 'videos'},
[36m(TaskRunner pid=140930)[0m  'global_profiler': {'_target_': 'verl.utils.profiler.ProfilerConfig',
[36m(TaskRunner pid=140930)[0m                      'global_tool_config': {'nsys': {'_target_': 'verl.utils.profiler.config.NsightToolConfig',
[36m(TaskRunner pid=140930)[0m                                                      'controller_nsight_options': {'cuda-graph-trace': 'graph',
[36m(TaskRunner pid=140930)[0m                                                                                    'cuda-memory-usage': 'true',
[36m(TaskRunner pid=140930)[0m                                                                                    'trace': 'cuda,nvtx,cublas,ucx'},
[36m(TaskRunner pid=140930)[0m                                                      'discrete': False,
[36m(TaskRunner pid=140930)[0m                                                      'worker_nsight_options': {'capture-range': 'cudaProfilerApi',
[36m(TaskRunner pid=140930)[0m                                                                                'capture-range-end': None,
[36m(TaskRunner pid=140930)[0m                                                                                'cuda-graph-trace': 'graph',
[36m(TaskRunner pid=140930)[0m                                                                                'cuda-memory-usage': 'true',
[36m(TaskRunner pid=140930)[0m                                                                                'kill': 'none',
[36m(TaskRunner pid=140930)[0m                                                                                'trace': 'cuda,nvtx,cublas,ucx'}},
[36m(TaskRunner pid=140930)[0m                                             'torch_memory': {'context': 'all',
[36m(TaskRunner pid=140930)[0m                                                              'kw_args': {},
[36m(TaskRunner pid=140930)[0m                                                              'stack_depth': 32,
[36m(TaskRunner pid=140930)[0m                                                              'stacks': 'all',
[36m(TaskRunner pid=140930)[0m                                                              'trace_alloc_max_entries': 100000}},
[36m(TaskRunner pid=140930)[0m                      'profile_continuous_steps': False,
[36m(TaskRunner pid=140930)[0m                      'save_path': 'outputs/profile',
[36m(TaskRunner pid=140930)[0m                      'steps': None,
[36m(TaskRunner pid=140930)[0m                      'tool': None},
[36m(TaskRunner pid=140930)[0m  'model_engine': 'dp',
[36m(TaskRunner pid=140930)[0m  'ray_kwargs': {'ray_init': {'num_cpus': None}, 'timeline_json_file': None},
[36m(TaskRunner pid=140930)[0m  'reward': {'custom_reward_function': {'name': 'compute_score', 'path': None},
[36m(TaskRunner pid=140930)[0m             'num_workers': 8,
[36m(TaskRunner pid=140930)[0m             'reward_manager': {'_target_': 'verl.workers.config.reward_model.RewardManagerConfig',
[36m(TaskRunner pid=140930)[0m                                'module': {'_target_': 'verl.trainer.config.config.ModuleConfig',
[36m(TaskRunner pid=140930)[0m                                           'name': 'custom_reward_manager',
[36m(TaskRunner pid=140930)[0m                                           'path': None},
[36m(TaskRunner pid=140930)[0m                                'name': 'naive',
[36m(TaskRunner pid=140930)[0m                                'source': 'register'},
[36m(TaskRunner pid=140930)[0m             'reward_model': {'enable': False,
[36m(TaskRunner pid=140930)[0m                              'enable_resource_pool': False,
[36m(TaskRunner pid=140930)[0m                              'model_path': None,
[36m(TaskRunner pid=140930)[0m                              'n_gpus_per_node': 8,
[36m(TaskRunner pid=140930)[0m                              'nnodes': 0,
[36m(TaskRunner pid=140930)[0m                              'rollout': {'_target_': 'verl.workers.config.RolloutConfig',
[36m(TaskRunner pid=140930)[0m                                          'cudagraph_capture_sizes': None,
[36m(TaskRunner pid=140930)[0m                                          'data_parallel_size': 1,
[36m(TaskRunner pid=140930)[0m                                          'disable_log_stats': True,
[36m(TaskRunner pid=140930)[0m                                          'dtype': 'bfloat16',
[36m(TaskRunner pid=140930)[0m                                          'enable_chunked_prefill': True,
[36m(TaskRunner pid=140930)[0m                                          'enable_prefix_caching': True,
[36m(TaskRunner pid=140930)[0m                                          'enforce_eager': True,
[36m(TaskRunner pid=140930)[0m                                          'engine_kwargs': {},
[36m(TaskRunner pid=140930)[0m                                          'expert_parallel_size': 1,
[36m(TaskRunner pid=140930)[0m                                          'free_cache_engine': True,
[36m(TaskRunner pid=140930)[0m                                          'gpu_memory_utilization': 0.5,
[36m(TaskRunner pid=140930)[0m                                          'limit_images': None,
[36m(TaskRunner pid=140930)[0m                                          'load_format': 'auto',
[36m(TaskRunner pid=140930)[0m                                          'max_model_len': None,
[36m(TaskRunner pid=140930)[0m                                          'max_num_batched_tokens': 8192,
[36m(TaskRunner pid=140930)[0m                                          'max_num_seqs': 1024,
[36m(TaskRunner pid=140930)[0m                                          'name': '???',
[36m(TaskRunner pid=140930)[0m                                          'prompt_length': 2048,
[36m(TaskRunner pid=140930)[0m                                          'response_length': 2048,
[36m(TaskRunner pid=140930)[0m                                          'skip_tokenizer_init': False,
[36m(TaskRunner pid=140930)[0m                                          'tensor_model_parallel_size': 2}},[36m(TaskRunner pid=140930)[0m Generating train split: 0 examples [00:00, ? examples/s]
[36m(TaskRunner pid=140930)[0m Generating train split: 259 examples [00:00, 1452.43 examples/s]
[36m(TaskRunner pid=140930)[0m Generating train split: 507 examples [00:00, 1591.75 examples/s]Generating train split: 507 examples [00:00, 1537.62 examples/s]
[36m(TaskRunner pid=140930)[0m Generating train split: 0 examples [00:00, ? examples/s]
[36m(TaskRunner pid=140930)[0m Generating train split: 274 examples [00:00, 1557.12 examples/s]Generating train split: 274 examples [00:00, 1515.05 examples/s]
[36m(TaskRunner pid=140930)[0m /home/liuyanlin.lyl/notebook/lyl/tau2-bench/project/expectation_step_rl/third_party/verl/verl/trainer/ppo/ray_trainer.py:286: UserWarning: Disabled critic as algorithm.adv_estimator != gae. If it is not intended, please set critic.enable=True
[36m(TaskRunner pid=140930)[0m   self.use_critic = need_critic(self.config)
[36m(pid=142434)[0m /home/liuyanlin.lyl/.venvs/expectation-step-rl/lib/python3.12/site-packages/torch/cuda/__init__.py:63: FutureWarning: The pynvml package is deprecated. Please install nvidia-ml-py instead. If you did not install pynvml directly, please report this to the maintainers of the package that installed pynvml for you.
[36m(pid=142434)[0m   import pynvml  # type: ignore[import]
[36m(WorkerDict pid=142434)[0m `torch_dtype` is deprecated! Use `dtype` instead!
[36m(WorkerDict pid=142434)[0m Flash Attention 2 only supports torch.float16 and torch.bfloat16 dtypes, but the current dype in Qwen3ForCausalLM is torch.float32. You should run training or inference using Automatic Mixed-Precision via the `with torch.autocast(device_type='torch_device'):` decorator, or load the model with the `dtype` argument. Example: `model = AutoModel.from_pretrained("openai/whisper-tiny", attn_implementation="flash_attention_2", dtype=torch.float16)`
[36m(pid=142433)[0m /home/liuyanlin.lyl/.venvs/expectation-step-rl/lib/python3.12/site-packages/torch/cuda/__init__.py:63: FutureWarning: The pynvml package is deprecated. Please install nvidia-ml-py instead. If you did not install pynvml directly, please report this to the maintainers of the package that installed pynvml for you.[32m [repeated 3x across cluster] (Ray deduplicates logs by default. Set RAY_DEDUP_LOGS=0 to disable log deduplication, or see https://docs.ray.io/en/master/ray-observability/user-guides/configure-logging.html#log-deduplication for more options.)[0m
[36m(pid=142433)[0m   import pynvml  # type: ignore[import][32m [repeated 3x across cluster][0m
[36m(WorkerDict pid=142434)[0m Loading checkpoint shards:   0%|          | 0/17 [00:00<?, ?it/s]
[36m(WorkerDict pid=142433)[0m Loading checkpoint shards:   6%|▌         | 1/17 [00:00<00:09,  1.68it/s]
[36m(WorkerDict pid=142433)[0m `torch_dtype` is deprecated! Use `dtype` instead![32m [repeated 3x across cluster][0m
[36m(WorkerDict pid=142433)[0m Flash Attention 2 only supports torch.float16 and torch.bfloat16 dtypes, but the current dype in Qwen3Model is torch.float32. You should run training or inference using Automatic Mixed-Precision via the `with torch.autocast(device_type='torch_device'):` decorator, or load the model with the `dtype` argument. Example: `model = AutoModel.from_pretrained("openai/whisper-tiny", attn_implementation="flash_attention_2", dtype=torch.float16)`[32m [repeated 7x across cluster][0m
[36m(WorkerDict pid=142433)[0m Loading checkpoint shards:   0%|          | 0/17 [00:00<?, ?it/s][32m [repeated 3x across cluster][0m
[36m(WorkerDict pid=142434)[0m Loading checkpoint shards:  29%|██▉       | 5/17 [00:05<00:13,  1.15s/it][32m [repeated 22x across cluster][0m
[36m(WorkerDict pid=142433)[0m Loading checkpoint shards:  94%|█████████▍| 16/17 [00:09<00:00,  1.65it/s]
[36m(WorkerDict pid=142433)[0m Loading checkpoint shards: 100%|██████████| 17/17 [00:10<00:00,  1.77it/s]Loading checkpoint shards: 100%|██████████| 17/17 [00:10<00:00,  1.67it/s]
[36m(WorkerDict pid=142436)[0m Loading checkpoint shards:  65%|██████▍   | 11/17 [00:10<00:05,  1.04it/s][32m [repeated 21x across cluster][0m
[36m(WorkerDict pid=142436)[0m Loading checkpoint shards:  94%|█████████▍| 16/17 [00:15<00:00,  1.14it/s]
[36m(WorkerDict pid=142436)[0m Loading checkpoint shards: 100%|██████████| 17/17 [00:15<00:00,  1.23it/s]Loading checkpoint shards: 100%|██████████| 17/17 [00:15<00:00,  1.08it/s]
[36m(WorkerDict pid=142434)[0m Loading checkpoint shards:  82%|████████▏ | 14/17 [00:16<00:03,  1.14s/it][32m [repeated 13x across cluster][0m

[36m(TaskRunner pid=140930)[0m             'sandbox_fusion': {'max_concurrent': 64,
[36m(TaskRunner pid=140930)[0m                                'memory_limit_mb': 1024,
[36m(TaskRunner pid=140930)[0m                                'url': None}},
[36m(TaskRunner pid=140930)[0m  'trainer': {'balance_batch': True,
[36m(TaskRunner pid=140930)[0m              'critic_warmup': 0,
[36m(TaskRunner pid=140930)[0m              'default_hdfs_dir': None,
[36m(TaskRunner pid=140930)[0m              'default_local_dir': '/data/oss_bucket_0/yanlin/tau2/expectation_step_rl/checkpoints/checkpoint_smoke_20260816_015019',
[36m(TaskRunner pid=140930)[0m              'del_local_ckpt_after_load': False,
[36m(TaskRunner pid=140930)[0m              'device': 'cuda',
[36m(TaskRunner pid=140930)[0m              'esi_redundant_time': 0,
[36m(TaskRunner pid=140930)[0m              'experiment_name': 'checkpoint_smoke_20260816_015019',
[36m(TaskRunner pid=140930)[0m              'log_val_generations': 0,
[36m(TaskRunner pid=140930)[0m              'logger': ['console', 'swanlab'],
[36m(TaskRunner pid=140930)[0m              'max_actor_ckpt_to_keep': None,
[36m(TaskRunner pid=140930)[0m              'max_critic_ckpt_to_keep': None,
[36m(TaskRunner pid=140930)[0m              'n_gpus_per_node': 4,
[36m(TaskRunner pid=140930)[0m              'nnodes': 1,
[36m(TaskRunner pid=140930)[0m              'project_name': 'tau2_expectation_step_rl',
[36m(TaskRunner pid=140930)[0m              'ray_wait_register_center_timeout': 300,
[36m(TaskRunner pid=140930)[0m              'resume_from_path': None,
[36m(TaskRunner pid=140930)[0m              'resume_mode': 'auto',
[36m(TaskRunner pid=140930)[0m              'rollout_data_dir': '/home/liuyanlin.lyl/notebook/lyl/tau2-bench/project/expectation_step_rl/outputs/checkpoint_smoke/rollouts',
[36m(TaskRunner pid=140930)[0m              'save_freq': 1,
[36m(TaskRunner pid=140930)[0m              'test_freq': 1,
[36m(TaskRunner pid=140930)[0m              'total_epochs': 1,
[36m(TaskRunner pid=140930)[0m              'total_training_steps': 1,
[36m(TaskRunner pid=140930)[0m              'use_legacy_worker_impl': 'disable',
[36m(TaskRunner pid=140930)[0m              'val_before_train': True,
[36m(TaskRunner pid=140930)[0m              'val_only': False,
[36m(TaskRunner pid=140930)[0m              'validation_data_dir': None},
[36m(TaskRunner pid=140930)[0m  'transfer_queue': {'enable': False}}
[36m(TaskRunner pid=140930)[0m Using new worker implementation
[36m(TaskRunner pid=140930)[0m [validate_config] All configuration checks passed successfully!
[36m(TaskRunner pid=140930)[0m Using dataset class: RLHFDataset
[36m(TaskRunner pid=140930)[0m dataset len: 507
[36m(TaskRunner pid=140930)[0m selected 2 random samples out of 507
[36m(TaskRunner pid=140930)[0m Using dataset class: RLHFDataset
[36m(TaskRunner pid=140930)[0m dataset len: 274
[36m(TaskRunner pid=140930)[0m selected 2 random samples out of 274
[36m(TaskRunner pid=140930)[0m Size of train dataloader: 1, Size of val dataloader: 1
[36m(TaskRunner pid=140930)[0m Total training steps: 1
[36m(TaskRunner pid=140930)[0m colocated worker base class <class 'verl.single_controller.base.worker.Worker'>
[36m(WorkerDict pid=142434)[0m [Gloo] Rank 1 is connected to 3 peer ranks. Expected number of connected peer ranks is : 3
[36m(WorkerDict pid=142433)[0m Monkey patch _flash_attention_forward in transformers.integrations.flash_attention
[36m(WorkerDict pid=142433)[0m Skipping monkey patch for Qwen3ForCausalLM as use_fused_kernels is False or fused_kernels_backend is torch
[36m(WorkerDict pid=142435)[0m [Gloo] Rank 2 is connected to 3 peer ranks. Expected number of connected peer ranks is : 3[32m [repeated 3x across cluster][0m
[36m(WorkerDict pid=142436)[0m Monkey patch _flash_attention_forward in transformers.integrations.flash_attention
[36m(WorkerDict pid=142436)[0m Skipping monkey patch for Qwen3ForCausalLM as use_fused_kernels is False or fused_kernels_backend is torch
[36m(WorkerDict pid=142434)[0m Monkey patch _flash_attention_forward in transformers.integrations.flash_attention
[36m(WorkerDict pid=142434)[0m Skipping monkey patch for Qwen3ForCausalLM as use_fused_kernels is False or fused_kernels_backend is torch
[36m(WorkerDict pid=142433)[0m PeftModelForCausalLM contains 33.03B parameters
[36m(WorkerDict pid=142433)[0m Before FSDP, memory allocated (GB): 0.00, memory reserved (GB): 0.00, device memory used/total (GB): 0.32/95.07
[36m(WorkerDict pid=142433)[0m notebook-56ece9efd1a0-worker-0:142433:143624 [0] NCCL INFO Bootstrap: Using eth0:11.24.227.166<0>
[36m(WorkerDict pid=142433)[0m notebook-56ece9efd1a0-worker-0:142433:143624 [0] NCCL INFO cudaDriverVersion 13000
[36m(WorkerDict pid=142433)[0m notebook-56ece9efd1a0-worker-0:142433:143624 [0] NCCL INFO NCCL version 2.27.3+cuda12.9
[36m(WorkerDict pid=142433)[0m notebook-56ece9efd1a0-worker-0:142433:143624 [0] NCCL INFO Comm config Blocking set to 1
[36m(WorkerDict pid=142433)[0m notebook-56ece9efd1a0-worker-0:142433:144627 [0] NCCL INFO NET/Plugin: Could not find: libnccl-net-none.so. 
[36m(WorkerDict pid=142433)[0m notebook-56ece9efd1a0-worker-0:142433:144627 [0] NCCL INFO NET/IB : No device found.
[36m(WorkerDict pid=142433)[0m notebook-56ece9efd1a0-worker-0:142433:144627 [0] NCCL INFO NET/IB : Using [RO]; OOB eth0:11.24.227.166<0>
[36m(WorkerDict pid=142433)[0m notebook-56ece9efd1a0-worker-0:142433:144627 [0] NCCL INFO NET/Socket : Using [0]eth0:11.24.227.166<0> [1]veth1:11.24.227.166<0>
[36m(WorkerDict pid=142433)[0m notebook-56ece9efd1a0-worker-0:142433:144627 [0] NCCL INFO Initialized NET plugin Socket
[36m(WorkerDict pid=142433)[0m notebook-56ece9efd1a0-worker-0:142433:144627 [0] NCCL INFO Assigned NET plugin Socket to comm
[36m(WorkerDict pid=142433)[0m notebook-56ece9efd1a0-worker-0:142433:144627 [0] NCCL INFO Using network Socket
[36m(WorkerDict pid=142433)[0m notebook-56ece9efd1a0-worker-0:142433:144627 [0] NCCL INFO ncclCommInitRankConfig comm 0x7f234afb0560 rank 0 nranks 4 cudaDev 0 nvmlDev 1 busId 7e000 commId 0xb1c062510aa75bc6 - Init START
[36m(WorkerDict pid=142433)[0m notebook-56ece9efd1a0-worker-0:142433:144627 [0] NCCL INFO RAS client listening socket at 127.0.0.1<28028>
[36m(WorkerDict pid=142433)[0m notebook-56ece9efd1a0-worker-0:142433:144627 [0] NCCL INFO Bootstrap timings total 0.066522 (create 0.000029, send 0.000127, recv 0.065470, ring 0.000090, delay 0.000000)
[36m(WorkerDict pid=142433)[0m notebook-56ece9efd1a0-worker-0:142433:144627 [0] NCCL INFO MNNVL busId 0x7e000 fabric UUID 0.0 cliqueId 0x0 state 3 healthMask 0x0
[36m(WorkerDict pid=142433)[0m notebook-56ece9efd1a0-worker-0:142433:144627 [0] NCCL INFO Setting affinity for GPU 1 to 0-47,96-143
[36m(WorkerDict pid=142433)[0m notebook-56ece9efd1a0-worker-0:142433:144627 [0] NCCL INFO NVLS multicast support is available on dev 0 (NVLS_NCHANNELS 16)
[36m(WorkerDict pid=142433)[0m notebook-56ece9efd1a0-worker-0:142433:144627 [0] NCCL INFO comm 0x7f234afb0560 rank 0 nRanks 4 nNodes 1 localRanks 4 localRank 0 MNNVL 0
[36m(WorkerDict pid=142433)[0m notebook-56ece9efd1a0-worker-0:142433:144627 [0] NCCL INFO Channel 00/24 : 0 1 2 3
[36m(WorkerDict pid=142433)[0m notebook-56ece9efd1a0-worker-0:142433:144627 [0] NCCL INFO Channel 01/24 : 0 1 2 3
[36m(WorkerDict pid=142433)[0m notebook-56ece9efd1a0-worker-0:142433:144627 [0] NCCL INFO Channel 02/24 : 0 1 2 3
[36m(WorkerDict pid=142433)[0m notebook-56ece9efd1a0-worker-0:142433:144627 [0] NCCL INFO Channel 03/24 : 0 1 2 3
[36m(WorkerDict pid=142433)[0m notebook-56ece9efd1a0-worker-0:142433:144627 [0] NCCL INFO Channel 04/24 : 0 1 2 3
[36m(WorkerDict pid=142433)[0m notebook-56ece9efd1a0-worker-0:142433:144627 [0] NCCL INFO Channel 05/24 : 0 1 2 3
[36m(WorkerDict pid=142433)[0m notebook-56ece9efd1a0-worker-0:142433:144627 [0] NCCL INFO Channel 06/24 : 0 1 2 3
[36m(WorkerDict pid=142433)[0m notebook-56ece9efd1a0-worker-0:142433:144627 [0] NCCL INFO Channel 07/24 : 0 1 2 3
[36m(WorkerDict pid=142433)[0m notebook-56ece9efd1a0-worker-0:142433:144627 [0] NCCL INFO Channel 08/24 : 0 1 2 3[36m(WorkerDict pid=142434)[0m /home/liuyanlin.lyl/.venvs/expectation-step-rl/lib/python3.12/site-packages/torch/distributed/fsdp/fully_sharded_data_parallel.py:678: FutureWarning: FSDP.state_dict_type() and FSDP.set_state_dict_type() are being deprecated. Please use APIs, get_state_dict() and set_state_dict(), which can support different parallelisms, FSDP1, FSDP2, DDP. API doc: https://pytorch.org/docs/stable/distributed.checkpoint.html#torch.distributed.checkpoint.state_dict.get_state_dict .Tutorial: https://pytorch.org/tutorials/recipes/distributed_checkpoint_recipe.html .
[36m(WorkerDict pid=142434)[0m   warnings.warn(
[36m(WorkerDict pid=142435)[0m Loading checkpoint shards:  94%|█████████▍| 16/17 [00:18<00:01,  1.10s/it][32m [repeated 2x across cluster][0m
[36m(WorkerDict pid=142435)[0m Loading checkpoint shards: 100%|██████████| 17/17 [00:19<00:00,  1.08s/it]Loading checkpoint shards: 100%|██████████| 17/17 [00:19<00:00,  1.15s/it][32m [repeated 2x across cluster][0m
[36m(WorkerDict pid=142435)[0m Loading checkpoint shards:  88%|████████▊ | 15/17 [00:17<00:02,  1.09s/it][32m [repeated 3x across cluster][0m

[36m(WorkerDict pid=142433)[0m notebook-56ece9efd1a0-worker-0:142433:144627 [0] NCCL INFO Channel 09/24 : 0 1 2 3
[36m(WorkerDict pid=142433)[0m notebook-56ece9efd1a0-worker-0:142433:144627 [0] NCCL INFO Channel 10/24 : 0 1 2 3
[36m(WorkerDict pid=142433)[0m notebook-56ece9efd1a0-worker-0:142433:144627 [0] NCCL INFO Channel 11/24 : 0 1 2 3
[36m(WorkerDict pid=142433)[0m notebook-56ece9efd1a0-worker-0:142433:144627 [0] NCCL INFO Channel 12/24 : 0 1 2 3
[36m(WorkerDict pid=142433)[0m notebook-56ece9efd1a0-worker-0:142433:144627 [0] NCCL INFO Channel 13/24 : 0 1 2 3
[36m(WorkerDict pid=142433)[0m notebook-56ece9efd1a0-worker-0:142433:144627 [0] NCCL INFO Channel 14/24 : 0 1 2 3
[36m(WorkerDict pid=142433)[0m notebook-56ece9efd1a0-worker-0:142433:144627 [0] NCCL INFO Channel 15/24 : 0 1 2 3
[36m(WorkerDict pid=142433)[0m notebook-56ece9efd1a0-worker-0:142433:144627 [0] NCCL INFO Channel 16/24 : 0 1 2 3
[36m(WorkerDict pid=142433)[0m notebook-56ece9efd1a0-worker-0:142433:144627 [0] NCCL INFO Channel 17/24 : 0 1 2 3
[36m(WorkerDict pid=142433)[0m notebook-56ece9efd1a0-worker-0:142433:144627 [0] NCCL INFO Channel 18/24 : 0 1 2 3
[36m(WorkerDict pid=142433)[0m notebook-56ece9efd1a0-worker-0:142433:144627 [0] NCCL INFO Channel 19/24 : 0 1 2 3
[36m(WorkerDict pid=142433)[0m notebook-56ece9efd1a0-worker-0:142433:144627 [0] NCCL INFO Channel 20/24 : 0 1 2 3
[36m(WorkerDict pid=142433)[0m notebook-56ece9efd1a0-worker-0:142433:144627 [0] NCCL INFO Channel 21/24 : 0 1 2 3
[36m(WorkerDict pid=142433)[0m notebook-56ece9efd1a0-worker-0:142433:144627 [0] NCCL INFO Channel 22/24 : 0 1 2 3
[36m(WorkerDict pid=142433)[0m notebook-56ece9efd1a0-worker-0:142433:144627 [0] NCCL INFO Channel 23/24 : 0 1 2 3
[36m(WorkerDict pid=142433)[0m notebook-56ece9efd1a0-worker-0:142433:144627 [0] NCCL INFO Trees [0] 1/-1/-1->0->-1 [1] 1/-1/-
[36m(WorkerDict pid=142434)[0m notebook-56ece9efd1a0-worker-0:142434:144628 [0] NCCL INFO P2P Chunksize set to 524288
[36m(WorkerDict pid=142434)[0m notebook-56ece9efd1a0-worker-0:142434:144628 [0] NCCL INFO PROFILER/Plugin: Could not find: libnccl-profiler.so. 
[36m(WorkerDict pid=142434)[0m notebook-56ece9efd1a0-worker-0:142434:144664 [0] NCCL INFO [Proxy Service UDS] Device 0 CPU core 4
[36m(WorkerDict pid=142434)[0m notebook-56ece9efd1a0-worker-0:142434:144661 [0] NCCL INFO [Proxy Service] Device 0 CPU core 3
[36m(WorkerDict pid=142434)[0m notebook-56ece9efd1a0-worker-0:142434:144628 [0] NCCL INFO threadThresholds 8/8/64 | 32/8/64 | 512 | 512
[36m(WorkerDict pid=142434)[0m notebook-56ece9efd1a0-worker-0:142434:144628 [0] NCCL INFO 24 coll channels, 24 collnet channels, 16 nvls channels, 32 p2p channels, 32 p2p channels per peer
[36m(WorkerDict pid=142434)[0m notebook-56ece9efd1a0-worker-0:142434:144628 [0] NCCL INFO TUNER/Plugin: Could not find: libnccl-tuner.so. Using internal tuner plugin.
[36m(WorkerDict pid=142434)[0m notebook-56ece9efd1a0-worker-0:142434:144628 [0] NCCL INFO ncclCommInitRankConfig comm 0x7f23ed8f92d0 rank 1 nranks 4 cudaDev 0 nvmlDev 2 busId a2000 commId 0xb1c062510aa75bc6 - Init COMPLETE
[36m(WorkerDict pid=142434)[0m notebook-56ece9efd1a0-worker-0:142434:144628 [0] NCCL INFO Init timings - ncclCommInitRankConfig: rank 1 nranks 4 total 1.98 (kernels 0.67, alloc 1.03, bootstrap 0.00, allgathers 0.00, topo 0.03, graphs 0.01, connections 0.18, rest 0.05)
[36m(WorkerDict pid=142434)[0m notebook-56ece9efd1a0-worker-0:142434:144671 [0] NCCL INFO Channel 00/0 : 1[2] -> 2[3] via P2P/CUMEM
[36m(WorkerDict pid=142434)[0m notebook-56ece9efd1a0-worker-0:142434:144671 [0] NCCL INFO Channel 01/0 : 1[2] -> 2[3] via P2P/CUMEM
[36m(WorkerDict pid=142434)[0m notebook-56ece9efd1a0-worker-0:142434:144671 [0] NCCL INFO Channel 02/0 : 1[2] -> 2[3] via P2P/CUMEM
[36m(WorkerDict pid=142434)[0m notebook-56ece9efd1a0-worker-0:142434:144671 [0]
[36m(WorkerDict pid=142436)[0m notebook-56ece9
[36m(WorkerDict pid=142433)[0m 1->0->-1 [2] 1/-1/-1->0->-1 [3] 1/-1/-1->0->-1 [4] 1/-1/-1->0->-1 [5] 1/-1/-1->0->-1 [6] 1/-1/-1->0->-1 [7] 1/-1/-1->0->-1 [8] 1/-1/-1->0->-1 [9] 1/-1/-1->0->-1 [10] 1/-1/-1->0->-1 [11] 1/-1/-1->0->-1 [12] 1/-1/-1->0->-1 [13] 1/-1/-1->0->-1 [14] 1/-1/-1->0->-1 [15] 1/-1/-1->0->-1 [16] 1/-1/-1->0->-1 [17] 1/-1/-1->0->-1 [18] 1/-1/-1->0->-1 [19] 1/-1/-1->0->-1 [20] 1/-1/-1->0->-1 [21] 1/-1/-1->0->-1 [22] 1/-1/-1->0->-1 [23] 1/-1/-1->0->-1
[36m(WorkerDict pid=142433)[0m notebook-56ece9efd1a0-worker-0:142433:144627 [0] NCCL INFO Check P2P Type isAllDirectP2p 1 directMode 0
[36m(WorkerDict pid=142433)[0m notebook-56ece9efd1a0-worker-0:142433:144627 [0] NCCL INFO CC Off, workFifoBytes 1048576
[36m(WorkerDict pid=142433)[0m notebook-56ece9e
[36m(WorkerDict pid=142435)[0m notebook-56ece9efd1a0-worker-0:142435:144669
[36m(WorkerDict pid=142433)[0m After FSDP, memory allocated (GB): 30.82, memory reserved (GB): 50.79, device memory used/total (GB): 51.96/95.07
[36m(WorkerDict pid=142435)[0m Monkey patch _flash_attention_forward in transformers.integrations.flash_attention
[36m(WorkerDict pid=142435)[0m Skipping monkey patch for Qwen3ForCausalLM as use_fused_kernels is False or fused_kernels_backend is torch
[36m(WorkerDict pid=142435)[0m notebook-56ece9efd1a0-worker-0:142435:143623 [0] NCCL INFO Bootstrap: Using eth0:11.24.227.166<0>[32m [repeated 3x across cluster][0m
[36m(WorkerDict pid=142435)[0m notebook-56ece9efd1a0-worker-0:142435:143623 [0] NCCL INFO cudaDriverVersion 13000[32m [repeated 3x across cluster][0m
[36m(WorkerDict pid=142435)[0m notebook-56ece9efd1a0-worker-0:142435:143623 [0] NCCL INFO NCCL version 2.27.3+cuda12.9[32m [repeated 3x across cluster][0m
[36m(WorkerDict pid=142435)[0m notebook-56ece9efd1a0-worker-0:142435:143623 [0] NCCL INFO Comm config Blocking set to 1[32m [repeated 3x across cluster][0m
[36m(WorkerDict pid=142435)[0m notebook-56ece9efd1a0-worker-0:142435:144630 [0] NCCL INFO NET/Plugin: Could not find: libnccl-net-none.so. [32m [repeated 3x across cluster][0m
[36m(WorkerDict pid=142435)[0m notebook-56ece9efd1a0-worker-0:142435:144630 [0] NCCL INFO NET/IB : No device found.[32m [repeated 3x across cluster][0m
[36m(WorkerDict pid=142435)[0m notebook-56ece9efd1a0-worker-0:142435:144630 [0] NCCL INFO NET/IB : Using [RO]; OOB eth0:11.24.227.166<0>[32m [repeated 3x across cluster][0m
[36m(WorkerDict pid=142435)[0m notebook-56ece9efd1a0-worker-0:142435:144630 [0] NCCL INFO NET/Socket : Using [0]eth0:11.24.227.166<0> [1]veth1:11.24.227.166<0>[32m [repeated 3x across cluster][0m
[36m(WorkerDict pid=142435)[0m notebook-56ece9efd1a0-worker-0:142435:144630 [0] NCCL INFO Initialized NET plugin Socket[32m [repeated 3x across cluster][0m
[36m(WorkerDict pid=142435)[0m notebook-56ece9efd1a0-worker-0:142435:144630 [0] NCCL INFO Assigned NET plugin Socket to comm[32m [repeated 3x across cluster][0m
[36m(WorkerDict pid=142435)[0m notebook-56ece9efd1a0-worker-0:142435:144630 [0] NCCL INFO Using network Socket[32m [repeated 3x across cluster][0m
[36m(WorkerDict pid=142435)[0m notebook-56ece9efd1a0-worker-0:142435:144630 [0] NCCL INFO ncclCommInitRankConfig comm 0x7f1d409e1d30 rank 2 nranks 4 cudaDev 0 nvmlDev 3 busId c6000 commId 0xb1c062510aa75bc6 - Init START[32m [repeated 3x across cluster][0m
[36m(WorkerDict pid=142435)[0m notebook-56ece9efd1a0-worker-0:142435:144630 [0] NCCL INFO RAS client listening socket at 127.0.0.1<28028>[32m [repeated 3x across cluster][0m
[36m(WorkerDict pid=142435)[0m notebook-56ece9efd1a0-worker-0:142435:144630 [0] NCCL INFO Bootstrap timings total 0.062022 (create 0.000024, send 0.000115, recv 0.000200, ring 0.000336, delay 0.000000)[32m [repeated 3x across cluster][0m
[36m(WorkerDict pid=142435)[0m notebook-56ece9efd1a0-worker-0:142435:144630 [0] NCCL INFO MNNVL busId 0xc6000 fabric UUID 0.0 cliqueId 0x0 state 3 healthMask 0x0[32m [repeated 3x across cluster][0m
[36m(WorkerDict pid=142435)[0m notebook-56ece9efd1a0-worker-0:142435:144630 [0] NCCL INFO Setting affinity for GPU 3 to 0-47,96-143[32m [repeated 3x across cluster][0m
[36m(WorkerDict pid=142435)[0m notebook-56ece9efd1a0-worker-0:142435:144630 [0] NCCL INFO NVLS multicast support is available on dev 0 (NVLS_NCHANNELS 16)[32m [repeated 3x across cluster][0m[36m(WorkerDict pid=142434)[0m WARNING:2026-08-16 01:53:40,950:Setting the sleep level to 1 may cause a memory overflow.
[36m(WorkerDict pid=142433)[0m /home/liuyanlin.lyl/.venvs/expectation-step-rl/lib/python3.12/site-packages/torch/distributed/fsdp/fully_sharded_data_parallel.py:678: FutureWarning: FSDP.state_dict_type() and FSDP.set_state_dict_type() are being deprecated. Please use APIs, get_state_dict() and set_state_dict(), which can support different parallelisms, FSDP1, FSDP2, DDP. API doc: https://pytorch.org/docs/stable/distributed.checkpoint.html#torch.distributed.checkpoint.state_dict.get_state_dict .Tutorial: https://pytorch.org/tutorials/recipes/distributed_checkpoint_recipe.html .[32m [repeated 3x across cluster][0m
[36m(WorkerDict pid=142433)[0m   warnings.warn([32m [repeated 3x across cluster][0m
[36m(pid=146200)[0m /home/liuyanlin.lyl/.venvs/expectation-step-rl/lib/python3.12/site-packages/torch/cuda/__init__.py:63: FutureWarning: The pynvml package is deprecated. Please install nvidia-ml-py instead. If you did not install pynvml directly, please report this to the maintainers of the package that installed pynvml for you.
[36m(pid=146200)[0m   import pynvml  # type: ignore[import]
[36m(WorkerDict pid=142433)[0m WARNING:2026-08-16 01:53:40,950:Setting the sleep level to 1 may cause a memory overflow.[32m [repeated 3x across cluster][0m
[36m(vLLMHttpServer pid=146226)[0m WARNING:2026-08-16 01:54:09,909:agent loop only support torch and npu profiler, got None
[36m(vLLMHttpServer pid=146226)[0m INFO:2026-08-16 01:54:09,909:vLLMHttpServer, replica_rank: 0, node_rank: 0, CUDA_VISIBLE_DEVICES: 1,2,3,4, master_address: 11.24.227.166, master_port: 40395, data_parallel_rpc_port: 39201, data_parallel_master_port: 43657
[36m(vLLMHttpServer pid=146226)[0m INFO:2026-08-16 01:54:09,914:override_generation_config: {'temperature': 0.6, 'top_k': 20, 'top_p': 0.95, 'repetition_penalty': 1.0, 'max_new_tokens': 4096}
[36m(vLLMHttpServer pid=146226)[0m INFO:2026-08-16 01:54:09,915:enable_sleep_mode: True
[36m(pid=146197)[0m /home/liuyanlin.lyl/.venvs/expectation-step-rl/lib/python3.12/site-packages/torch/cuda/__init__.py:63: FutureWarning: The pynvml package is deprecated. Please install nvidia-ml-py instead. If you did not install pynvml directly, please report this to the maintainers of the package that installed pynvml for you.[32m [repeated 8x across cluster][0m
[36m(pid=146197)[0m   import pynvml  # type: ignore[import][32m [repeated 8x across cluster][0m
[36m(vLLMHttpServer pid=146226)[0m `torch_dtype` is deprecated! Use `dtype` instead!
[36m(vLLMHttpServer pid=146226)[0m /home/liuyanlin.lyl/.venvs/expectation-step-rl/lib/python3.12/site-packages/torch/cuda/__init__.py:63: FutureWarning: The pynvml package is deprecated. Please install nvidia-ml-py instead. If you did not install pynvml directly, please report this to the maintainers of the package that installed pynvml for you.[32m [repeated 5x across cluster][0m
[36m(vLLMHttpServer pid=146226)[0m   import pynvml  # type: ignore[import][32m [repeated 5x across cluster][0m
[36m(vLLMHttpServer pid=146226)[0m W0816 01:54:49.333000 148228 torch/utils/cpp_extension.py:2425] TORCH_CUDA_ARCH_LIST is not set, all archs for visible cards are included for compilation. 
[36m(vLLMHttpServer pid=146226)[0m W0816 01:54:49.333000 148228 torch/utils/cpp_extension.py:2425] If this is not desired, please set os.environ['TORCH_CUDA_ARCH_LIST'] to specific architectures.
[36m(vLLMHttpServer pid=146226)[0m W0816 01:54:49.334000 148229 torch/utils/cpp_extension.py:2425] TORCH_CUDA_ARCH_LIST is not set, all archs for visible cards are included for compilation. 
[36m(vLLMHttpServer pid=146226)[0m W0816 01:54:49.334000 148229 torch/utils/cpp_extension.py:2425] If this is not desired, please set os.environ['TORCH_CUDA_ARCH_LIST'] to specific architectures.
[36m(vLLMHttpServer pid=146226)[0m W0816 01:54:49.333000 148227 torch/utils/cpp_extension.py:2425] TORCH_CUDA_ARCH_LIST is not set, all archs for visible cards are included for compilation. 
[36m(vLLMHttpServer pid=146226)[0m W0816 01:54:49.333000 148227 torch/utils/cpp_extension.py:2425] If this is not desired, please set os.environ['TORCH_CUDA_ARCH_LIST'] to specific architectures.
[36m(vLLMHttpServer pid=146226)[0m W0816 01:54:49.333000 148226 torch/utils/cpp_extension.py:2425] TORCH_CUDA_ARCH_LIST is not set, all archs for visible cards are included for compilation. 
[36m(vLLMHttpServer pid=146226)[0m W0816 01:54:49.333000 148226 torch/utils/cpp_extension.py:2425] If this is not desired, please set os.environ['TORCH_CUDA_ARCH_LIST'] to specific architectures.

[36m(WorkerDict pid=142435)[0m notebook-56ece9efd1a0-worker-0:142435:144630 [0] NCCL INFO comm 0x7f1d409e1d30 rank 2 nRanks 4 nNodes 1 localRanks 4 localRank 2 MNNVL 0[32m [repeated 3x across cluster][0m
[36m(WorkerDict pid=142435)[0m notebook-56ece9efd1a0-worker-0:142435:144630 [0] NCCL INFO Trees [0] 3/-1/-1->2->1 [1] 3/-1/-1->2->1 [2] 3/-1/-1->2->1 [3] 3/-1/-1->2->1 [4] 3/-1/-1->2->1 [5] 3/-1/-1->2->1 [6] 3/-1/-1->2->1 [7] 3/-1/-1->2->1 [8] 3/-1/-1->2->1 [9] 3/-1/-1->2->1 [10] 3/-1/-1->2->1 [11] 3/-1/-1->2->1 [12] 3/-1/-1->2->1 [13] 3/-1/-1->2->1 [14] 3/-1/-1->2->1 [15] 3/-1/-1->2->1 [16] 3/-1/-1->2->1 [17] 3/-1/-1->2->1 [18] 3/-1/-1->2->1 [19] 3/-1/-1->2->1 [20] 3/-1/-1->2->1 [21] 3/-1/-1->2->1 [22] 3/-1/-1->2->1 [23] 3/-1/-1->2->1[32m [repeated 3x across cluster][0m
[36m(WorkerDict pid=142435)[0m notebook-56ece9efd1a0-worker-0:142435:144630 [0] NCCL INFO P2P Chunksize set to 524288[32m [repeated 3x across cluster][0m
[36m(WorkerDict pid=142435)[0m notebook-56ece9efd1a0-worker-0:142435:144630 [0] NCCL INFO PROFILER/Plugin: Could not find: libnccl-profiler.so. [32m [repeated 3x across cluster][0m
[36m(WorkerDict pid=142435)[0m notebook-56ece9efd1a0-worker-0:142435:144665 [0] NCCL INFO [Proxy Service UDS] Device 0 CPU core 143[32m [repeated 3x across cluster][0m
[36m(WorkerDict pid=142435)[0m notebook-56ece9efd1a0-worker-0:142435:144660 [0] NCCL INFO [Proxy Service] Device 0 CPU core 142[32m [repeated 3x across cluster][0m
[36m(WorkerDict pid=142435)[0m notebook-56ece9efd1a0-worker-0:142435:144630 [0] NCCL INFO threadThresholds 8/8/64 | 32/8/64 | 512 | 512[32m [repeated 3x across cluster][0m
[36m(WorkerDict pid=142435)[0m notebook-56ece9efd1a0-worker-0:142435:144630 [0] NCCL INFO 24 coll channels, 24 collnet channels, 16 nvls channels, 32 p2p channels, 32 p2p channels per peer[32m [repeated 3x across cluster][0m
[36m(WorkerDict pid=142435)[0m notebook-56ece9efd1a0-worker-0:142435:144630 [0] NCCL INFO TUNER/Plugin: Could not find: libnccl-tuner.so. Using internal tuner plugin.[32m [repeated 3x across cluster][0m
[36m(WorkerDict pid=142435)[0m notebook-56ece9efd1a0-worker-0:142435:144630 [0] NCCL INFO ncclCommInitRankConfig comm 0x7f1d409e1d30 rank 2 nranks 4 cudaDev 0 nvmlDev 3 busId c6000 commId 0xb1c062510aa75bc6 - Init COMPLETE[32m [repeated 3x across cluster][0m
[36m(WorkerDict pid=142435)[0m notebook-56ece9efd1a0-worker-0:142435:144630 [0] NCCL INFO Init timings - ncclCommInitRankConfig: rank 2 nranks 4 total 1.98 (kernels 0.21, alloc 1.43, bootstrap 0.06, allgathers 0.01, topo 0.03, graphs 0.01, connections 0.18, rest 0.05)[32m [repeated 3x across cluster][0m
[36m(WorkerDict pid=142435)[0m notebook-56ece9efd1a0-worker-0:142435:144669 [0] NCCL INFO Channel 02/0 : 2[3] -> 3[4] via P2P/CUMEM[32m [repeated 28x across cluster][0m
[36m(WorkerDict pid=142433)[0m Total steps: 1, num_warmup_steps: 0
[36m(WorkerDict pid=142436)[0m notebook-56ece9efd1a0-worker-0:142436:144670 [0] NCCL INFO Connected all rings, use ring PXN 0 GDR 1
[36m(WorkerDict pid=142436)[0m [Gloo] Rank 0 is connected to 0 peer ranks. Expected number of connected peer ranks is : 0
[36m(WorkerDict pid=142436)[0m notebook-56ece9efd1a0-worker-0:142436:144670 [0] NCCL INFO Channel 23/0 : 3[4] -> 0[1] via P2P/CUMEM[32m [repeated 21x across cluster][0m
[36m(TaskRunner pid=140930)[0m WARNING 08-16 01:53:41 [api_server.py:1213] LoRA dynamic loading & unloading is enabled in the API server. This should ONLY be used for local development!
[36m(WorkerDict pid=142433)[0m notebook-56ece9efd1a0-worker-0:142433:144668 [0] NCCL INFO Connected all rings, use ring PXN 0 GDR 1[32m [repeated 3x across cluster][0m
[36m(WorkerDict pid=142435)[0m [Gloo] Rank 0 is connected to 0 peer ranks. Expected number of connected peer ranks is : 0[32m [repeated 11x across cluster][0m
[36m(WorkerDict pid=142433)[0m notebook-56ece9efd1a0-worker-0:142433:144668 [0] NCCL INFO Channel 23/0 : 0[1] -> 1[2] via P2P/CUMEM[32m [repeated 44x across cluster][0m
[36m(pid=146226)[0m WARNING 08-16 01:54:08 [api_server.py:1213] LoRA dynamic loading & unloading is enabled in the API server. This should ONLY be used for local development!
[36m(vLLMHttpServer pid=146226)[0m ['serve',
[36m(vLLMHttpServer pid=146226)[0m  '/data/oss_bucket_0/yanlin/tau2/models/Qwen3-32B',
[36m(vLLMHttpServer pid=146226)[0m  '--dtype',
[36m(vLLMHttpServer pid=146226)[0m  'bfloat16',
[36m(vLLMHttpServer pid=146226)[0m  '--load_format',
[36m(vLLMHttpServer pid=146226)[0m  'safetensors',
[36m(vLLMHttpServer pid=146226)[0m  '--distributed_executor_backend',
[36m(vLLMHttpServer pid=146226)[0m  'mp',
[36m(vLLMHttpServer pid=146226)[0m  '--worker_extension_cls',
[36m(vLLMHttpServer pid=146226)[0m  'verl.workers.rollout.vllm_rollout.utils.vLLMColocateWorkerExtension',
[36m(vLLMHttpServer pid=146226)[0m  '--max_model_len',
[36m(vLLMHttpServer pid=146226)[0m  '40960',
[36m(vLLMHttpServer pid=146226)[0m  '--max_num_seqs',
[36m(vLLMHttpServer pid=146226)[0m  '1024',
[36m(vLLMHttpServer pid=146226)[0m  '--enable_chunked_prefill',
[36m(vLLMHttpServer pid=146226)[0m  '--max_num_batched_tokens',
[36m(vLLMHttpServer pid=146226)[0m  '8192',
[36m(vLLMHttpServer pid=146226)[0m  '--enable_prefix_caching',
[36m(vLLMHttpServer pid=146226)[0m  '--enable_sleep_mode',
[36m(vLLMHttpServer pid=146226)[0m  '--logprobs_mode',
[36m(vLLMHttpServer pid=146226)[0m  'processed_logprobs',
[36m(vLLMHttpServer pid=146226)[0m  '--enforce_eager',
[36m(vLLMHttpServer pid=146226)[0m  '--gpu_memory_utilization',
[36m(vLLMHttpServer pid=146226)[0m  '0.3',
[36m(vLLMHttpServer pid=146226)[0m  '--disable_log_stats',
[36m(vLLMHttpServer pid=146226)[0m  '--tensor_parallel_size',
[36m(vLLMHttpServer pid=146226)[0m  '4',
[36m(vLLMHttpServer pid=146226)[0m  '--seed',
[36m(vLLMHttpServer pid=146226)[0m  '0',
[36m(vLLMHttpServer pid=146226)[0m  '--override_generation_config',
[36m(vLLMHttpServer pid=146226)[0m  '{"temperature": 0.6, "top_k": 20, "top_p": 0.95, "repetition_penalty": 1.0, '
[36m(vLLMHttpServer pid=146226)[0m  '"max_new_tokens": 4096}',
[36m(vLLMHttpServer pid=146226)[0m  '--hf_overrides',
[36m(vLLMHttpServer pid=146226)[0m  '{}',
[36m(vLLMHttpServer pid=146226)[0m  '--scheduling_policy',
[36m(vLLMHttpServer pid=146226)[0m  'fcfs',
[36m(vLLMHttpServer pid=146226)[0m  '--compilation_config',
[36m(vLLMHttpServer pid=146226)[0m  '{"cudagraph_mode": "FULL_AND_PIECEWISE"}',
[36m(vLLMHttpServer pid=146226)[0m  '--enable_lora',
[36m(vLLMHttpServer pid=146226)[0m  '--max_loras',
[36m(vLLMHttpServer pid=146226)[0m  '1',
[36m(vLLMHttpServer pid=146226)[0m  '--max_lora_rank',
[36m(vLLMHttpServer pid=146226)[0m  '32']
[36m(vLLMHttpServer pid=146226)[0m WARNING 08-16 01:54:10 [lora.py:92] `lora_extra_vocab_size` is deprecated and will be removed in v0.12.0. Additional vocabulary support for LoRA adapters is being phased out.
[36m(vLLMHttpServer pid=146226)[0m WARNING 08-16 01:54:11 [__init__.py:3036] We must use the `spawn` multiprocessing start method. Overriding VLLM_WORKER_MULTIPROC_METHOD to 'spawn'. See https://docs.vllm.ai/en/latest/usage/troubleshooting.html#python-multiprocessing for more information. Reasons: In a Ray actor and can only be spawned; CUDA is initialized
[36m(vLLMHttpServer pid=146226)[0m [Gloo] Rank 1 is connected to 3 peer ranks. Expected number of connected peer ranks is : 3
[36m(vLLMHttpServer pid=146226)[0m [Gloo] Rank 2 is connected to 3 peer ranks. Expected number of connected peer ranks is : 3
[36m(vLLMHttpServer pid=146226)[0m [Gloo] Rank 0 is connected to 3 peer ranks. Expected number of connected peer ranks is : 3
[36m(vLLMHttpServer pid=146226)[0m [Gloo] Rank 3 is connected to 3 peer ranks. Expected number of connected peer ranks is : 3
[36m(vLLMHttpServer pid=146226)[0m [Gloo] Rank 0 is connected to 3 peer ranks. Expected number of connected peer ranks is : 3
[36m(vLLMHttpServer pid=146226)[0m [Gloo] Rank 2 is connected to 3 peer ranks. Expected number of connected peer ranks is : 3
[36m(vLLMHttpServer pid=146226)[0m [Gloo] Rank 1 is connected to 3 peer ranks. Expected number of connected peer ranks is : 3
[36m(vLLMHttpServer pid=146226)[0m [Gloo] Rank 3 is connected to 3 peer ranks. Expected number of connected peer ranks is : 3
[36m(vLLMHttpServer pid=146226)[0m notebook-56ece9efd1a0-worker-0:148226:148226 [0] NCCL INFO Bootstrap: Using eth0:11.24.227.166<0>
[36m(vLLMHttpServer pid=146226)[0m notebook-56ece9efd1a0-worker-0:148226:148226 [0] NCCL INFO cudaDriverVersion 13000
[36m(vLLMHttpServer pid=146226)[0m notebook-56ece9efd1a0-worker-0:148226:148226 [0] NCCL INFO NCCL version 2.27.3+cuda12.9
[36m(vLLMHttpServer pid=146226)[0m notebook-56ece9efd1a0-worker-0:148226:148226 [0] NCCL INFO NET/Plugin: Could not find: libnccl-net-none.so. 
[36m(vLLMHttpServer pid=146226)[0m notebook-56ece9efd1a0-worker-0:148226:148226 [0] NCCL INFO NET/IB : No device found.
[36m(vLLMHttpServer pid=146226)[0m notebook-56ece9efd1a0-worker-0:148226:148226 [0] NCCL INFO NET/IB : Using [RO]; OOB eth0:11.24.227.166<0>
[36m(vLLMHttpServer pid=146226)[0m notebook-56ece9efd1a0-worker-0:148226:148226 [0] NCCL INFO NET/Socket : Using [0]eth0:11.24.227.166<0> [1]veth1:11.24.227.166<0>
[36m(vLLMHttpServer pid=146226)[0m notebook-56ece9efd1a0-worker-0:148226:148226 [0] NCCL INFO Initialized NET plugin Socket
[36m(vLLMHttpServer pid=146226)[0m notebook-56ece9efd1a0-worker-0:148226:148226 [0] NCCL INFO Assigned NET plugin Socket to comm
[36m(vLLMHttpServer pid=146226)[0m notebook-56ece9efd1a0-worker-0:148226:148226 [0] NCCL INFO Using network Socket
[36m(vLLMHttpServer pid=146226)[0m notebook-56ece9efd1a0-worker-0:148226:148226 [0] NCCL INFO ncclCommInitRank comm 0x10d101f0 rank 0 nranks 4 cudaDev 0 nvmlDev 1 busId 7e000 commId 0x5fd0e22e691e11d1 - Init START
[36m(vLLMHttpServer pid=146226)[0m notebook-56ece9efd1a0-worker-0:148226:148226 [0] NCCL INFO RAS client listening socket at 127.0.0.1<28028>
[36m(vLLMHttpServer pid=146226)[0m notebook-56ece9efd1a0-worker-0:148226:148226 [0] NCCL INFO Bootstrap timings total 0.000706 (create 0.000019, send 0.000104, recv 0.000242, ring 0.000060, delay 0.000000)
[36m(vLLMHttpServer pid=146226)[0m notebook-56ece9efd1a0-worker-0:148226:148226 [0] NCCL INFO NCCL_CUMEM_ENABLE set by environment to 0.
[36m(vLLMHttpServer pid=146226)[0m notebook-56ece9efd1a0-worker-0:148226:148226 [0] NCCL INFO MNNVL busId 0x7e000 fabric UUID 0.0 cliqueId 0x0 state 3 healthMask 0x0
[36m(vLLMHttpServer pid=146226)[0m notebook-56ece9efd1a0-worker-0:148226:148226 [0] NCCL INFO Setting affinity for GPU 1 to 0-47,96-143
[36m(vLLMHttpServer pid=146226)[0m notebook-56ece9efd1a0-worker-0:148226:148226 [0] NCCL INFO NVLS multicast support is available on dev 0 (NVLS_NCHANNELS 16)
[36m(vLLMHttpServer pid=146226)[0m notebook-56ece9efd1a0-worker-0:148226:148226 [0] NCCL INFO comm 0x10d101f0 rank 0 nRanks 4 nNodes 1 localRanks 4 localRank 0 MNNVL 0
[36m(vLLMHttpServer pid=146226)[0m notebook-56ece9efd1a0-worker-0:148226:148226 [0] NCCL INFO Channel 00/24 : 0 1 2 3
[36m(vLLMHttpServer pid=146226)[0m notebook-56ece9efd1a0-worker-0:148226:148226 [0] NCCL INFO Channel 01/24 : 0 1 2 3
[36m(vLLMHttpServer pid=146226)[0m notebook-56ece9efd1a0-worker-0:148226:148226 [0] NCCL INFO Channel 02/24 : 0 1 2 3
[36m(vLLMHttpServer pid=146226)[0m notebook-56ece9efd1a0-worker-0:148226:148226 [0] NCCL INFO Channel 03/24 : 0 1 2 3
[36m(vLLMHttpServer pid=146226)[0m notebook-56ece9efd1a0-worker-0:148226:148226 [0] NCCL INFO Channel 04/24 : 0 1 2 3
[36m(vLLMHttpServer pid=146226)[0m notebook-56ece9efd1a0-worker-0:148226:148226 [0] NCCL INFO Channel 05/24 : 0 1 2 3
[36m(vLLMHttpServer pid=146226)[0m notebook-56ece9efd1a0-worker-0:148226:148226 [0] NCCL INFO Channel 06/24 : 0 1 2 3
[36m(vLLMHttpServer pid=146226)[0m notebook-56ece9efd1a0-worker-0:148226:148226 [0] NCCL INFO Channel 07/24 : 0 1 2 3
[36m(vLLMHttpServer pid=146226)[0m notebook-56ece9efd1a0-worker-0:148226:148226 [0] NCCL INFO Channel 08/24 : 0 1 2 3
[36m(vLLMHttpServer pid=146226)[0m notebook-56ece9efd1a0-worker-0:148226:148226 [0] NCCL INFO Channel 09/24 : 0 1 2 3
[36m(vLLMHttpServer pid=146226)[0m notebook-56ece9efd1a0-worker-0:148226:148226 [0] NCCL INFO Channel 10/24 : 0 1 2 3
[36m(vLLMHttpServer pid=146226)[0m notebook-56ece9efd1a0-worker-0:148226:148226 [0] NCCL INFO Channel 11/24 : 0 1 2 3
[36m(vLLMHttpServer pid=146226)[0m notebook-56ece9efd1a0-worker-0:148226:148226 [0] NCCL INFO Channel 12/24 : 0 1 2 3
[36m(vLLMHttpServer pid=146226)[0m notebook-56ece9efd1a0-worker-0:148226:148226 [0] NCCL INFO Channel 13/24 : 0 1 2 3
[36m(vLLMHttpServer pid=146226)[0m notebook-56ece9efd1a0-worker-0:148226:148226 [0] NCCL INFO Channel 14/24 : 0 1 2 3
[36m(vLLMHttpServer pid=146226)[0m notebook-56ece9efd1a0-worker-0:148226:148226 [0] NCCL INFO Channel 15/24 : 0 1 2 3
[36m(vLLMHttpServer pid=146226)[0m notebook-56ece9efd1a0-worker-0:148226:148226 [0] NCCL INFO Channel 16/24 : 0 1 2 3
[36m(vLLMHttpServer pid=146226)[0m notebook-56ece9efd1a0-worker-0:148226:148226 [0] NCCL INFO Channel 17/24 : 0 1 2 3
[36m(vLLMHttpServer pid=146226)[0m notebook-56ece9efd1a0-worker-0:148226:148226 [0] NCCL INFO Channel 18/24 : 0 1 2 3
[36m(vLLMHttpServer pid=146226)[0m notebook-56ece9efd1a0-worker-0:148226:148226 [0] NCCL INFO Channel 19/24 : 0 1 2 3
[36m(vLLMHttpServer pid=146226)[0m notebook-56ece9efd1a0-worker-0:148226:148226 [0] NCCL INFO Channel 20/24 : 0 1 2 3
[36m(vLLMHttpServer pid=146226)[0m notebook-56ece9efd1a0-worker-0:148226:148226 [0] NCCL INFO Channel 21/24 : 0 1 2 3
[36m(vLLMHttpServer pid=146226)[0m notebook-56ece9efd1a0-worker-0:148226:148226 [0] NCCL INFO Channel 22/24 : 0 1 2 3
[36m(vLLMHttpServer pid=146226)[0m notebook-56ece9efd1a0-worker-0:148226:148226 [0] NCCL INFO Channel 23/24 : 0 1 2 3
[36m(vLLMHttpServer pid=146226)[0m notebook-56ece9efd1a0-worker-0:148226:148226 [0] NCCL INFO Trees [0] 1/-1/-1->0->-1 [1] 1/-1/-1
[36m(vLLMHttpServer pid=146226)[0m notebook-56ece9efd1a0-worker-0:148228:148228 [2] NCCL INFO cudaDriverVersion 13000
[36m(vLLMHttpServer pid=146226)[0m notebook-56ece9efd1a0-worker-0:148228:148228 [2] NCCL INFO Bootstrap: Using eth0:11.24.227.166<0>
[36m(vLLMHttpServer pid=146226)[0m notebook-56ece9efd1a0-worker-0:148228:148228 [2] NCCL INFO NCCL version 2.27.3+cuda12.9
[36m(vLLMHttpServer pid=146226)[0m notebook-56ece9efd1a0-worker-0:148228:148228 [2] NCCL INFO NET/Plugin: Could not find: libnccl-net-none.so. 
[36m(vLLMHttpServer pid=146226)[0m notebook-56ece9efd1a0-worker-0:148228:148228 [2] NCCL INFO NET/IB : No device found.
[36m(vLLMHttpServer pid=146226)[0m notebook-56ece9efd1a0-worker-0:148228:148228 [2] NCCL INFO NET/IB : Using [RO]; OOB eth0:11.24.227.166<0>
[36m(vLLMHttpServer pid=146226)[0m notebook-56ece9efd1a0-worker-0:148228:148228 [2] NCCL INFO NET/Socket : Using [0]eth0:11.24.227.166<0> [1]veth1:11.24.227.166<0>
[36m(vLLMHttpServer pid=146226)[0m notebook-56ece9efd1a0-worker-0:148228:148228 [2] NCCL INFO Initialized NET plugin Socket
[36m(vLLMHttpServer pid=146226)[0m notebook-56ece9efd1a0-worker-0:148228:148228 [2] NCCL INFO Assigned NET plugin Socket to comm
[36m(vLLMHttpServer pid=146226)[0m notebook-56ece9efd1a0-worker-0:148228:148228 [2] NCCL INFO Using network Socket
[36m(vLLMHttpServer pid=146226)[0m notebook-56ece9efd1a0-worker-0:148228:148228 [2] NCCL INFO ncclCommInitRank comm 0x10d10e70 rank 2 nranks 4 cudaDev 2 nvmlDev 3 busId c6000 commId 0x5fd0e22e691e11d1 - Init START
[36m(vLLMHttpServer pid=146226)[0m notebook-56ece9efd1a0-worker-0:148228:148228 [2] NCCL INFO RAS client listening socket at 127.0.0.1<28028>
[36m(vLLMHttpServer pid=146226)[0m notebook-56ece9efd1a0-worker-0:148228:148228 [2] NCCL INFO Bootstrap timings total 0.000842 (create 0.000021, send 0.000109, recv 0.000218, ring 0.000186, delay 0.000000)
[36m(vLLMHttpServer pid=146226)[0m notebook-56ece9efd1a0-worker-0:148228:148228 [2] NCCL INFO NCCL_CUMEM_ENABLE set by environment to 0.
[36m(vLLMHttpServer pid=146226)[0m notebook-56ece9efd1a0-worker-0:148228:148228 [2] NCCL INFO MNNVL busId 0xc6000 fabric UUID 0.0 cliqueId 0x0 state 3 healthMask 0x0
[36m(vLLMHttpServer pid=146226)[0m notebook-56ece9efd1a0-worker-0:148228:148228 [2] NCCL INFO Setting affinity for GPU 3 to 0-47,96-143
[36m(vLLMHttpServer pid=146226)[0m notebook-56ece9efd1a0-worker-0:148228:148228 [2] NCCL INFO NVLS multicast support is available on dev 2 (NVLS_NCHANNELS 16)
[36m(vLLMHttpServer pid=146226)[0m notebook-56ece9efd1a0-worker-0:148228:148228 [2] NCCL INFO comm 0x10d10e70 rank 2 nRanks 4 nNodes 1 localRanks 4 localRank 2 MNNVL 0
[36m(vLLMHttpServer pid=146226)[0m notebook-56ece9efd1a0-worker-0:148228:148228 [2] NCCL INFO Trees [0] 3/-1/-1->2->1 [1] 3/-1/-1->2->1 [2] 3/-1/-1->2->1 [3] 3/-1/-1->2->1 [4] 3/-1/-1->2->1 [5] 3/-1/-1->2->1 [6] 3/-1/-1->2->1 [7] 3/-1/-1->2->1 [8] 3/-1/-1->2->1 [9] 3/-1/-1->2->1 [10] 3/-1/-1->2->1 [11] 3/-1/-1->2->1 [12] 3/-1/-1->2->1 [13] 3/-1/-1->2->1 [14] 3/-1/-1->2->1 [15] 3/-1/-1->2->1 [16] 3/-1/-1->2->1 [17] 3/-1/-1->2->1 [18] 3/-1/-1->2->1 [19] 3/-1/-1->2->1 [20] 3/-1/-1->2->1 [21] 3/-1/-1->2->1 [22] 3/-1/-1->2->1 [23] 3/-1/-1->2->1
[36m(vLLMHttpServer pid=146226)[0m notebook-56ece9efd1a0-worker-0:148228:148228 [2] NCCL INFO P2P Chunksize set to 524288
[36m(vLLMHttpServer pid=146226)[0m notebook-56ece9efd1a0-worker-0:148228:148228 [2] NCCL INFO PROFILER/Plugin: Could not find: libnccl-profiler.so. 
[36m(vLLMHttpServer pid=146226)[0m notebook-56ece9efd1a0-worker-0:148228:149631 [2] NCCL INFO [Proxy Service] Device 2 CPU core 103
[36m(vLLMHttpServer pid=146226)[0m notebook-56ece9efd1a0-worker-0:148228:149632 [2] NCCL INFO [Proxy Service UDS] Device 2 CPU core 104
[36m(vLLMHttpServer pid=146226)[0m notebook-56ece9efd1a0-worker-0:148228:148228 [2] NCCL INFO Channel 00/0 : 2[3] -> 3[4] via P2P/IPC
[36m(vLLMHttpServer pid=146226)[0m notebook-56ece9efd1a0-worker-0:148228:148228 [2] NCCL INFO Channel 01/0 : 2[3] -> 3[4] via P2P/IPC
[36m(vLLMHttpServer pid=146226)[0m notebook-56ece9efd1a0-worker-0:148228:148228 [2] NCCL INFO Channel 02/0 : 2[3] -> 3[4] via P2P/IPC
[36m(vLLMHttpServer pid=146226)[0m notebook-56ece9efd1a0-worker-0:148228:148228 [2] NCCL INFO Channel 03/0 : 2[3] -> 3[4] via P2P/IPC
[36m(vLLMHttpServer pid=146226)[0m notebook-56ece9efd1a0-worker-0:148228:148228 [2] NCCL INFO Channel 04/0 : 2[3] -> 3[4] via P2P/IPC
[36m(vLLMHttpServer pid=146226)[0m notebook-56ece9efd1a0-worker-0:148228:148228 [2] NCCL INFO Channel 05/0 : 2[3] -> 3[4] via P2P/IPC
[36m(vLLMHttpServer pid=146226)[0m notebook-56ece9efd1a0-worker-0:148228:148228 [2] NCCL INFO Channel 06/0 : 2[3] -> 3[4] via P2P/IPC
[36m(vLLMHttpServer pid=146226)[0m notebook-56ece9efd1a0-worker-0:148228:148228 [2] NCCL INFO Channel 07/0 : 2[3] -> 3[4] via P2P/IPC
[36m(vLLMHttpServer pid=146226)[0m notebook-56ece9efd1a0-worker-0:148228:148228 [2] NCCL INFO Channel 08/0 : 2[3] -> 3[4] via P2P/IPC
[36m(vLLMHttpServer pid=146226)[0m notebook-56ece9efd1a0-worker-0:148228:148228 [2] NCCL INFO Channel 09/0 : 2[3] -> 3[4] via P2P/IPC
[36m(vLLMHttpServer pid=146226)[0m notebook-56ece9efd1a0-worker-0:148228:148228 [2] NCCL INFO Channel 10/0 : 2[3] -> 3[4] via P2P/IPC
[36m(vLLMHttpServer pid=146226)[0m notebook-56ece9efd1a0-worker-0:148228:148228 [2] NCCL INFO Channel 11/0 : 2[3] -> 3[4] vnotebook-56ece9efd1a0-worker-0:148229:148229 [3] NCCL INFO cudaDriverVersion 13000
[36m(vLLMHttpServer pid=146226)[0m notebook-56ece9efd1a0-worker-0:148229:148229 [3] NCCL INFO Bootstrap: Using eth0:11.24.227.166<0>
[36m(vLLMHttpServer pid=146226)[0m notebook-56ece9efd1a0-worker-0:148229:148229 [3] NCCL INFO NCCL version 2.27.3+cuda12.9
[36m(vLLMHttpServer pid=146226)[0m notebook-56ece9efd1a0-worker-0:148229:148229 [3] NCCL INFO NET/Plugin: Could not find: libnccl-net-none.so. 
[36m(vLLMHttpServer pid=146226)[0m notebook-56ece9efd1a0-worker-0:148229:148229 [3] NCCL INFO NET/IB : No device found.
[36m(vLLMHttpServer pid=146226)[0m notebook-56ece9efd1a0-worker-0:148229:148229 [3] NCCL INFO NET/IB : Using [RO]; OOB eth0:11.24.227.166<0>
[36m(vLLMHttpServer pid=146226)[0m notebook-56ece9efd1a0-worker-0:148229:148229 [3] NCCL INFO NET/Socket : Using [0]eth0:11.24.227.166<0> [1]veth1:11.24.227.166<0>
[36m(vLLMHttpServer pid=146226)[0m notebook-56ece9efd1a0-worker-0:148229:148229 [3] NCCL INFO Initialized NET plugin Socket
[36m(vLLMHttpServer pid=146226)[0m notebook-56ece9efd1a0-worker-0:148229:148229 [3] NCCL INFO Assigned NET plugin Socket to comm
[36m(vLLMHttpServer pid=146226)[0m notebook-56ece9efd1a0-worker-0:148229:148229 [3] NCCL INFO Using network Socket
[36m(vLLMHttpServer pid=146226)[0m notebook-56ece9efd1a0-worker-0:148229:148229 [3] NCCL INFO ncclCommInitRank comm 0x10d30470 rank 3 nranks 4 cudaDev 3 nvmlDev 4 busId 109000 commId 0x5fd0e22e691e11d1 - Init START
[36m(vLLMHttpServer pid=146226)[0m notebook-56ece9efd1a0-worker-0:148229:148229 [3] NCCL INFO RAS client listening socket at 127.0.0.1<28028>
[36m(vLLMHttpServer pid=146226)[0m notebook-56ece9efd1a0-worker-0:148229:148229 [3] NCCL INFO Bootstrap timings total 0.000934 (create 0.000026, send 0.000126, recv 0.000368, ring 0.000136, delay 0.000000)
[36m(vLLMHttpServer pid=146226)[0m notebook-56ece9efd1a0-worker-0:148229:148229 [3] NCCL INFO NCCL_CUMEM_ENABLE set by environment to 0.
[36m(vLLMHttpServer pid=146226)[0m notebook-56ece9efd1a0-worker-0:148229:148229 [3] NCCL INFO MNNVL busId 0x109000 fabric UUID 0.0 cliqueId 0x0 state 3 healthMask 0x0
[36m(vLLMHttpServer pid=146226)[0m notebook-56ece9efd1a0-worker-0:148229:148229 [3] NCCL INFO Setting affinity for GPU 4 to 48-91,144-187
[36m(vLLMHttpServer pid=146226)[0m notebook-56ece9efd1a0-worker-0:148229:148229 [3] NCCL INFO NVLS multicast support is available on dev 3 (NVLS_NCHANNELS 16)
[36m(vLLMHttpServer pid=146226)[0m notebook-56ece9efd1a0-worker-0:148229:148229 [3] NCCL INFO comm 0x10d30470 rank 3 nRanks 4 nNodes 1 localRanks 4 localRank 3 MNNVL 0
[36m(vLLMHttpServer pid=146226)[0m notebook-56ece9efd1a0-worker-0:148229:148229 [3] NCCL INFO Trees [0] -1/-1/-1->3->2 [1] -1/-1/-1->3->2 [2] -1/-1/-1->3->2 [3] -1/-1/-1->3->2 [4] -1/-1/-1->3->2 [5] -1/-1/-1->3->2 [6] -1/-1/-1->3->2 [7] -1/-1/-1->3->2 [8] -1/-1/-1->3->2 [9] -1/-1/-1->3->2 [10] -1/-1/-1->3->2 [11] -1/-1/-1->3->2 [12] -1/-1/-1->3->2 [13] -1/-1/-1->3->2 [14] -1/-1/-1->3->2 [15] -1/-1/-1->3->2 [16] -1/-1/-1->3->2 [17] -1/-1/-1->3->2 [18] -1/-1/-1->3->2 [19] -1/-1/-1->3->2 [20] -1/-1/-1->3->2 [21] -1/-1/-1->3->2 [22] -1/-1/-1->3->2 [23] -1/-1/-1->3->2
[36m(vLLMHttpServer pid=146226)[0m notebook-56ece9efd1a0-worker-0:148229:148229 [3] NCCL INFO P2P Chunksize set to 524288
[36m(vLLMHttpServer pid=146226)[0m notebook-56ece9efd1a0-worker-0:148229:148229 [3] NCCL INFO PROFILER/Plugin: Could not find: libnccl-profiler.so. 
[36m(vLLMHttpServer pid=146226)[0m notebook-56ece9efd1a0-worker-0:148229:149633 [3] NCCL INFO [Proxy Service] Device 3 CPU core 145
[36m(vLLMHttpServer pid=146226)[0m notebook-56ece9efd1a0-worker-0:148229:149636 [3] NCCL INFO [Proxy Service UDS] Device 3 CPU core 146
[36m(vLLMHttpServer pid=146226)[0m notebook-56ece9efd1a0-worker-0:148229:148229 [3] NCCL INFO Channel 00/0 : 3[4] -> 0[1] via P2P/IPC
[36m(vLLMHttpServer pid=146226)[0m notebook-56ece9efd1a0-worker-0:148229:148229 [3] NCCL INFO Channel 01/0 : 3[4] -> 0[1] via P2P/IPC
[36m(vLLMHttpServer pid=146226)[0m notebook-56ece9efd1a0-worker-0:148229:148229 [3] NCCL INFO Channel 02/0 : 3[4] -> 0[1] via P2P/IPC
[36m(vLLMHttpServer pid=146226)[0m notebook-56ece9efd1a0-worker-0:148229:148229 [3] NCCL INFO Channel 03/0 : 3[4] -> 0[1] via P2P/IPC
[36m(vLLMHttpServer pid=146226)[0m notebook-56ece9efd1a0-worker-0:148229:148229 [3] NCCL INFO Channel 04/0 : 3[4] -> 0[1] via P2P/IPC
[36m(vLLMHttpServer pid=146226)[0m notebook-56ece9efd1a0-worker-0:148229:148229 [3] NCCL INFO Channel 05/0 : 3[4] -> 0[1] via P2P/IPC
[36m(vLLMHttpServer pid=146226)[0m notebook-56ece9efd1a0-worker-0:148229:148229 [3] NCCL INFO Channel 06/0 : 3[4] -> 0[1] via P2P/IPC
[36m(vLLMHttpServer pid=146226)[0m notebook-56ece9efd1a0-worker-0:148229:148229 [3] NCCL INFO Channel 07/0 : 3[4] -> 0[1] via P2P/IPC
[36m(vLLMHttpServer pid=146226)[0m notebook-56ece9efd1a0-worker-0:148229:148229 [3] NCCL INFO Channel 08/0 : 3[4] -> 0[1] via P2P/IPC
[36m(vLLMHttpServer pid=146226)[0m notebook-56ece9efd1a0-worker-0:148229:148229 [3] NCCL INFO Channel 09/0 : 3[4] -> 0[1] via P2P/IPC
[36m(vLLMHttpServer pid=146226)[0m notebook-56ece9efd1a0-worker-0:148229:148229 [3] NCCL INFO Channel 10/0 : 3[4] -> 0[1] via P2P/IPC
[36m(vLLMHttpServer pid=146226)[0m notebook-56ece9efd1a0-worker-0:148229:148229 [3] NCCL INFO Cnotebook-56ece9efd1a0-worker-0:148227:148227 [1] NCCL INFO cudaDriverVersion 13000
[36m(vLLMHttpServer pid=146226)[0m notebook-56ece9efd1a0-worker-0:148227:148227 [1] NCCL INFO Bootstrap: Using eth0:11.24.227.166<0>
[36m(vLLMHttpServer pid=146226)[0m notebook-56ece9efd1a0-worker-0:148227:148227 [1] NCCL INFO NCCL version 2.27.3+cuda12.9
[36m(vLLMHttpServer pid=146226)[0m notebook-56ece9efd1a0-worker-0:148227:148227 [1] NCCL INFO NET/Plugin: Could not find: libnccl-net-none.so. 
[36m(vLLMHttpServer pid=146226)[0m notebook-56ece9efd1a0-worker-0:148227:148227 [1] NCCL INFO NET/IB : No device found.
[36m(vLLMHttpServer pid=146226)[0m notebook-56ece9efd1a0-worker-0:148227:148227 [1] NCCL INFO NET/IB : Using [RO]; OOB eth0:11.24.227.166<0>
[36m(vLLMHttpServer pid=146226)[0m notebook-56ece9efd1a0-worker-0:148227:148227 [1] NCCL INFO NET/Socket : Using [0]eth0:11.24.227.166<0> [1]veth1:11.24.227.166<0>
[36m(vLLMHttpServer pid=146226)[0m notebook-56ece9efd1a0-worker-0:148227:148227 [1] NCCL INFO Initialized NET plugin Socket
[36m(vLLMHttpServer pid=146226)[0m notebook-56ece9efd1a0-worker-0:148227:148227 [1] NCCL INFO Assigned NET plugin Socket to comm
[36m(vLLMHttpServer pid=146226)[0m notebook-56ece9efd1a0-worker-0:148227:148227 [1] NCCL INFO Using network Socket
[36m(vLLMHttpServer pid=146226)[0m notebook-56ece9efd1a0-worker-0:148227:148227 [1] NCCL INFO ncclCommInitRank comm 0x10d0faf0 rank 1 nranks 4 cudaDev 1 nvmlDev 2 busId a2000 commId 0x5fd0e22e691e11d1 - Init START
[36m(vLLMHttpServer pid=146226)[0m notebook-56ece9efd1a0-worker-0:148227:148227 [1] NCCL INFO RAS client listening socket at 127.0.0.1<28028>
[36m(vLLMHttpServer pid=146226)[0m notebook-56ece9efd1a0-worker-0:148227:148227 [1] NCCL INFO Bootstrap timings total 0.000859 (create 0.000023, send 0.000114, recv 0.000150, ring 0.000060, delay 0.000000)
[36m(vLLMHttpServer pid=146226)[0m notebook-56ece9efd1a0-worker-0:148227:148227 [1] NCCL INFO NCCL_CUMEM_ENABLE set by environment to 0.
[36m(vLLMHttpServer pid=146226)[0m notebook-56ece9efd1a0-worker-0:148227:148227 [1] NCCL INFO MNNVL busId 0xa2000 fabric UUID 0.0 cliqueId 0x0 state 3 healthMask 0x0
[36m(vLLMHttpServer pid=146226)[0m notebook-56ece9efd1a0-worker-0:148227:148227 [1] NCCL INFO Setting affinity for GPU 2 to 0-47,96-143
[36m(vLLMHttpServer pid=146226)[0m notebook-56ece9efd1a0-worker-0:148227:148227 [1] NCCL INFO NVLS multicast support is available on dev 1 (NVLS_NCHANNELS 16)
[36m(vLLMHttpServer pid=146226)[0m notebook-56ece9efd1a0-worker-0:148227:148227 [1] NCCL INFO comm 0x10d0faf0 rank 1 nRanks 4 nNodes 1 localRanks 4 localRank 1 MNNVL 0
[36m(vLLMHttpServer pid=146226)[0m notebook-56ece9efd1a0-worker-0:148227:148227 [1] NCCL INFO Trees [0] 2/-1/-1->1->0 [1] 2/-1/-1->1->0 [2] 2/-1/-1->1->0 [3] 2/-1/-1->1->0 [4] 2/-1/-1->1->0 [5] 2/-1/-1->1->0 [6] 2/-1/-1->1->0 [7] 2/-1/-1->1->0 [8] 2/-1/-1->1->0 [9] 2/-1/-1->1->0 [10] 2/-1/-1->1->0 [11] 2/-1/-1->1->0 [12] 2/-1/-1->1->0 [13] 2/-1/-1->1->0 [14] 2/-1/-1->1->0 [15] 2/-1/-1->1->0 [16] 2/-1/-1->1->0 [17] 2/-1/-1->1->0 [18] 2/-1/-1->1->0 [19] 2/-1/-1->1->0 [20] 2/-1/-1->1->0 [21] 2/-1/-1->1->0 [22] 2/-1/-1->1->0 [23] 2/-1/-1->1->0
[36m(vLLMHttpServer pid=146226)[0m notebook-56ece9efd1a0-worker-0:148227:148227 [1] NCCL INFO P2P Chunksize set to 524288
[36m(vLLMHttpServer pid=146226)[0m notebook-56ece9efd1a0-worker-0:148227:148227 [1] NCCL INFO PROFILER/Plugin: Could not find: libnccl-profiler.so. 
[36m(vLLMHttpServer pid=146226)[0m notebook-56ece9efd1a0-worker-0:148227:149629 [1] NCCL INFO [Proxy Service] Device 1 CPU core 102
[36m(vLLMHttpServer pid=146226)[0m notebook-56ece9efd1a0-worker-0:148227:149635 [1] NCCL INFO [Proxy Service UDS] Device 1 CPU core 106
[36m(vLLMHttpServer pid=146226)[0m notebook-56ece9efd1a0-worker-0:148227:148227 [1] NCCL INFO Channel 00/0 : 1[2] -> 2[3] via P2P/IPC
[36m(vLLMHttpServer pid=146226)[0m notebook-56ece9efd1a0-worker-0:148227:148227 [1] NCCL INFO Channel 01/0 : 1[2] -> 2[3] via P2P/IPC
[36m(vLLMHttpServer pid=146226)[0m notebook-56ece9efd1a0-worker-0:148227:148227 [1] NCCL INFO Channel 02/0 : 1[2] -> 2[3] via P2P/IPC
[36m(vLLMHttpServer pid=146226)[0m notebook-56ece9efd1a0-worker-0:148227:148227 [1] NCCL INFO Channel 03/0 : 1[2] -> 2[3] via P2P/IPC
[36m(vLLMHttpServer pid=146226)[0m notebook-56ece9efd1a0-worker-0:148227:148227 [1] NCCL INFO Channel 04/0 : 1[2] -> 2[3] via P2P/IPC
[36m(vLLMHttpServer pid=146226)[0m notebook-56ece9efd1a0-worker-0:148227:148227 [1] NCCL INFO Channel 05/0 : 1[2] -> 2[3] via P2P/IPC
[36m(vLLMHttpServer pid=146226)[0m notebook-56ece9efd1a0-worker-0:148227:148227 [1] NCCL INFO Channel 06/0 : 1[2] -> 2[3] via P2P/IPC
[36m(vLLMHttpServer pid=146226)[0m notebook-56ece9efd1a0-worker-0:148227:148227 [1] NCCL INFO Channel 07/0 : 1[2] -> 2[3] via P2P/IPC
[36m(vLLMHttpServer pid=146226)[0m notebook-56ece9efd1a0-worker-0:148227:148227 [1] NCCL INFO Channel 08/0 : 1[2] -> 2[3] via P2P/IPC
[36m(vLLMHttpServer pid=146226)[0m notebook-56ece9efd1a0-worker-0:148227:148227 [1] NCCL INFO Channel 09/0 : 1[2] -> 2[3] via P2P/IPC
[36m(vLLMHttpServer pid=146226)[0m notebook-56ece9efd1a0-worker-0:148227:148227 [1] NCCL INFO Channel 10/0 : 1[2] -> 2[3] via P2P/IPC
[36m(vLLMHttpServer pid=146226)[0m notebook-56ece9efd1a0-worker-0:148227:148227 [1] NCCL INFO Channel 11/0 : 1[2] -> 2[3] v
[36m(vLLMHttpServer pid=146226)[0m ia P2P/IPC
[36m(vLLMHttpServer pid=146226)[0m notebook-56ece9efd1a0-worker-0:148228:148228 [2] NCCL INFO Channel 12/0 : 2[3] -> 3[4] via P2P/IPC
[36m(vLLMHttpServer pid=146226)[0m notebook-56ece9efd1a0-worker-0:148228:148228 [2] NCCL INFO Channel 13/0 : 2[3] -> 3[4] via P2P/IPC
[36m(vLLMHttpServer pid=146226)[0m notebook-56ece9efd1a0-worker-0:148228:148228 [2] NCCL INFO Channel 14/0 : 2[3] -> 3[4] via P2P/IPC
[36m(vLLMHttpServer pid=146226)[0m notebook-56ece9efd1a0-worker-0:148228:148228 [2] NCCL INFO Channel 15/0 : 2[3] -> 3[4] via P2P/IPC
[36m(vLLMHttpServer pid=146226)[0m notebook-56ece9efd1a0-worker-0:148228:148228 [2] NCCL INFO Channel 16/0 : 2[3] -> 3[4] via P2P/IPC
[36m(vLLMHttpServer pid=146226)[0m notebook-56ece9efd1a0-worker-0:148228:148228 [2] NCCL INFO Channel 17/0 : 2[3] -> 3[4] via P2P/IPC
[36m(vLLMHttpServer pid=146226)[0m notebook-56ece9efd1a0-worker-0:148228:148228 [2] NCCL INFO Channel 18/0 : 2[3] -> 3[4] via P2P/IPC
[36m(vLLMHttpServer pid=146226)[0m notebook-56ece9efd1a0-worker-0:148228:148228 [2] NCCL INFO Channel 19/0 : 2[3] -> 3[4] via P2P/IPC
[36m(vLLMHttpServer pid=146226)[0m notebook-56ece9efd1a0-worker-0:148228:148228 [2] NCCL INFO Channel 20/0 : 2[3] -> 3[4] via P2P/IPC
[36m(vLLMHttpServer pid=146226)[0m notebook-56ece9efd1a0-worker-0:148228:148228 [2] NCCL INFO Channel 21/0 : 2[3] -> 3[4] via P2P/IPC
[36m(vLLMHttpServer pid=146226)[0m notebook-56ece9efd1a0-worker-0:148228:148228 [2] NCCL INFO Channel 22/0 : 2[3] -> 3[4] via P2P/IPC
[36m(vLLMHttpServer pid=146226)[0m notebook-56ece9efd1a0-worker-0:148228:148228 [2] NCCL INFO Channel 23/0 : 2[3] -> 3[4] via P2P/IPC
[36m(vLLMHttpServer pid=146226)[0m notebook-56ece9efd1a0-worker-0:148228:148228 [2] NCCL INFO Connected all rings, use ring PXN 0 GDR 1
[36m(vLLMHttpServer pid=146226)[0m notebook-56ece9efd1a0-worker-0:148228:148228 [2] NCCL INFO Channel 00/0 : 2[3] -> 1[2] via P2P/IPC
[36m(vLLMHttpServer pid=146226)[0m notebook-56ece9efd1a0-worker-0:148228:148228 [2] NCCL INFO Channel 01/0 : 2[3] -> 1[2] via P2P/IPC
[36m(vLLMHttpServer pid=146226)[0m notebook-56ece9efd1a0-worker-0:148228:148228 [2] NCCL INFO Channel 02/0 : 2[3] -> 1[2] via P2P/IPC
[36m(vLLMHttpServer pid=146226)[0m notebook-56ece9efd1a0-worker-0:148228:148228 [2] NCCL INFO Channel 03/0 : 2[3] -> 1[2] via P2P/IPC
[36m(vLLMHttpServer pid=146226)[0m notebook-56ece9efd1a0-worker-0:148228:148228 [2] NCCL INFO Channel 04/0 : 2[3] -> 1[2] via P2P/IPC
[36m(vLLMHttpServer pid=146226)[0m notebook-56ece9efd1a0-worker-0:148228:148228 [2] NCCL INFO Channel 05/0 : 2[3] -> 1[2] via P2P/IPC
[36m(vLLMHttpServer pid=146226)[0m notebook-56ece9efd1a0-worker-0:148228:148228 [2] NCCL INFO Channel 06/0 : 2[3] -> 1[2] via P2P/IPC
[36m(vLLMHttpServer pid=146226)[0m notebook-56ece9efd1a0-worker-0:148228:148228 [2] NCCL INFO Channel 07/0 : 2[3] -> 1[2] via P2P/IPC
[36m(vLLMHttpServer pid=146226)[0m notebook-56ece9efd1a0-worker-0:148228:148228 [2] NCCL INFO Channel 08/0 : 2[3] -> 1[2] via P2P/IPC
[36m(vLLMHttpServer pid=146226)[0m notebook-56ece9efd1a0-worker-0:148228:148228 [2] NCCL INFO Channel 09/0 : 2[3] -> 1[2] via P2P/IPC
[36m(vLLMHttpServer pid=146226)[0m notebook-56ece9efd1a0-worker-0:148228:148228 [2] NCCL INFO Channel 10/0 : 2[3] -> 1[2] via P2P/IPC
[36m(vLLMHttpServer pid=146226)[0m notebook-56ece9efd1a0-worker-0:148228:148228 [2] NCCL INFO Channel 11/0 : 2[3] -> 1[2] via P2P/IPC
[36m(vLLMHttpServer pid=146226)[0m notebook-56ece9efd1a0-worker-0:148228:148228 [2] NCCL INFO Channel 12/0 : 2[3] -> 1[2] via P2P/IPC
[36m(vLLMHttpServer pid=146226)[0m notebook-56ece9efd1a0-worker-0:148228:148228 [2] NCCL INFO Channel 13/0 : 2[3] -> 1[2] via P2P/IPC
[36m(vLLMHttpServer pid=146226)[0m notebook-56ece9efd1a0-worker-0:148228:148228 [2] NCCL INFO Channel 14/0 : 2[3] -> 1[2] via P2P/IPC
[36m(vLLMHttpServer pid=146226)[0m notebook-56ece9efd1a0-worker-0:148228:148228 [2] NCCL INFO Channel 15/0 : 2[3] -> 1[2] via P2P/IPC
[36m(vLLMHttpServer pid=146226)[0m notebook-56ece9efd1a0-worker-0:148228:148228 [2] NCCL INFO Channel 16/0 : 2[3] -> 1[2] via P2P/IPC
[36m(vLLMHttpServer pid=146226)[0m notebook-56ece9efd1a0-worker-0:148228:148228 [2] NCCL INFO Channel 17/0 : 2[3] -> 1[2] via P2P/IPC
[36m(vLLMHttpServer pid=146226)[0m notebook-56ece9efd1a0-worker-0:148228:148228 [2] NCCL INFO Channel 18/0 : 2[3] -> 1[2] via P2P/IPC
[36m(vLLMHttpServer pid=146226)[0m notebook-56ece9efd1a0-worker-0:148228:148228 [2] NCCL INFO Channel 19/0 : 2[3] -> 1[2] via P2P/IPC
[36m(vLLMHttpServer pid=146226)[0m notebook-56ece9efd1a0-worker-0:148228:148228 [2] NCCL INFO Channel 20/0 : 2[3] -> 1[2] via P2P/IPC
[36m(vLLMHttpServer pid=146226)[0m notebook-56ece9efd1a0-worker-0:148228:148228 [2] NCCL INFO Channel 21/0 : 2[3] -> 1[2] via P2P/IPC
[36m(vLLMHttpServer pid=146226)[0m notebook-56ece9efd1a0-worker-0:148228:148228 [2] NCCL INFO Channel 22/0 : 2[3] -> 1[2] via P2P/IPC
[36m(vLLMHttpServer pid=146226)[0m notebook-56ece9efd1a0-worker-0:148228:148228 [2] NCCL INFO Channel 23/0 : 2[3] -> 1[2] via P2P/IPC
[36m(vLLMHttpServer pid=146226)[0m notebook-56ece9efd1a0-worker-0:148228:148228 [2] NCCL INFO Connected all trees
[36m(vLLMHttpServer pid=146226)[0m notebook-56ece9efd1a0-worker-0:148228:148228 [2] NCCL INFO NVLS comm 0x10d10e70 headRank 2 nHeads 4 nvlsRanks 4 buffSize 1048576 nvlsPerRankSize 33554432 nvlsTotalSize 134217728
[36m(vLLMHttpServer pid=146226)[0m notebook-56ece9efd1a0-worker-0:148228:149639 [2] NCCL INFO [Proxy Progress] Device 2 CPU core 105
[36m(vLLMHttpServer pid=146226)[0m notebook-56ece9efd1a0-worker-0:148228:148228 [2] NCCL INFO threadia P2P/IPC
[36m(vLLMHttpServer pid=146226)[0m notebook-56ece9efd1a0-worker-0:148227:148227 [1] NCCL INFO Channel 12/0 : 1[2] -> 2[3] via P2P/IPC
[36m(vLLMHttpServer pid=146226)[0m notebook-56ece9efd1a0-worker-0:148227:148227 [1] NCCL INFO Channel 13/0 : 1[2] -> 2[3] via P2P/IPC
[36m(vLLMHttpServer pid=146226)[0m notebook-56ece9efd1a0-worker-0:148227:148227 [1] NCCL INFO Channel 14/0 : 1[2] -> 2[3] via P2P/IPC
[36m(vLLMHttpServer pid=146226)[0m notebook-56ece9efd1a0-worker-0:148227:148227 [1] NCCL INFO Channel 15/0 : 1[2] -> 2[3] via P2P/IPC
[36m(vLLMHttpServer pid=146226)[0m notebook-56ece9efd1a0-worker-0:148227:148227 [1] NCCL INFO Channel 16/0 : 1[2] -> 2[3] via P2P/IPC
[36m(vLLMHttpServer pid=146226)[0m notebook-56ece9efd1a0-worker-0:148227:148227 [1] NCCL INFO Channel 17/0 : 1[2] -> 2[3] via P2P/IPC
[36m(vLLMHttpServer pid=146226)[0m notebook-56ece9efd1a0-worker-0:148227:148227 [1] NCCL INFO Channel 18/0 : 1[2] -> 2[3] via P2P/IPC
[36m(vLLMHttpServer pid=146226)[0m notebook-56ece9efd1a0-worker-0:148227:148227 [1] NCCL INFO Channel 19/0 : 1[2] -> 2[3] via P2P/IPC
[36m(vLLMHttpServer pid=146226)[0m notebook-56ece9efd1a0-worker-0:148227:148227 [1] NCCL INFO Channel 20/0 : 1[2] -> 2[3] via P2P/IPC
[36m(vLLMHttpServer pid=146226)[0m notebook-56ece9efd1a0-worker-0:148227:148227 [1] NCCL INFO Channel 21/0 : 1[2] -> 2[3] via P2P/IPC
[36m(vLLMHttpServer pid=146226)[0m notebook-56ece9efd1a0-worker-0:148227:148227 [1] NCCL INFO Channel 22/0 : 1[2] -> 2[3] via P2P/IPC
[36m(vLLMHttpServer pid=146226)[0m notebook-56ece9efd1a0-worker-0:148227:148227 [1] NCCL INFO Channel 23/0 : 1[2] -> 2[3] via P2P/IPC
[36m(vLLMHttpServer pid=146226)[0m notebook-56ece9efd1a0-worker-0:148227:148227 [1] NCCL INFO Connected all rings, use ring PXN 0 GDR 1
[36m(vLLMHttpServer pid=146226)[0m notebook-56ece9efd1a0-worker-0:148227:148227 [1] NCCL INFO Channel 00/0 : 1[2] -> 0[1] via P2P/IPC
[36m(vLLMHttpServer pid=146226)[0m notebook-56ece9efd1a0-worker-0:148227:148227 [1] NCCL INFO Channel 01/0 : 1[2] -> 0[1] via P2P/IPC
[36m(vLLMHttpServer pid=146226)[0m notebook-56ece9efd1a0-worker-0:148227:148227 [1] NCCL INFO Channel 02/0 : 1[2] -> 0[1] via P2P/IPC
[36m(vLLMHttpServer pid=146226)[0m notebook-56ece9efd1a0-worker-0:148227:148227 [1] NCCL INFO Channel 03/0 : 1[2] -> 0[1] via P2P/IPC
[36m(vLLMHttpServer pid=146226)[0m notebook-56ece9efd1a0-worker-0:148227:148227 [1] NCCL INFO Channel 04/0 : 1[2] -> 0[1] via P2P/IPC
[36m(vLLMHttpServer pid=146226)[0m notebook-56ece9efd1a0-worker-0:148227:148227 [1] NCCL INFO Channel 05/0 : 1[2] -> 0[1] via P2P/IPC
[36m(vLLMHttpServer pid=146226)[0m notebook-56ece9efd1a0-worker-0:148227:148227 [1] NCCL INFO Channel 06/0 : 1[2] -> 0[1] via P2P/IPC
[36m(vLLMHttpServer pid=146226)[0m notebook-56ece9efd1a0-worker-0:148227:148227 [1] NCCL INFO Channel 07/0 : 1[2] -> 0[1] via P2P/IPC
[36m(vLLMHttpServer pid=146226)[0m notebook-56ece9efd1a0-worker-0:148227:148227 [1] NCCL INFO Channel 08/0 : 1[2] -> 0[1] via P2P/IPC
[36m(vLLMHttpServer pid=146226)[0m notebook-56ece9efd1a0-worker-0:148227:148227 [1] NCCL INFO Channel 09/0 : 1[2] -> 0[1] via P2P/IPC
[36m(vLLMHttpServer pid=146226)[0m notebook-56ece9efd1a0-worker-0:148227:148227 [1] NCCL INFO Channel 10/0 : 1[2] -> 0[1] via P2P/IPC
[36m(vLLMHttpServer pid=146226)[0m notebook-56ece9efd1a0-worker-0:148227:148227 [1] NCCL INFO Channel 11/0 : 1[2] -> 0[1] via P2P/IPC
[36m(vLLMHttpServer pid=146226)[0m notebook-56ece9efd1a0-worker-0:148227:148227 [1] NCCL INFO Channel 12/0 : 1[2] -> 0[1] via P2P/IPC
[36m(vLLMHttpServer pid=146226)[0m notebook-56ece9efd1a0-worker-0:148227:148227 [1] NCCL INFO Channel 13/0 : 1[2] -> 0[1] via P2P/IPC
[36m(vLLMHttpServer pid=146226)[0m notebook-56ece9efd1a0-worker-0:148227:148227 [1] NCCL INFO Channel 14/0 : 1[2] -> 0[1] via P2P/IPC
[36m(vLLMHttpServer pid=146226)[0m notebook-56ece9efd1a0-worker-0:148227:148227 [1] NCCL INFO Channel 15/0 : 1[2] -> 0[1] via P2P/IPC
[36m(vLLMHttpServer pid=146226)[0m notebook-56ece9efd1a0-worker-0:148227:148227 [1] NCCL INFO Channel 16/0 : 1[2] -> 0[1] via P2P/IPC
[36m(vLLMHttpServer pid=146226)[0m notebook-56ece9efd1a0-worker-0:148227:148227 [1] NCCL INFO Channel 17/0 : 1[2] -> 0[1] via P2P/IPC
[36m(vLLMHttpServer pid=146226)[0m notebook-56ece9efd1a0-worker-0:148227:148227 [1] NCCL INFO Channel 18/0 : 1[2] -> 0[1] via P2P/IPC
[36m(vLLMHttpServer pid=146226)[0m notebook-56ece9efd1a0-worker-0:148227:148227 [1] NCCL INFO Channel 19/0 : 1[2] -> 0[1] via P2P/IPC
[36m(vLLMHttpServer pid=146226)[0m notebook-56ece9efd1a0-worker-0:148227:148227 [1] NCCL INFO Channel 20/0 : 1[2] -> 0[1] via P2P/IPC
[36m(vLLMHttpServer pid=146226)[0m notebook-56ece9efd1a0-worker-0:148227:148227 [1] NCCL INFO Channel 21/0 : 1[2] -> 0[1] via P2P/IPC
[36m(vLLMHttpServer pid=146226)[0m notebook-56ece9efd1a0-worker-0:148227:148227 [1] NCCL INFO Channel 22/0 : 1[2] -> 0[1] via P2P/IPC
[36m(vLLMHttpServer pid=146226)[0m notebook-56ece9efd1a0-worker-0:148227:148227 [1] NCCL INFO Channel 23/0 : 1[2] -> 0[1] via P2P/IPC
[36m(vLLMHttpServer pid=146226)[0m notebook-56ece9efd1a0-worker-0:148227:148227 [1] NCCL INFO Connected all trees
[36m(vLLMHttpServer pid=146226)[0m notebook-56ece9efd1a0-worker-0:148227:148227 [1] NCCL INFO NVLS comm 0x10d0faf0 headRank 1 nHeads 4 nvlsRanks 4 buffSize 1048576 nvlsPerRankSize 33554432 nvlsTotalSize 134217728
[36m(vLLMHttpServer pid=146226)[0m notebook-56ece9efd1a0-worker-0:148227:149640 [1] NCCL INFO [Proxy Progress] Device 1 CPU core 103
[36m(vLLMHttpServer pid=146226)[0m notebook-56ece9efd1a0-worker-0:148227:148227 [1] NCCL INFO threadhannel 11/0 : 3[4] -> 0[1] via P2P/IPC
[36m(vLLMHttpServer pid=146226)[0m notebook-56ece9efd1a0-worker-0:148229:148229 [3] NCCL INFO Channel 12/0 : 3[4] -> 0[1] via P2P/IPC
[36m(vLLMHttpServer pid=146226)[0m notebook-56ece9efd1a0-worker-0:148229:148229 [3] NCCL INFO Channel 13/0 : 3[4] -> 0[1] via P2P/IPC
[36m(vLLMHttpServer pid=146226)[0m notebook-56ece9efd1a0-worker-0:148229:148229 [3] NCCL INFO Channel 14/0 : 3[4] -> 0[1] via P2P/IPC
[36m(vLLMHttpServer pid=146226)[0m notebook-56ece9efd1a0-worker-0:148229:148229 [3] NCCL INFO Channel 15/0 : 3[4] -> 0[1] via P2P/IPC
[36m(vLLMHttpServer pid=146226)[0m notebook-56ece9efd1a0-worker-0:148229:148229 [3] NCCL INFO Channel 16/0 : 3[4] -> 0[1] via P2P/IPC
[36m(vLLMHttpServer pid=146226)[0m notebook-56ece9efd1a0-worker-0:148229:148229 [3] NCCL INFO Channel 17/0 : 3[4] -> 0[1] via P2P/IPC
[36m(vLLMHttpServer pid=146226)[0m notebook-56ece9efd1a0-worker-0:148229:148229 [3] NCCL INFO Channel 18/0 : 3[4] -> 0[1] via P2P/IPC
[36m(vLLMHttpServer pid=146226)[0m notebook-56ece9efd1a0-worker-0:148229:148229 [3] NCCL INFO Channel 19/0 : 3[4] -> 0[1] via P2P/IPC
[36m(vLLMHttpServer pid=146226)[0m notebook-56ece9efd1a0-worker-0:148229:148229 [3] NCCL INFO Channel 20/0 : 3[4] -> 0[1] via P2P/IPC
[36m(vLLMHttpServer pid=146226)[0m notebook-56ece9efd1a0-worker-0:148229:148229 [3] NCCL INFO Channel 21/0 : 3[4] -> 0[1] via P2P/IPC
[36m(vLLMHttpServer pid=146226)[0m notebook-56ece9efd1a0-worker-0:148229:148229 [3] NCCL INFO Channel 22/0 : 3[4] -> 0[1] via P2P/IPC
[36m(vLLMHttpServer pid=146226)[0m notebook-56ece9efd1a0-worker-0:148229:148229 [3] NCCL INFO Channel 23/0 : 3[4] -> 0[1] via P2P/IPC
[36m(vLLMHttpServer pid=146226)[0m notebook-56ece9efd1a0-worker-0:148229:148229 [3] NCCL INFO Connected all rings, use ring PXN 0 GDR 1
[36m(vLLMHttpServer pid=146226)[0m notebook-56ece9efd1a0-worker-0:148229:148229 [3] NCCL INFO Channel 00/0 : 3[4] -> 2[3] via P2P/IPC
[36m(vLLMHttpServer pid=146226)[0m notebook-56ece9efd1a0-worker-0:148229:148229 [3] NCCL INFO Channel 01/0 : 3[4] -> 2[3] via P2P/IPC
[36m(vLLMHttpServer pid=146226)[0m notebook-56ece9efd1a0-worker-0:148229:148229 [3] NCCL INFO Channel 02/0 : 3[4] -> 2[3] via P2P/IPC
[36m(vLLMHttpServer pid=146226)[0m notebook-56ece9efd1a0-worker-0:148229:148229 [3] NCCL INFO Channel 03/0 : 3[4] -> 2[3] via P2P/IPC
[36m(vLLMHttpServer pid=146226)[0m notebook-56ece9efd1a0-worker-0:148229:148229 [3] NCCL INFO Channel 04/0 : 3[4] -> 2[3] via P2P/IPC
[36m(vLLMHttpServer pid=146226)[0m notebook-56ece9efd1a0-worker-0:148229:148229 [3] NCCL INFO Channel 05/0 : 3[4] -> 2[3] via P2P/IPC
[36m(vLLMHttpServer pid=146226)[0m notebook-56ece9efd1a0-worker-0:148229:148229 [3] NCCL INFO Channel 06/0 : 3[4] -> 2[3] via P2P/IPC
[36m(vLLMHttpServer pid=146226)[0m notebook-56ece9efd1a0-worker-0:148229:148229 [3] NCCL INFO Channel 07/0 : 3[4] -> 2[3] via P2P/IPC
[36m(vLLMHttpServer pid=146226)[0m notebook-56ece9efd1a0-worker-0:148229:148229 [3] NCCL INFO Channel 08/0 : 3[4] -> 2[3] via P2P/IPC
[36m(vLLMHttpServer pid=146226)[0m notebook-56ece9efd1a0-worker-0:148229:148229 [3] NCCL INFO Channel 09/0 : 3[4] -> 2[3] via P2P/IPC
[36m(vLLMHttpServer pid=146226)[0m notebook-56ece9efd1a0-worker-0:148229:148229 [3] NCCL INFO Channel 10/0 : 3[4] -> 2[3] via P2P/IPC
[36m(vLLMHttpServer pid=146226)[0m notebook-56ece9efd1a0-worker-0:148229:148229 [3] NCCL INFO Channel 11/0 : 3[4] -> 2[3] via P2P/IPC
[36m(vLLMHttpServer pid=146226)[0m notebook-56ece9efd1a0-worker-0:148229:148229 [3] NCCL INFO Channel 12/0 : 3[4] -> 2[3] via P2P/IPC
[36m(vLLMHttpServer pid=146226)[0m notebook-56ece9efd1a0-worker-0:148229:148229 [3] NCCL INFO Channel 13/0 : 3[4] -> 2[3] via P2P/IPC
[36m(vLLMHttpServer pid=146226)[0m notebook-56ece9efd1a0-worker-0:148229:148229 [3] NCCL INFO Channel 14/0 : 3[4] -> 2[3] via P2P/IPC
[36m(vLLMHttpServer pid=146226)[0m notebook-56ece9efd1a0-worker-0:148229:148229 [3] NCCL INFO Channel 15/0 : 3[4] -> 2[3] via P2P/IPC
[36m(vLLMHttpServer pid=146226)[0m notebook-56ece9efd1a0-worker-0:148229:148229 [3] NCCL INFO Channel 16/0 : 3[4] -> 2[3] via P2P/IPC
[36m(vLLMHttpServer pid=146226)[0m notebook-56ece9efd1a0-worker-0:148229:148229 [3] NCCL INFO Channel 17/0 : 3[4] -> 2[3] via P2P/IPC
[36m(vLLMHttpServer pid=146226)[0m notebook-56ece9efd1a0-worker-0:148229:148229 [3] NCCL INFO Channel 18/0 : 3[4] -> 2[3] via P2P/IPC
[36m(vLLMHttpServer pid=146226)[0m notebook-56ece9efd1a0-worker-0:148229:148229 [3] NCCL INFO Channel 19/0 : 3[4] -> 2[3] via P2P/IPC
[36m(vLLMHttpServer pid=146226)[0m notebook-56ece9efd1a0-worker-0:148229:148229 [3] NCCL INFO Channel 20/0 : 3[4] -> 2[3] via P2P/IPC
[36m(vLLMHttpServer pid=146226)[0m notebook-56ece9efd1a0-worker-0:148229:148229 [3] NCCL INFO Channel 21/0 : 3[4] -> 2[3] via P2P/IPC
[36m(vLLMHttpServer pid=146226)[0m notebook-56ece9efd1a0-worker-0:148229:148229 [3] NCCL INFO Channel 22/0 : 3[4] -> 2[3] via P2P/IPC
[36m(vLLMHttpServer pid=146226)[0m notebook-56ece9efd1a0-worker-0:148229:148229 [3] NCCL INFO Channel 23/0 : 3[4] -> 2[3] via P2P/IPC
[36m(vLLMHttpServer pid=146226)[0m notebook-56ece9efd1a0-worker-0:148229:148229 [3] NCCL INFO Connected all trees
[36m(vLLMHttpServer pid=146226)[0m notebook-56ece9efd1a0-worker-0:148229:148229 [3] NCCL INFO NVLS comm 0x10d30470 headRank 3 nHeads 4 nvlsRanks 4 buffSize 1048576 nvlsPerRankSize 33554432 nvlsTotalSize 134217728
[36m(vLLMHttpServer pid=146226)[0m notebook-56ece9efd1a0-worker-0:148229:149642 [3] NCCL INFO [Proxy Progress] Device 3 CPU core 149
[36m(vLLMHttpServer pid=146226)[0m notebook-56ece9efd1a0-worker-0:148229->0->-1 [2] 1/-1/-1->0->-1 [3] 1/-1/-1->0->-1 [4] 1/-1/-1->0->-1 [5] 1/-1/-1->0->-1 [6] 1/-1/-1->0->-1 [7] 1/-1/-1->0->-1 [8] 1/-1/-1->0->-1 [9] 1/-1/-1->0->-1 [10] 1/-1/-1->0->-1 [11] 1/-1/-1->0->-1 [12] 1/-1/-1->0->-1 [13] 1/-1/-1->0->-1 [14] 1/-1/-1->0->-1 [15] 1/-1/-1->0->-1 [16] 1/-1/-1->0->-1 [17] 1/-1/-1->0->-1 [18] 1/-1/-1->0->-1 [19] 1/-1/-1->0->-1 [20] 1/-1/-1->0->-1 [21] 1/-1/-1->0->-1 [22] 1/-1/-1->0->-1 [23] 1/-1/-1->0->-1
[36m(vLLMHttpServer pid=146226)[0m notebook-56ece9efd1a0-worker-0:148226:148226 [0] NCCL INFO P2P Chunksize set to 524288
[36m(vLLMHttpServer pid=146226)[0m notebook-56ece9efd1a0-worker-0:148226:148226 [0] NCCL INFO PROFILER/Plugin: Could not find: libnccl-profiler.so. 
[36m(vLLMHttpServer pid=146226)[0m notebook-56ece9efd1a0-worker-0:148226:148226 [0] NCCL INFO Check P2P Type isAllDirectP2p 1 directMode 0
[36m(vLLMHttpServer pid=146226)[0m notebook-56ece9efd1a0-worker-0:148226:149630 [0] NCCL INFO [Proxy Service] Device 0 CPU core 136
[36m(vLLMHttpServer pid=146226)[0m notebook-56ece9efd1a0-worker-0:148226:149634 [0] NCCL INFO [Proxy Service UDS] Device 0 CPU core 137
[36m(vLLMHttpServer pid=146226)[0m notebook-56ece9efd1a0-worker-0:148226:148226 [0] NCCL INFO Channel 00/0 : 0[1] -> 1[2] via P2P/IPC
[36m(vLLMHttpServer pid=146226)[0m notebook-56ece9efd1a0-worker-0:148226:148226 [0] NCCL INFO Channel 01/0 : 0[1] -> 1[2] via P2P/IPC
[36m(vLLMHttpServer pid=146226)[0m notebook-56ece9efd1a0-worker-0:148226:148226 [0] NCCL INFO Channel 02/0 : 0[1] -> 1[2] via P2P/IPC
[36m(vLLMHttpServer pid=146226)[0m notebook-56ece9efd1a0-worker-0:148226:148226 [0] NCCL INFO Channel 03/0 : 0[1] -> 1[2] via P2P/IPC
[36m(vLLMHttpServer pid=146226)[0m notebook-56ece9efd1a0-worker-0:148226:148226 [0] NCCL INFO Channel 04/0 : 0[1] -> 1[2] via P2P/IPC
[36m(vLLMHttpServer pid=146226)[0m notebook-56ece9efd1a0-worker-0:148226:148226 [0] NCCL INFO Channel 05/0 : 0[1] -> 1[2] via P2P/IPC
[36m(vLLMHttpServer pid=146226)[0m notebook-56ece9efd1a0-worker-0:148226:148226 [0] NCCL INFO Channel 06/0 : 0[1] -> 1[2] via P2P/IPC
[36m(vLLMHttpServer pid=146226)[0m notebook-56ece9efd1a0-worker-0:148226:148226 [0] NCCL INFO Channel 07/0 : 0[1] -> 1[2] via P2P/IPC
[36m(vLLMHttpServer pid=146226)[0m notebook-56ece9efd1a0-worker-0:148226:148226 [0] NCCL INFO Channel 08/0 : 0[1] -> 1[2] via P2P/IPC
[36m(vLLMHttpServer pid=146226)[0m notebook-56ece9efd1a0-worker-0:148226:148226 [0] NCCL INFO Channel 09/0 : 0[1] -> 1[2] via P2P/IPC
[36m(vLLMHttpServer pid=146226)[0m notebook-56ece9efd1a0-worker-0:148226:148226 [0] NCCL INFO Channel 10/0 : 0[1] -> 1[2] via P2P/IPC
[36m(vLLMHttpServer pid=146226)[0m notebook-56ece9efd1a0-worker-0:148226:148226 [0] NCCL INFO Channel 11/0 : 0[1] -> 1[2] via P2P/IPC
[36m(vLLMHttpServer pid=146226)[0m notebook-56ece9efd1a0-worker-0:148226:148226 [0] NCCL INFO Channel 12/0 : 0[1] -> 1[2] via P2P/IPC
[36m(vLLMHttpServer pid=146226)[0m notebook-56ece9efd1a0-worker-0:148226:148226 [0] NCCL INFO Channel 13/0 : 0[1] -> 1[2] via P2P/IPC
[36m(vLLMHttpServer pid=146226)[0m notebook-56ece9efd1a0-worker-0:148226:148226 [0] NCCL INFO Channel 14/0 : 0[1] -> 1[2] via P2P/IPC
[36m(vLLMHttpServer pid=146226)[0m notebook-56ece9efd1a0-worker-0:148226:148226 [0] NCCL INFO Channel 15/0 : 0[1] -> 1[2] via P2P/IPC
[36m(vLLMHttpServer pid=146226)[0m notebook-56ece9efd1a0-worker-0:148226:148226 [0] NCCL INFO Channel 16/0 : 0[1] -> 1[2] via P2P/IPC
[36m(vLLMHttpServer pid=146226)[0m notebook-56ece9efd1a0-worker-0:148226:148226 [0] NCCL INFO Channel 17/0 : 0[1] -> 1[2] via P2P/IPC
[36m(vLLMHttpServer pid=146226)[0m notebook-56ece9efd1a0-worker-0:148226:148226 [0] NCCL INFO Channel 18/0 : 0[1] -> 1[2] via P2P/IPC
[36m(vLLMHttpServer pid=146226)[0m notebook-56ece9efd1a0-worker-0:148226:148226 [0] NCCL INFO Channel 19/0 : 0[1] -> 1[2] via P2P/IPC
[36m(vLLMHttpServer pid=146226)[0m notebook-56ece9efd1a0-worker-0:148226:148226 [0] NCCL INFO Channel 20/0 : 0[1] -> 1[2] via P2P/IPC
[36m(vLLMHttpServer pid=146226)[0m notebook-56ece9efd1a0-worker-0:148226:148226 [0] NCCL INFO Channel 21/0 : 0[1] -> 1[2] via P2P/IPC
[36m(vLLMHttpServer pid=146226)[0m notebook-56ece9efd1a0-worker-0:148226:148226 [0] NCCL INFO Channel 22/0 : 0[1] -> 1[2] via P2P/IPC
[36m(vLLMHttpServer pid=146226)[0m notebook-56ece9efd1a0-worker-0:148226:148226 [0] NCCL INFO Channel 23/0 : 0[1] -> 1[2] via P2P/IPC
[36m(vLLMHttpServer pid=146226)[0m notebook-56ece9efd1a0-worker-0:148226:148226 [0] NCCL INFO Connected all rings, use ring PXN 0 GDR 1
[36m(vLLMHttpServer pid=146226)[0m notebook-56ece9efd1a0-worker-0:148226:148226 [0] NCCL INFO Connected all trees
[36m(vLLMHttpServer pid=146226)[0m notebook-56ece9efd1a0-worker-0:148226:148226 [0] NCCL INFO NVLS comm 0x10d101f0 headRank 0 nHeads 4 nvlsRanks 4 buffSize 1048576 nvlsPerRankSize 33554432 nvlsTotalSize 134217728
[36m(vLLMHttpServer pid=146226)[0m notebook-56ece9efd1a0-worker-0:148226:149641 [0] NCCL INFO [Proxy Progress] Device 0 CPU core 141
[36m(vLLMHttpServer pid=146226)[0m notebook-56ece9efd1a0-worker-0:148226:148226 [0] NCCL INFO threadThresholds 8/8/64 | 32/8/64 | 512 | 512
[36m(vLLMHttpServer pid=146226)[0m notebook-56ece9efd1a0-worker-0:148226:148226 [0] NCCL INFO 24 coll channels, 24 collnet channels, 16 nvls channels, 32 p2p channels, 32 p2p channels per peer
[36m(vLLMHttpServer pid=146226)[0m notebook-56ece9efd1a0-worker-0:148226:148226 [0] NCCL INFO
[36m(vLLMHttpServer pid=146226)[0m  CC Off, workFifoBytes 1048576
[36m(vLLMHttpServer pid=146226)[0m notebook-56ece9efd1a0-worker-0:148226:148226 [0] NCCL INFO TUNER/Plugin: Could not find: libnccl-tuner.so. Using internal tuner plugin.
[36m(vLLMHttpServer pid=146226)[0m notebook-56ece9efd1a0-worker-0:148226:148226 [0] NCCL INFO ncclCommInitRank comm 0x10d101f0 rank 0 nranks 4 cudaDev 0 nvmlDev 1 busId 7e000 commId 0x5fd0e22e691e11d1 - Init COMPLETE
[36m(vLLMHttpServer pid=146226)[0m notebook-56ece9efd1a0-worker-0:148226:148226 [0] NCCL INFO Init timings - ncclCommInitRank: rank 0 nranks 4 total 1.62 (kernels 0.20, alloc 0.76, bootstrap 0.00, allgathers 0.00, topo 0.08, graphs 0.01, connections 0.43, rest 0.13)
[36m(vLLMHttpServer pid=146226)[0m [Gloo] Rank 0 is connected to 0 peer ranks. Expected number of connected peer ranks is : 0
[36m(vLLMHttpServer pid=146226)[0m Thresholds 8/8/64 | 32/8/64 | 512 | 512
[36m(vLLMHttpServer pid=146226)[0m notebook-56ece9efd1a0-worker-0:148227:148227 [1] NCCL INFO 24 coll channels, 24 collnet channels, 16 nvls channels, 32 p2p channels, 32 p2p channels per peer
[36m(vLLMHttpServer pid=146226)[0m notebook-56ece9efd1a0-worker-0:148227:148227 [1] NCCL INFO TUNER/Plugin: Could not find: libnccl-tuner.so. Using internal tuner plugin.
[36m(vLLMHttpServer pid=146226)[0m notebook-56ece9efd1a0-worker-0:148227:148227 [1] NCCL INFO ncclCommInitRank comm 0x10d0faf0 rank 1 nranks 4 cudaDev 1 nvmlDev 2 busId a2000 commId 0x5fd0e22e691e11d1 - Init COMPLETE
[36m(vLLMHttpServer pid=146226)[0m notebook-56ece9efd1a0-worker-0:148227:148227 [1] NCCL INFO Init timings - ncclCommInitRank: rank 1 nranks 4 total 1.61 (kernels 0.20, alloc 0.75, bootstrap 0.00, allgathers 0.00, topo 0.08, graphs 0.01, connections 0.43, rest 0.13)
[36m(vLLMHttpServer pid=146226)[0m [Gloo] Rank 0 is connected to 0 peer ranks. Expected number of connected peer ranks is : 0
[36m(vLLMHttpServer pid=146226)[0m Thresholds 8/8/64 | 32/8/64 | 512 | 512
[36m(vLLMHttpServer pid=146226)[0m notebook-56ece9efd1a0-worker-0:148228:148228 [2] NCCL INFO 24 coll channels, 24 collnet channels, 16 nvls channels, 32 p2p channels, 32 p2p channels per peer
[36m(vLLMHttpServer pid=146226)[0m notebook-56ece9efd1a0-worker-0:148228:148228 [2] NCCL INFO TUNER/Plugin: Could not find: libnccl-tuner.so. Using internal tuner plugin.
[36m(vLLMHttpServer pid=146226)[0m notebook-56ece9efd1a0-worker-0:148228:148228 [2] NCCL INFO ncclCommInitRank comm 0x10d10e70 rank 2 nranks 4 cudaDev 2 nvmlDev 3 busId c6000 commId 0x5fd0e22e691e11d1 - Init COMPLETE
[36m(vLLMHttpServer pid=146226)[0m notebook-56ece9efd1a0-worker-0:148228:148228 [2] NCCL INFO Init timings - ncclCommInitRank: rank 2 nranks 4 total 1.61 (kernels 0.20, alloc 0.75, bootstrap 0.00, allgathers 0.00, topo 0.08, graphs 0.01, connections 0.43, rest 0.14)
[36m(vLLMHttpServer pid=146226)[0m [Gloo] Rank 0 is connected to 0 peer ranks. Expected number of connected peer ranks is : 0
[36m(vLLMHttpServer pid=146226)[0m :148229 [3] NCCL INFO threadThresholds 8/8/64 | 32/8/64 | 512 | 512
[36m(vLLMHttpServer pid=146226)[0m notebook-56ece9efd1a0-worker-0:148229:148229 [3] NCCL INFO 24 coll channels, 24 collnet channels, 16 nvls channels, 32 p2p channels, 32 p2p channels per peer
[36m(vLLMHttpServer pid=146226)[0m notebook-56ece9efd1a0-worker-0:148229:148229 [3] NCCL INFO TUNER/Plugin: Could not find: libnccl-tuner.so. Using internal tuner plugin.
[36m(vLLMHttpServer pid=146226)[0m notebook-56ece9efd1a0-worker-0:148229:148229 [3] NCCL INFO ncclCommInitRank comm 0x10d30470 rank 3 nranks 4 cudaDev 3 nvmlDev 4 busId 109000 commId 0x5fd0e22e691e11d1 - Init COMPLETE
[36m(vLLMHttpServer pid=146226)[0m notebook-56ece9efd1a0-worker-0:148229:148229 [3] NCCL INFO Init timings - ncclCommInitRank: rank 3 nranks 4 total 1.61 (kernels 0.20, alloc 0.75, bootstrap 0.00, allgathers 0.00, topo 0.08, graphs 0.01, connections 0.44, rest 0.13)
[36m(vLLMHttpServer pid=146226)[0m [Gloo] Rank 0 is connected to 0 peer ranks. Expected number of connected peer ranks is : 0
[36m(vLLMHttpServer pid=146226)[0m [Gloo] Rank 0 is connected to 0 peer ranks. Expected number of connected peer ranks is : 0
[36m(vLLMHttpServer pid=146226)[0m [Gloo] Rank 0 is connected to 0 peer ranks. Expected number of connected peer ranks is : 0
[36m(vLLMHttpServer pid=146226)[0m [Gloo] Rank 0 is connected to 0 peer ranks. Expected number of connected peer ranks is : 0
[36m(vLLMHttpServer pid=146226)[0m [Gloo] Rank 0 is connected to 0 peer ranks. Expected number of connected peer ranks is : 0
[36m(vLLMHttpServer pid=146226)[0m [Gloo] Rank 0 is connected to 0 peer ranks. Expected number of connected peer ranks is : 0
[36m(vLLMHttpServer pid=146226)[0m [Gloo] Rank 0 is connected to 0 peer ranks. Expected number of connected peer ranks is : 0
[36m(vLLMHttpServer pid=146226)[0m [Gloo] Rank 0 is connected to 0 peer ranks. Expected number of connected peer ranks is : 0
[36m(vLLMHttpServer pid=146226)[0m [Gloo] Rank 0 is connected to 0 peer ranks. Expected number of connected peer ranks is : 0
[36m(vLLMHttpServer pid=146226)[0m [Gloo] Rank 2 is connected to 3 peer ranks. Expected number of connected peer ranks is : 3
[36m(vLLMHttpServer pid=146226)[0m [Gloo] Rank 1 is connected to 3 peer ranks. Expected number of connected peer ranks is : 3
[36m(vLLMHttpServer pid=146226)[0m [Gloo] Rank 0 is connected to 3 peer ranks. Expected number of connected peer ranks is : 3
[36m(vLLMHttpServer pid=146226)[0m [Gloo] Rank 3 is connected to 3 peer ranks. Expected number of connected peer ranks is : 3
[36m(vLLMHttpServer pid=146226)[0m notebook-56ece9efd1a0-worker-0:148226:148226 [0] NCCL INFO Assigned NET plugin Socket to comm
[36m(vLLMHttpServer pid=146226)[0m notebook-56ece9efd1a0-worker-0:148226:148226 [0] NCCL INFO Using network Socket
[36m(vLLMHttpServer pid=146226)[0m notebook-56ece9efd1a0-worker-0:148226:148226 [0] NCCL INFO ncclCommInitRank comm 0x184ac1d0 rank 0 nranks 4 cudaDev 0 nvmlDev 1 busId 7e000 commId 0x1ea04a65f4df7bb5 - Init START
[36m(vLLMHttpServer pid=146226)[0m notebook-56ece9efd1a0-worker-0:148226:148226 [0] NCCL INFO Bootstrap timings total 0.000906 (create 0.000014, send 0.000110, recv 0.000336, ring 0.000066, delay 0.000000)
[36m(vLLMHttpServer pid=146226)[0m notebook-56ece9efd1a0-worker-0:148226:148226 [0] NCCL INFO MNNVL busId 0x7e000 fabric UUID 0.0 cliqueId 0x0 state 3 healthMask 0x0
[36m(vLLMHttpServer pid=146226)[0m notebook-56ece9efd1a0-worker-0:148226:148226 [0] NCCL INFO Setting affinity for GPU 1 to 0-47,96-143
[36m(vLLMHttpServer pid=146226)[0m notebook-56ece9efd1a0-worker-0:148226:148226 [0] NCCL INFO NVLS multicast support is available on dev 0 (NVLS_NCHANNELS 16)
[36m(vLLMHttpServer pid=146226)[0m notebook-56ece9efd1a0-worker-0:148226:148226 [0] NCCL INFO comm 0x184ac1d0 rank 0 nRanks 4 nNodes 1 localRanks 4 localRank 0 MNNVL 0
[36m(vLLMHttpServer pid=146226)[0m notebook-56ece9efd1a0-worker-0:148226:148226 [0] NCCL INFO Channel 00/24 : 0 1 2 3
[36m(vLLMHttpServer pid=146226)[0m notebook-56ece9efd1a0-worker-0:148226:148226 [0] NCCL INFO Channel 01/24 : 0 1 2 3
[36m(vLLMHttpServer pid=146226)[0m notebook-56ece9efd1a0-worker-0:148226:148226 [0] NCCL INFO Channel 02/24 : 0 1 2 3
[36m(vLLMHttpServer pid=146226)[0m notebook-56ece9efd1a0-worker-0:148226:148226 [0] NCCL INFO Channel 03/24 : 0 1 2 3
[36m(vLLMHttpServer pid=146226)[0m notebook-56ece9efd1a0-worker-0:148226:148226 [0] NCCL INFO Channel 04/24 : 0 1 2 3
[36m(vLLMHttpServer pid=146226)[0m notebook-56ece9efd1a0-worker-0:148226:148226 [0] NCCL INFO Channel 05/24 : 0 1 2 3
[36m(vLLMHttpServer pid=146226)[0m notebook-56ece9efd1a0-worker-0:148226:148226 [0] NCCL INFO Channel 06/24 : 0 1 2 3
[36m(vLLMHttpServer pid=146226)[0m notebook-56ece9efd1a0-worker-0:148226:148226 [0] NCCL INFO Channel 07/24 : 0 1 2 3
[36m(vLLMHttpServer pid=146226)[0m notebook-56ece9efd1a0-worker-0:148226:148226 [0] NCCL INFO Channel 08/24 : 0 1 2 3
[36m(vLLMHttpServer pid=146226)[0m notebook-56ece9efd1a0-worker-0:148226:148226 [0] NCCL INFO Channel 09/24 : 0 1 2 3
[36m(vLLMHttpServer pid=146226)[0m notebook-56ece9efd1a0-worker-0:148226:148226 [0] NCCL INFO Channel 10/24 : 0 1 2 3
[36m(vLLMHttpServer pid=146226)[0m notebook-56ece9efd1a0-worker-0:148226:148226 [0] NCCL INFO Channel 11/24 : 0 1 2 3
[36m(vLLMHttpServer pid=146226)[0m notebook-56ece9efd1a0-worker-0:148226:148226 [0] NCCL INFO Channel 12/24 : 0 1 2 3
[36m(vLLMHttpServer pid=146226)[0m notebook-56ece9efd1a0-worker-0:148226:148226 [0] NCCL INFO Channel 13/24 : 0 1 2 3
[36m(vLLMHttpServer pid=146226)[0m notebook-56ece9efd1a0-worker-0:148226:148226 [0] NCCL INFO Channel 14/24 : 0 1 2 3
[36m(vLLMHttpServer pid=146226)[0m notebook-56ece9efd1a0-worker-0:148226:148226 [0] NCCL INFO Channel 15/24 : 0 1 2 3
[36m(vLLMHttpServer pid=146226)[0m notebook-56ece9efd1a0-worker-0:148226:148226 [0] NCCL INFO Channel 16/24 : 0 1 2 3
[36m(vLLMHttpServer pid=146226)[0m notebook-56ece9efd1a0-worker-0:148226:148226 [0] NCCL INFO Channel 17/24 : 0 1 2 3
[36m(vLLMHttpServer pid=146226)[0m notebook-56ece9efd1a0-worker-0:148226:148226 [0] NCCL INFO Channel 18/24 : 0 1 2 3
[36m(vLLMHttpServer pid=146226)[0m notebook-56ece9efd1a0-worker-0:148226:148226 [0] NCCL INFO Channel 19/24 : 0 1 2 3
[36m(vLLMHttpServer pid=146226)[0m notebook-56ece9efd1a0-worker-0:148226:148226 [0] NCCL INFO Channel 20/24 : 0 1 2 3
[36m(vLLMHttpServer pid=146226)[0m notebook-56ece9efd1a0-worker-0:148226:148226 [0] NCCL INFO Channel 21/24 : 0 1 2 3
[36m(vLLMHttpServer pid=146226)[0m notebook-56ece9efd1a0-worker-0:148226:148226 [0] NCCL INFO Channel 22/24 : 0 1 2 3
[36m(vLLMHttpServer pid=146226)[0m notebook-56ece9efd1a0-worker-0:148226:148226 [0] NCCL INFO Channel 23/24 : 0 1 2 3
[36m(vLLMHttpServer pid=146226)[0m notebook-56ece9efd1a0-worker-0:148226:148226 [0] NCCL INFO Trees [0] 1/-1/-1->0->-1 [1] 1/-1/-1->0->-1 [2] 1/-1/-1->0->-1 [3] 1/-1/-1->0->-1 [4] 1/-1/-1->0->-1 [5] 1/-1/-1->0->-1 [6] 1/-1/-1->0->-1 [7] 1/-1/-1->0->-1 [8] 1/-1/-1->0->-1 [9] 1/-1/-1->0->-1 [10] 1/-1/-1->0->-1 [11] 1/-1/-1->0->-1 [12] 1/-1/-1->0->-1 [13] 1/-1/-1->0->-1 [14] 1/-1/-1->0->-1 [15] 1/-1/-1->0->-1 [16] 1/-1/-1->0->-1 [17] 1/-1/-1->0->-1 [18] 1/-1/-1->0->-1 [19] 1/-1/-1->0->-1 [20] 1/-1/-1->0->-1 [21] 1/-1/-1->0->-1 [22] 1/-1/-1->0->-1 [23] 1/-1/-1->0->-1
[36m(vLLMHttpServer pid=146226)[0m notebook-56ece9efd1a0-worker-0:148226:148226 [0] NCCL INFO P2P Chunksize set to 524288
[36m(vLLMHttpServer pid=146226)[0m notebook-56ece9efd1a0-worker-0:148226:148226 [0] NCCL INFO Check P2P Type isAllDirectP2p 1 directMode 0
[36m(vLLMHttpServer pid=146226)[0m notebook-56ece9efd1a0-worker-0:148226:149734 [0] NCCL INFO [Proxy Service] Device 0 CPU core 121
[36m(vLLMHttpServer pid=146226)[0m notebook-56ece9efd1a0-worker-0:148226:149737 [0] NCCL INFO [Proxy Service UDS] Device 0 CPU core 122
[36m(vLLMHttpServer pid=146226)[0m notebook-56ece9efd1a0-worker-0:148226:148226 [0] NCCL INFO Channel 00/0 : 0[1] -> 1[2] via P2P/IPC
[36m(vLLMHttpServer pid=146226)[0m notebook-56ece9efd1a0-worker-0:148226:148226 [0] NCCL INFO Channel 0
[36m(vLLMHttpServer pid=146226)[0m notebook-56ece9efd1a0-worker-0:148228:148228 [2] NCCL INFO Assigned NET plugin Socket to comm
[36m(vLLMHttpServer pid=146226)[0m notebook-56ece9efd1a0-worker-0:148228:148228 [2] NCCL INFO Using network Socket
[36m(vLLMHttpServer pid=146226)[0m notebook-56ece9efd1a0-worker-0:148228:148228 [2] NCCL INFO ncclCommInitRank comm 0x184cc740 rank 2 nranks 4 cudaDev 2 nvmlDev 3 busId c6000 commId 0x1ea04a65f4df7bb5 - Init START
[36m(vLLMHttpServer pid=146226)[0m notebook-56ece9efd1a0-worker-0:148228:148228 [2] NCCL INFO Bootstrap timings total 0.000901 (create 0.000015, send 0.000105, recv 0.000542, ring 0.000136, delay 0.000000)
[36m(vLLMHttpServer pid=146226)[0m notebook-56ece9efd1a0-worker-0:148228:148228 [2] NCCL INFO MNNVL busId 0xc6000 fabric UUID 0.0 cliqueId 0x0 state 3 healthMask 0x0
[36m(vLLMHttpServer pid=146226)[0m notebook-56ece9efd1a0-worker-0:148228:148228 [2] NCCL INFO Setting affinity for GPU 3 to 0-47,96-143
[36m(vLLMHttpServer pid=146226)[0m notebook-56ece9efd1a0-worker-0:148228:148228 [2] NCCL INFO NVLS multicast support is available on dev 2 (NVLS_NCHANNELS 16)
[36m(vLLMHttpServer pid=146226)[0m notebook-56ece9efd1a0-worker-0:148228:148228 [2] NCCL INFO comm 0x184cc740 rank 2 nRanks 4 nNodes 1 localRanks 4 localRank 2 MNNVL 0
[36m(vLLMHttpServer pid=146226)[0m notebook-56ece9efd1a0-worker-0:148228:148228 [2] NCCL INFO Trees [0] 3/-1/-1->2->1 [1] 3/-1/-1->2->1 [2] 3/-1/-1->2->1 [3] 3/-1/-1->2->1 [4] 3/-1/-1->2->1 [5] 3/-1/-1->2->1 [6] 3/-1/-1->2->1 [7] 3/-1/-1->2->1 [8] 3/-1/-1->2->1 [9] 3/-1/-1->2->1 [10] 3/-1/-1->2->1 [11] 3/-1/-1->2->1 [12] 3/-1/-1->2->1 [13] 3/-1/-1->2->1 [14] 3/-1/-1->2->1 [15] 3/-1/-1->2->1 [16] 3/-1/-1->2->1 [17] 3/-1/-1->2->1 [18] 3/-1/-1->2->1 [19] 3/-1/-1->2->1 [20] 3/-1/-1->2->1 [21] 3/-1/-1->2->1 [22] 3/-1/-1->2->1 [23] 3/-1/-1->2->1
[36m(vLLMHttpServer pid=146226)[0m notebook-56ece9efd1a0-worker-0:148228:148228 [2] NCCL INFO P2P Chunksize set to 524288
[36m(vLLMHttpServer pid=146226)[0m notebook-56ece9efd1a0-worker-0:148228:149732 [2] NCCL INFO [Proxy Service] Device 2 CPU core 17
[36m(vLLMHttpServer pid=146226)[0m notebook-56ece9efd1a0-worker-0:148228:149735 [2] NCCL INFO [Proxy Service UDS] Device 2 CPU core 18
[36m(vLLMHttpServer pid=146226)[0m notebook-56ece9efd1a0-worker-0:148228:148228 [2] NCCL INFO Channel 00/0 : 2[3] -> 3[4] via P2P/IPC
[36m(vLLMHttpServer pid=146226)[0m notebook-56ece9efd1a0-worker-0:148228:148228 [2] NCCL INFO Channel 01/0 : 2[3] -> 3[4] via P2P/IPC
[36m(vLLMHttpServer pid=146226)[0m notebook-56ece9efd1a0-worker-0:148228:148228 [2] NCCL INFO Channel 02/0 : 2[3] -> 3[4] via P2P/IPC
[36m(vLLMHttpServer pid=146226)[0m notebook-56ece9efd1a0-worker-0:148228:148228 [2] NCCL INFO Channel 03/0 : 2[3] -> 3[4] via P2P/IPC
[36m(vLLMHttpServer pid=146226)[0m notebook-56ece9efd1a0-worker-0:148228:148228 [2] NCCL INFO Channel 04/0 : 2[3] -> 3[4] via P2P/IPC
[36m(vLLMHttpServer pid=146226)[0m notebook-56ece9efd1a0-worker-0:148228:148228 [2] NCCL INFO Channel 05/0 : 2[3] -> 3[4] via P2P/IPC
[36m(vLLMHttpServer pid=146226)[0m notebook-56ece9efd1a0-worker-0:148228:148228 [2] NCCL INFO Channel 06/0 : 2[3] -> 3[4] via P2P/IPC
[36m(vLLMHttpServer pid=146226)[0m notebook-56ece9efd1a0-worker-0:148228:148228 [2] NCCL INFO Channel 07/0 : 2[3] -> 3[4] via P2P/IPC
[36m(vLLMHttpServer pid=146226)[0m notebook-56ece9efd1a0-worker-0:148228:148228 [2] NCCL INFO Channel 08/0 : 2[3] -> 3[4] via P2P/IPC
[36m(vLLMHttpServer pid=146226)[0m notebook-56ece9efd1a0-worker-0:148228:148228 [2] NCCL INFO Channel 09/0 : 2[3] -> 3[4] via P2P/IPC
[36m(vLLMHttpServer pid=146226)[0m notebook-56ece9efd1a0-worker-0:148228:148228 [2] NCCL INFO Channel 10/0 : 2[3] -> 3[4] via P2P/IPC
[36m(vLLMHttpServer pid=146226)[0m notebook-56ece9efd1a0-worker-0:148228:148228 [2] NCCL INFO Channel 11/0 : 2[3] -> 3[4] via P2P/IPC
[36m(vLLMHttpServer pid=146226)[0m notebook-56ece9efd1a0-worker-0:148228:148228 [2] NCCL INFO Channel 12/0 : 2[3] -> 3[4] via P2P/IPC
[36m(vLLMHttpServer pid=146226)[0m notebook-56ece9efd1a0-worker-0:148228:148228 [2] NCCL INFO Channel 13/0 : 2[3] -> 3[4] via P2P/IPC
[36m(vLLMHttpServer pid=146226)[0m notebook-56ece9efd1a0-worker-0:148228:148228 [2] NCCL INFO Channel 14/0 : 2[3] -> 3[4] via P2P/IPC
[36m(vLLMHttpServer pid=146226)[0m notebook-56ece9efd1a0-worker-0:148228:148228 [2] NCCL INFO Channel 15/0 : 2[3] -> 3[4] via P2P/IPC
[36m(vLLMHttpServer pid=146226)[0m notebook-56ece9efd1a0-worker-0:148228:148228 [2] NCCL INFO Channel 16/0 : 2[3] -> 3[4] via P2P/IPC
[36m(vLLMHttpServer pid=146226)[0m notebook-56ece9efd1a0-worker-0:148228:148228 [2] NCCL INFO Channel 17/0 : 2[3] -> 3[4] via P2P/IPC
[36m(vLLMHttpServer pid=146226)[0m notebook-56ece9efd1a0-worker-0:148228:148228 [2] NCCL INFO Channel 18/0 : 2[3] -> 3[4] via P2P/IPC
[36m(vLLMHttpServer pid=146226)[0m notebook-56ece9efd1a0-worker-0:148228:148228 [2] NCCL INFO Channel 19/0 : 2[3] -> 3[4] via P2P/IPC
[36m(vLLMHttpServer pid=146226)[0m notebook-56ece9efd1a0-worker-0:148228:148228 [2] NCCL INFO Channel 20/0 : 2[3] -> 3[4] via P2P/IPC
[36m(vLLMHttpServer pid=146226)[0m notebook-56ece9efd1a0-worker-0:148228:148228 [2] NCCL INFO Channel 21/0 : 2[3] -> 3[4] via P2P/IPC
[36m(vLLMHttpServer pid=146226)[0m notebook-56ece9efd1a0-worker-0:148228:148228 [2] NCCL INFO Channel 22/0 : 2[3] -> 3[4] via P2P/IPC
[36m(vLLMHttpServer pid=146226)[0m notebook-56enotebook-56ece9efd1a0-worker-0:148229:148229 [3] NCCL INFO Assigned NET plugin Socket to comm
[36m(vLLMHttpServer pid=146226)[0m notebook-56ece9efd1a0-worker-0:148229:148229 [3] NCCL INFO Using network Socket
[36m(vLLMHttpServer pid=146226)[0m notebook-56ece9efd1a0-worker-0:148229:148229 [3] NCCL INFO ncclCommInitRank comm 0x184d6a60 rank 3 nranks 4 cudaDev 3 nvmlDev 4 busId 109000 commId 0x1ea04a65f4df7bb5 - Init START
[36m(vLLMHttpServer pid=146226)[0m notebook-56ece9efd1a0-worker-0:148229:148229 [3] NCCL INFO Bootstrap timings total 0.000491 (create 0.000018, send 0.000144, recv 0.000148, ring 0.000072, delay 0.000000)
[36m(vLLMHttpServer pid=146226)[0m notebook-56ece9efd1a0-worker-0:148229:148229 [3] NCCL INFO MNNVL busId 0x109000 fabric UUID 0.0 cliqueId 0x0 state 3 healthMask 0x0
[36m(vLLMHttpServer pid=146226)[0m notebook-56ece9efd1a0-worker-0:148229:148229 [3] NCCL INFO Setting affinity for GPU 4 to 48-91,144-187
[36m(vLLMHttpServer pid=146226)[0m notebook-56ece9efd1a0-worker-0:148229:148229 [3] NCCL INFO NVLS multicast support is available on dev 3 (NVLS_NCHANNELS 16)
[36m(vLLMHttpServer pid=146226)[0m notebook-56ece9efd1a0-worker-0:148229:148229 [3] NCCL INFO comm 0x184d6a60 rank 3 nRanks 4 nNodes 1 localRanks 4 localRank 3 MNNVL 0
[36m(vLLMHttpServer pid=146226)[0m notebook-56ece9efd1a0-worker-0:148229:148229 [3] NCCL INFO Trees [0] -1/-1/-1->3->2 [1] -1/-1/-1->3->2 [2] -1/-1/-1->3->2 [3] -1/-1/-1->3->2 [4] -1/-1/-1->3->2 [5] -1/-1/-1->3->2 [6] -1/-1/-1->3->2 [7] -1/-1/-1->3->2 [8] -1/-1/-1->3->2 [9] -1/-1/-1->3->2 [10] -1/-1/-1->3->2 [11] -1/-1/-1->3->2 [12] -1/-1/-1->3->2 [13] -1/-1/-1->3->2 [14] -1/-1/-1->3->2 [15] -1/-1/-1->3->2 [16] -1/-1/-1->3->2 [17] -1/-1/-1->3->2 [18] -1/-1/-1->3->2 [19] -1/-1/-1->3->2 [20] -1/-1/-1->3->2 [21] -1/-1/-1->3->2 [22] -1/-1/-1->3->2 [23] -1/-1/-1->3->2
[36m(vLLMHttpServer pid=146226)[0m notebook-56ece9efd1a0-worker-0:148229:148229 [3] NCCL INFO P2P Chunksize set to 524288
[36m(vLLMHttpServer pid=146226)[0m notebook-56ece9efd1a0-worker-0:148229:149738 [3] NCCL INFO [Proxy Service] Device 3 CPU core 49
[36m(vLLMHttpServer pid=146226)[0m notebook-56ece9efd1a0-worker-0:148229:149739 [3] NCCL INFO [Proxy Service UDS] Device 3 CPU core 50
[36m(vLLMHttpServer pid=146226)[0m notebook-56ece9efd1a0-worker-0:148229:148229 [3] NCCL INFO Channel 00/0 : 3[4] -> 0[1] via P2P/IPC
[36m(vLLMHttpServer pid=146226)[0m notebook-56ece9efd1a0-worker-0:148229:148229 [3] NCCL INFO Channel 01/0 : 3[4] -> 0[1] via P2P/IPC
[36m(vLLMHttpServer pid=146226)[0m notebook-56ece9efd1a0-worker-0:148229:148229 [3] NCCL INFO Channel 02/0 : 3[4] -> 0[1] via P2P/IPC
[36m(vLLMHttpServer pid=146226)[0m notebook-56ece9efd1a0-worker-0:148229:148229 [3] NCCL INFO Channel 03/0 : 3[4] -> 0[1] via P2P/IPC
[36m(vLLMHttpServer pid=146226)[0m notebook-56ece9efd1a0-worker-0:148229:148229 [3] NCCL INFO Channel 04/0 : 3[4] -> 0[1] via P2P/IPC
[36m(vLLMHttpServer pid=146226)[0m notebook-56ece9efd1a0-worker-0:148229:148229 [3] NCCL INFO Channel 05/0 : 3[4] -> 0[1] via P2P/IPC
[36m(vLLMHttpServer pid=146226)[0m notebook-56ece9efd1a0-worker-0:148229:148229 [3] NCCL INFO Channel 06/0 : 3[4] -> 0[1] via P2P/IPC
[36m(vLLMHttpServer pid=146226)[0m notebook-56ece9efd1a0-worker-0:148229:148229 [3] NCCL INFO Channel 07/0 : 3[4] -> 0[1] via P2P/IPC
[36m(vLLMHttpServer pid=146226)[0m notebook-56ece9efd1a0-worker-0:148229:148229 [3] NCCL INFO Channel 08/0 : 3[4] -> 0[1] via P2P/IPC
[36m(vLLMHttpServer pid=146226)[0m notebook-56ece9efd1a0-worker-0:148229:148229 [3] NCCL INFO Channel 09/0 : 3[4] -> 0[1] via P2P/IPC
[36m(vLLMHttpServer pid=146226)[0m notebook-56ece9efd1a0-worker-0:148229:148229 [3] NCCL INFO Channel 10/0 : 3[4] -> 0[1] via P2P/IPC
[36m(vLLMHttpServer pid=146226)[0m notebook-56ece9efd1a0-worker-0:148229:148229 [3] NCCL INFO Channel 11/0 : 3[4] -> 0[1] via P2P/IPC
[36m(vLLMHttpServer pid=146226)[0m notebook-56ece9efd1a0-worker-0:148229:148229 [3] NCCL INFO Channel 12/0 : 3[4] -> 0[1] via P2P/IPC
[36m(vLLMHttpServer pid=146226)[0m notebook-56ece9efd1a0-worker-0:148229:148229 [3] NCCL INFO Channel 13/0 : 3[4] -> 0[1] via P2P/IPC
[36m(vLLMHttpServer pid=146226)[0m notebook-56ece9efd1a0-worker-0:148229:148229 [3] NCCL INFO Channel 14/0 : 3[4] -> 0[1] via P2P/IPC
[36m(vLLMHttpServer pid=146226)[0m notebook-56ece9efd1a0-worker-0:148229:148229 [3] NCCL INFO Channel 15/0 : 3[4] -> 0[1] via P2P/IPC
[36m(vLLMHttpServer pid=146226)[0m notebook-56ece9efd1a0-worker-0:148229:148229 [3] NCCL INFO Channel 16/0 : 3[4] -> 0[1] via P2P/IPC
[36m(vLLMHttpServer pid=146226)[0m notebook-56ece9efd1a0-worker-0:148229:148229 [3] NCCL INFO Channel 17/0 : 3[4] -> 0[1] via P2P/IPC
[36m(vLLMHttpServer pid=146226)[0m notebook-56ece9efd1a0-worker-0:148229:148229 [3] NCCL INFO Channel 18/0 : 3[4] -> 0[1] via P2P/IPC
[36m(vLLMHttpServer pid=146226)[0m notebook-56ece9efd1a0-worker-0:148229:148229 [3] NCCL INFO Channel 19/0 : 3[4] -> 0[1] via P2P/IPC
[36m(vLLMHttpServer pid=146226)[0m notebook-56ece9efd1a0-worker-0:148229:148229 [3] NCCL INFO Channel 20/0 : 3[4] -> 0[1] via P2P/IPC
[36m(vLLMHttpServer pid=146226)[0m notebook-56ece9efd1a0-worker-0:148229:148229 [3] NCCL INFO Channel 21/0 : 3[4] -> 0[1] via P2P/IPC
[36m(vLLMHttpServer pid=146226)[0m notebook-56ece9efd1a0-worker-0:148229:148229 [3] NCCL INFO Channel 22/0 : 3[4] -> 0notebook-56ece9efd1a0-worker-0:148227:148227 [1] NCCL INFO Assigned NET plugin Socket to comm[36m(vLLMHttpServer pid=146226)[0m [1;36m(Worker_TP0 pid=148226)[0;0m Loading safetensors checkpoint shards:   0% Completed | 0/17 [00:00<?, ?it/s]
[36m(vLLMHttpServer pid=146226)[0m [1;36m(Worker_TP0 pid=148226)[0;0m Loading safetensors checkpoint shards:   6% Completed | 1/17 [00:00<00:03,  4.16it/s]
[36m(vLLMHttpServer pid=146226)[0m [1;36m(Worker_TP0 pid=148226)[0;0m Loading safetensors checkpoint shards:  12% Completed | 2/17 [00:00<00:03,  3.89it/s]
[36m(vLLMHttpServer pid=146226)[0m [1;36m(Worker_TP0 pid=148226)[0;0m Loading safetensors checkpoint shards:  18% Completed | 3/17 [00:00<00:03,  3.68it/s]
[36m(vLLMHttpServer pid=146226)[0m [1;36m(Worker_TP0 pid=148226)[0;0m Loading safetensors checkpoint shards:  24% Completed | 4/17 [00:01<00:03,  3.59it/s]
[36m(vLLMHttpServer pid=146226)[0m [1;36m(Worker_TP0 pid=148226)[0;0m Loading safetensors checkpoint shards:  29% Completed | 5/17 [00:01<00:03,  3.52it/s]
[36m(vLLMHttpServer pid=146226)[0m [1;36m(Worker_TP0 pid=148226)[0;0m Loading safetensors checkpoint shards:  35% Completed | 6/17 [00:01<00:03,  3.48it/s]
[36m(vLLMHttpServer pid=146226)[0m [1;36m(Worker_TP0 pid=148226)[0;0m Loading safetensors checkpoint shards:  41% Completed | 7/17 [00:01<00:02,  3.46it/s]
[36m(vLLMHttpServer pid=146226)[0m [1;36m(Worker_TP0 pid=148226)[0;0m Loading safetensors checkpoint shards:  47% Completed | 8/17 [00:02<00:02,  3.46it/s]
[36m(vLLMHttpServer pid=146226)[0m [1;36m(Worker_TP0 pid=148226)[0;0m Loading safetensors checkpoint shards:  53% Completed | 9/17 [00:02<00:02,  3.37it/s]
[36m(vLLMHttpServer pid=146226)[0m [1;36m(Worker_TP0 pid=148226)[0;0m Loading safetensors checkpoint shards:  59% Completed | 10/17 [00:02<00:02,  3.36it/s]
[36m(vLLMHttpServer pid=146226)[0m [1;36m(Worker_TP0 pid=148226)[0;0m Loading safetensors checkpoint shards:  65% Completed | 11/17 [00:03<00:01,  3.37it/s]
[36m(vLLMHttpServer pid=146226)[0m [1;36m(Worker_TP0 pid=148226)[0;0m Loading safetensors checkpoint shards:  71% Completed | 12/17 [00:03<00:01,  3.37it/s]
[36m(vLLMHttpServer pid=146226)[0m [1;36m(Worker_TP0 pid=148226)[0;0m Loading safetensors checkpoint shards:  76% Completed | 13/17 [00:03<00:01,  3.44it/s]
[36m(vLLMHttpServer pid=146226)[0m [1;36m(Worker_TP0 pid=148226)[0;0m Loading safetensors checkpoint shards:  82% Completed | 14/17 [00:04<00:00,  3.51it/s]
[36m(vLLMHttpServer pid=146226)[0m [1;36m(Worker_TP0 pid=148226)[0;0m Loading safetensors checkpoint shards:  88% Completed | 15/17 [00:04<00:00,  3.61it/s]
[36m(vLLMHttpServer pid=146226)[0m [1;36m(Worker_TP0 pid=148226)[0;0m Loading safetensors checkpoint shards:  94% Completed | 16/17 [00:04<00:00,  3.70it/s]
[36m(vLLMHttpServer pid=146226)[0m [1;36m(Worker_TP0 pid=148226)[0;0m Loading safetensors checkpoint shards: 100% Completed | 17/17 [00:04<00:00,  3.98it/s]
[36m(vLLMHttpServer pid=146226)[0m [1;36m(Worker_TP0 pid=148226)[0;0m Loading safetensors checkpoint shards: 100% Completed | 17/17 [00:04<00:00,  3.59it/s]
[36m(vLLMHttpServer pid=146226)[0m [1;36m(Worker_TP0 pid=148226)[0;0m 

[36m(vLLMHttpServer pid=146226)[0m notebook-56ece9efd1a0-worker-0:148227:148227 [1] NCCL INFO Using network Socket
[36m(vLLMHttpServer pid=146226)[0m notebook-56ece9efd1a0-worker-0:148227:148227 [1] NCCL INFO ncclCommInitRank comm 0x184cb940 rank 1 nranks 4 cudaDev 1 nvmlDev 2 busId a2000 commId 0x1ea04a65f4df7bb5 - Init START
[36m(vLLMHttpServer pid=146226)[0m notebook-56ece9efd1a0-worker-0:148227:148227 [1] NCCL INFO Bootstrap timings total 0.000641 (create 0.000014, send 0.000111, recv 0.000140, ring 0.000273, delay 0.000000)
[36m(vLLMHttpServer pid=146226)[0m notebook-56ece9efd1a0-worker-0:148227:148227 [1] NCCL INFO MNNVL busId 0xa2000 fabric UUID 0.0 cliqueId 0x0 state 3 healthMask 0x0
[36m(vLLMHttpServer pid=146226)[0m notebook-56ece9efd1a0-worker-0:148227:148227 [1] NCCL INFO Setting affinity for GPU 2 to 0-47,96-143
[36m(vLLMHttpServer pid=146226)[0m notebook-56ece9efd1a0-worker-0:148227:148227 [1] NCCL INFO NVLS multicast support is available on dev 1 (NVLS_NCHANNELS 16)
[36m(vLLMHttpServer pid=146226)[0m notebook-56ece9efd1a0-worker-0:148227:148227 [1] NCCL INFO comm 0x184cb940 rank 1 nRanks 4 nNodes 1 localRanks 4 localRank 1 MNNVL 0
[36m(vLLMHttpServer pid=146226)[0m notebook-56ece9efd1a0-worker-0:148227:148227 [1] NCCL INFO Trees [0] 2/-1/-1->1->0 [1] 2/-1/-1->1->0 [2] 2/-1/-1->1->0 [3] 2/-1/-1->1->0 [4] 2/-1/-1->1->0 [5] 2/-1/-1->1->0 [6] 2/-1/-1->1->0 [7] 2/-1/-1->1->0 [8] 2/-1/-1->1->0 [9] 2/-1/-1->1->0 [10] 2/-1/-1->1->0 [11] 2/-1/-1->1->0 [12] 2/-1/-1->1->0 [13] 2/-1/-1->1->0 [14] 2/-1/-1->1->0 [15] 2/-1/-1->1->0 [16] 2/-1/-1->1->0 [17] 2/-1/-1->1->0 [18] 2/-1/-1->1->0 [19] 2/-1/-1->1->0 [20] 2/-1/-1->1->0 [21] 2/-1/-1->1->0 [22] 2/-1/-1->1->0 [23] 2/-1/-1->1->0
[36m(vLLMHttpServer pid=146226)[0m notebook-56ece9efd1a0-worker-0:148227:148227 [1] NCCL INFO P2P Chunksize set to 524288
[36m(vLLMHttpServer pid=146226)[0m notebook-56ece9efd1a0-worker-0:148227:149733 [1] NCCL INFO [Proxy Service] Device 1 CPU core 10
[36m(vLLMHttpServer pid=146226)[0m notebook-56ece9efd1a0-worker-0:148227:149736 [1] NCCL INFO [Proxy Service UDS] Device 1 CPU core 9
[36m(vLLMHttpServer pid=146226)[0m notebook-56ece9efd1a0-worker-0:148227:148227 [1] NCCL INFO Channel 00/0 : 1[2] -> 2[3] via P2P/IPC
[36m(vLLMHttpServer pid=146226)[0m notebook-56ece9efd1a0-worker-0:148227:148227 [1] NCCL INFO Channel 01/0 : 1[2] -> 2[3] via P2P/IPC
[36m(vLLMHttpServer pid=146226)[0m notebook-56ece9efd1a0-worker-0:148227:148227 [1] NCCL INFO Channel 02/0 : 1[2] -> 2[3] via P2P/IPC
[36m(vLLMHttpServer pid=146226)[0m notebook-56ece9efd1a0-worker-0:148227:148227 [1] NCCL INFO Channel 03/0 : 1[2] -> 2[3] via P2P/IPC
[36m(vLLMHttpServer pid=146226)[0m notebook-56ece9efd1a0-worker-0:148227:148227 [1] NCCL INFO Channel 04/0 : 1[2] -> 2[3] via P2P/IPC
[36m(vLLMHttpServer pid=146226)[0m notebook-56ece9efd1a0-worker-0:148227:148227 [1] NCCL INFO Channel 05/0 : 1[2] -> 2[3] via P2P/IPC
[36m(vLLMHttpServer pid=146226)[0m notebook-56ece9efd1a0-worker-0:148227:148227 [1] NCCL INFO Channel 06/0 : 1[2] -> 2[3] via P2P/IPC
[36m(vLLMHttpServer pid=146226)[0m notebook-56ece9efd1a0-worker-0:148227:148227 [1] NCCL INFO Channel 07/0 : 1[2] -> 2[3] via P2P/IPC
[36m(vLLMHttpServer pid=146226)[0m notebook-56ece9efd1a0-worker-0:148227:148227 [1] NCCL INFO Channel 08/0 : 1[2] -> 2[3] via P2P/IPC
[36m(vLLMHttpServer pid=146226)[0m notebook-56ece9efd1a0-worker-0:148227:148227 [1] NCCL INFO Channel 09/0 : 1[2] -> 2[3] via P2P/IPC
[36m(vLLMHttpServer pid=146226)[0m notebook-56ece9efd1a0-worker-0:148227:148227 [1] NCCL INFO Channel 10/0 : 1[2] -> 2[3] via P2P/IPC
[36m(vLLMHttpServer pid=146226)[0m notebook-56ece9efd1a0-worker-0:148227:148227 [1] NCCL INFO Channel 11/0 : 1[2] -> 2[3] via P2P/IPC
[36m(vLLMHttpServer pid=146226)[0m notebook-56ece9efd1a0-worker-0:148227:148227 [1] NCCL INFO Channel 12/0 : 1[2] -> 2[3] via P2P/IPC
[36m(vLLMHttpServer pid=146226)[0m notebook-56ece9efd1a0-worker-0:148227:148227 [1] NCCL INFO Channel 13/0 : 1[2] -> 2[3] via P2P/IPC
[36m(vLLMHttpServer pid=146226)[0m notebook-56ece9efd1a0-worker-0:148227:148227 [1] NCCL INFO Channel 14/0 : 1[2] -> 2[3] via P2P/IPC
[36m(vLLMHttpServer pid=146226)[0m notebook-56ece9efd1a0-worker-0:148227:148227 [1] NCCL INFO Channel 15/0 : 1[2] -> 2[3] via P2P/IPC
[36m(vLLMHttpServer pid=146226)[0m notebook-56ece9efd1a0-worker-0:148227:148227 [1] NCCL INFO Channel 16/0 : 1[2] -> 2[3] via P2P/IPC
[36m(vLLMHttpServer pid=146226)[0m notebook-56ece9efd1a0-worker-0:148227:148227 [1] NCCL INFO Channel 17/0 : 1[2] -> 2[3] via P2P/IPC
[36m(vLLMHttpServer pid=146226)[0m notebook-56ece9efd1a0-worker-0:148227:148227 [1] NCCL INFO Channel 18/0 : 1[2] -> 2[3] via P2P/IPC
[36m(vLLMHttpServer pid=146226)[0m notebook-56ece9efd1a0-worker-0:148227:148227 [1] NCCL INFO Channel 19/0 : 1[2] -> 2[3] via P2P/IPC
[36m(vLLMHttpServer pid=146226)[0m notebook-56ece9efd1a0-worker-0:148227:148227 [1] NCCL INFO Channel 20/0 : 1[2] -> 2[3] via P2P/IPC
[36m(vLLMHttpServer pid=146226)[0m notebook-56ece9efd1a0-worker-0:148227:148227 [1] NCCL INFO Channel 21/0 : 1[2] -> 2[3] via P2P/IPC
[36m(vLLMHttpServer pid=146226)[0m notebook-56ece9efd1a0-worker-0:148227:148227 [1] NCCL INFO Channel 22/0 : 1[2] -> 2[3] via P2P/IPC
[36m(vLLMHttpServer pid=146226)[0m notebook-56ec
[36m(vLLMHttpServer pid=146226)[0m e9efd1a0-worker-0:148227:148227 [1] NCCL INFO Channel 23/0 : 1[2] -> 2[3] via P2P/IPC
[36m(vLLMHttpServer pid=146226)[0m notebook-56ece9efd1a0-worker-0:148227:148227 [1] NCCL INFO Connected all rings, use ring PXN 0 GDR 1
[36m(vLLMHttpServer pid=146226)[0m notebook-56ece9efd1a0-worker-0:148227:148227 [1] NCCL INFO Channel 00/0 : 1[2] -> 0[1] via P2P/IPC
[36m(vLLMHttpServer pid=146226)[0m notebook-56ece9efd1a0-worker-0:148227:148227 [1] NCCL INFO Channel 01/0 : 1[2] -> 0[1] via P2P/IPC
[36m(vLLMHttpServer pid=146226)[0m notebook-56ece9efd1a0-worker-0:148227:148227 [1] NCCL INFO Channel 02/0 : 1[2] -> 0[1] via P2P/IPC
[36m(vLLMHttpServer pid=146226)[0m notebook-56ece9efd1a0-worker-0:148227:148227 [1] NCCL INFO Channel 03/0 : 1[2] -> 0[1] via P2P/IPC
[36m(vLLMHttpServer pid=146226)[0m notebook-56ece9efd1a0-worker-0:148227:148227 [1] NCCL INFO Channel 04/0 : 1[2] -> 0[1] via P2P/IPC
[36m(vLLMHttpServer pid=146226)[0m notebook-56ece9efd1a0-worker-0:148227:148227 [1] NCCL INFO Channel 05/0 : 1[2] -> 0[1] via P2P/IPC
[36m(vLLMHttpServer pid=146226)[0m notebook-56ece9efd1a0-worker-0:148227:148227 [1] NCCL INFO Channel 06/0 : 1[2] -> 0[1] via P2P/IPC
[36m(vLLMHttpServer pid=146226)[0m notebook-56ece9efd1a0-worker-0:148227:148227 [1] NCCL INFO Channel 07/0 : 1[2] -> 0[1] via P2P/IPC
[36m(vLLMHttpServer pid=146226)[0m notebook-56ece9efd1a0-worker-0:148227:148227 [1] NCCL INFO Channel 08/0 : 1[2] -> 0[1] via P2P/IPC
[36m(vLLMHttpServer pid=146226)[0m notebook-56ece9efd1a0-worker-0:148227:148227 [1] NCCL INFO Channel 09/0 : 1[2] -> 0[1] via P2P/IPC
[36m(vLLMHttpServer pid=146226)[0m notebook-56ece9efd1a0-worker-0:148227:148227 [1] NCCL INFO Channel 10/0 : 1[2] -> 0[1] via P2P/IPC
[36m(vLLMHttpServer pid=146226)[0m notebook-56ece9efd1a0-worker-0:148227:148227 [1] NCCL INFO Channel 11/0 : 1[2] -> 0[1] via P2P/IPC
[36m(vLLMHttpServer pid=146226)[0m notebook-56ece9efd1a0-worker-0:148227:148227 [1] NCCL INFO Channel 12/0 : 1[2] -> 0[1] via P2P/IPC
[36m(vLLMHttpServer pid=146226)[0m notebook-56ece9efd1a0-worker-0:148227:148227 [1] NCCL INFO Channel 13/0 : 1[2] -> 0[1] via P2P/IPC
[36m(vLLMHttpServer pid=146226)[0m notebook-56ece9efd1a0-worker-0:148227:148227 [1] NCCL INFO Channel 14/0 : 1[2] -> 0[1] via P2P/IPC
[36m(vLLMHttpServer pid=146226)[0m notebook-56ece9efd1a0-worker-0:148227:148227 [1] NCCL INFO Channel 15/0 : 1[2] -> 0[1] via P2P/IPC
[36m(vLLMHttpServer pid=146226)[0m notebook-56ece9efd1a0-worker-0:148227:148227 [1] NCCL INFO Channel 16/0 : 1[2] -> 0[1] via P2P/IPC
[36m(vLLMHttpServer pid=146226)[0m notebook-56ece9efd1a0-worker-0:148227:148227 [1] NCCL INFO Channel 17/0 : 1[2] -> 0[1] via P2P/IPC
[36m(vLLMHttpServer pid=146226)[0m notebook-56ece9efd1a0-worker-0:148227:148227 [1] NCCL INFO Channel 18/0 : 1[2] -> 0[1] via P2P/IPC
[36m(vLLMHttpServer pid=146226)[0m notebook-56ece9efd1a0-worker-0:148227:148227 [1] NCCL INFO Channel 19/0 : 1[2] -> 0[1] via P2P/IPC
[36m(vLLMHttpServer pid=146226)[0m notebook-56ece9efd1a0-worker-0:148227:148227 [1] NCCL INFO Channel 20/0 : 1[2] -> 0[1] via P2P/IPC
[36m(vLLMHttpServer pid=146226)[0m notebook-56ece9efd1a0-worker-0:148227:148227 [1] NCCL INFO Channel 21/0 : 1[2] -> 0[1] via P2P/IPC
[36m(vLLMHttpServer pid=146226)[0m notebook-56ece9efd1a0-worker-0:148227:148227 [1] NCCL INFO Channel 22/0 : 1[2] -> 0[1] via P2P/IPC
[36m(vLLMHttpServer pid=146226)[0m notebook-56ece9efd1a0-worker-0:148227:148227 [1] NCCL INFO Channel 23/0 : 1[2] -> 0[1] via P2P/IPC
[36m(vLLMHttpServer pid=146226)[0m notebook-56ece9efd1a0-worker-0:148227:148227 [1] NCCL INFO Connected all trees
[36m(vLLMHttpServer pid=146226)[0m notebook-56ece9efd1a0-worker-0:148227:148227 [1] NCCL INFO NVLS comm 0x184cb940 headRank 1 nHeads 4 nvlsRanks 4 buffSize 1048576 nvlsPerRankSize 33554432 nvlsTotalSize 134217728
[36m(vLLMHttpServer pid=146226)[0m notebook-56ece9efd1a0-worker-0:148227:149740 [1] NCCL INFO [Proxy Progress] Device 1 CPU core 11
[36m(vLLMHttpServer pid=146226)[0m notebook-56ece9efd1a0-worker-0:148227:148227 [1] NCCL INFO threadThresholds 8/8/64 | 32/8/64 | 512 | 512
[36m(vLLMHttpServer pid=146226)[0m notebook-56ece9efd1a0-worker-0:148227:148227 [1] NCCL INFO 24 coll channels, 24 collnet channels, 16 nvls channels, 32 p2p channels, 32 p2p channels per peer
[36m(vLLMHttpServer pid=146226)[0m notebook-56ece9efd1a0-worker-0:148227:148227 [1] NCCL INFO ncclCommInitRank comm 0x184cb940 rank 1 nranks 4 cudaDev 1 nvmlDev 2 busId a2000 commId 0x1ea04a65f4df7bb5 - Init COMPLETE
[36m(vLLMHttpServer pid=146226)[0m notebook-56ece9efd1a0-worker-0:148227:148227 [1] NCCL INFO Init timings - ncclCommInitRank: rank 1 nranks 4 total 0.48 (kernels 0.00, alloc 0.00, bootstrap 0.00, allgathers 0.00, topo 0.03, graphs 0.01, connections 0.44, rest 0.00)
[36m(vLLMHttpServer pid=146226)[0m notebook-56ece9efd1a0-worker-0:148227:148227 [1] NCCL INFO Comm config Blocking set to 1
[36m(vLLMHttpServer pid=146226)[0m notebook-56ece9efd1a0-worker-0:148227:150139 [1] NCCL INFO Assigned NET plugin Socket to comm
[36m(vLLMHttpServer pid=146226)[0m notebook-56ece9efd1a0-worker-0:148227:150139 [1] NCCL INFO Using network Socket
[36m(vLLMHttpServer pid=146226)[0m notebook-56ece9efd1a0-worker-0:148227:150139 [1] NCCL INFO ncclCommInitRankConfig comm 0x3add6830 rank 1 nranks 4 cudaDev 1 nvmlDev 2 busId a2000 commId 0x93e27b754ef0e960 - Init START
[36m(vLLMHttpServer pid=146226)[0m notebook-56ece9efd1a0-worker-0:148227:150139 [1] NCCL ce9efd1a0-worker-0:148228:148228 [2] NCCL INFO Channel 23/0 : 2[3] -> 3[4] via P2P/IPC
[36m(vLLMHttpServer pid=146226)[0m notebook-56ece9efd1a0-worker-0:148228:148228 [2] NCCL INFO Connected all rings, use ring PXN 0 GDR 1
[36m(vLLMHttpServer pid=146226)[0m notebook-56ece9efd1a0-worker-0:148228:148228 [2] NCCL INFO Channel 00/0 : 2[3] -> 1[2] via P2P/IPC
[36m(vLLMHttpServer pid=146226)[0m notebook-56ece9efd1a0-worker-0:148228:148228 [2] NCCL INFO Channel 01/0 : 2[3] -> 1[2] via P2P/IPC
[36m(vLLMHttpServer pid=146226)[0m notebook-56ece9efd1a0-worker-0:148228:148228 [2] NCCL INFO Channel 02/0 : 2[3] -> 1[2] via P2P/IPC
[36m(vLLMHttpServer pid=146226)[0m notebook-56ece9efd1a0-worker-0:148228:148228 [2] NCCL INFO Channel 03/0 : 2[3] -> 1[2] via P2P/IPC
[36m(vLLMHttpServer pid=146226)[0m notebook-56ece9efd1a0-worker-0:148228:148228 [2] NCCL INFO Channel 04/0 : 2[3] -> 1[2] via P2P/IPC
[36m(vLLMHttpServer pid=146226)[0m notebook-56ece9efd1a0-worker-0:148228:148228 [2] NCCL INFO Channel 05/0 : 2[3] -> 1[2] via P2P/IPC
[36m(vLLMHttpServer pid=146226)[0m notebook-56ece9efd1a0-worker-0:148228:148228 [2] NCCL INFO Channel 06/0 : 2[3] -> 1[2] via P2P/IPC
[36m(vLLMHttpServer pid=146226)[0m notebook-56ece9efd1a0-worker-0:148228:148228 [2] NCCL INFO Channel 07/0 : 2[3] -> 1[2] via P2P/IPC
[36m(vLLMHttpServer pid=146226)[0m notebook-56ece9efd1a0-worker-0:148228:148228 [2] NCCL INFO Channel 08/0 : 2[3] -> 1[2] via P2P/IPC
[36m(vLLMHttpServer pid=146226)[0m notebook-56ece9efd1a0-worker-0:148228:148228 [2] NCCL INFO Channel 09/0 : 2[3] -> 1[2] via P2P/IPC
[36m(vLLMHttpServer pid=146226)[0m notebook-56ece9efd1a0-worker-0:148228:148228 [2] NCCL INFO Channel 10/0 : 2[3] -> 1[2] via P2P/IPC
[36m(vLLMHttpServer pid=146226)[0m notebook-56ece9efd1a0-worker-0:148228:148228 [2] NCCL INFO Channel 11/0 : 2[3] -> 1[2] via P2P/IPC
[36m(vLLMHttpServer pid=146226)[0m notebook-56ece9efd1a0-worker-0:148228:148228 [2] NCCL INFO Channel 12/0 : 2[3] -> 1[2] via P2P/IPC
[36m(vLLMHttpServer pid=146226)[0m notebook-56ece9efd1a0-worker-0:148228:148228 [2] NCCL INFO Channel 13/0 : 2[3] -> 1[2] via P2P/IPC
[36m(vLLMHttpServer pid=146226)[0m notebook-56ece9efd1a0-worker-0:148228:148228 [2] NCCL INFO Channel 14/0 : 2[3] -> 1[2] via P2P/IPC
[36m(vLLMHttpServer pid=146226)[0m notebook-56ece9efd1a0-worker-0:148228:148228 [2] NCCL INFO Channel 15/0 : 2[3] -> 1[2] via P2P/IPC
[36m(vLLMHttpServer pid=146226)[0m notebook-56ece9efd1a0-worker-0:148228:148228 [2] NCCL INFO Channel 16/0 : 2[3] -> 1[2] via P2P/IPC
[36m(vLLMHttpServer pid=146226)[0m notebook-56ece9efd1a0-worker-0:148228:148228 [2] NCCL INFO Channel 17/0 : 2[3] -> 1[2] via P2P/IPC
[36m(vLLMHttpServer pid=146226)[0m notebook-56ece9efd1a0-worker-0:148228:148228 [2] NCCL INFO Channel 18/0 : 2[3] -> 1[2] via P2P/IPC
[36m(vLLMHttpServer pid=146226)[0m notebook-56ece9efd1a0-worker-0:148228:148228 [2] NCCL INFO Channel 19/0 : 2[3] -> 1[2] via P2P/IPC
[36m(vLLMHttpServer pid=146226)[0m notebook-56ece9efd1a0-worker-0:148228:148228 [2] NCCL INFO Channel 20/0 : 2[3] -> 1[2] via P2P/IPC
[36m(vLLMHttpServer pid=146226)[0m notebook-56ece9efd1a0-worker-0:148228:148228 [2] NCCL INFO Channel 21/0 : 2[3] -> 1[2] via P2P/IPC
[36m(vLLMHttpServer pid=146226)[0m notebook-56ece9efd1a0-worker-0:148228:148228 [2] NCCL INFO Channel 22/0 : 2[3] -> 1[2] via P2P/IPC
[36m(vLLMHttpServer pid=146226)[0m notebook-56ece9efd1a0-worker-0:148228:148228 [2] NCCL INFO Channel 23/0 : 2[3] -> 1[2] via P2P/IPC
[36m(vLLMHttpServer pid=146226)[0m notebook-56ece9efd1a0-worker-0:148228:148228 [2] NCCL INFO Connected all trees
[36m(vLLMHttpServer pid=146226)[0m notebook-56ece9efd1a0-worker-0:148228:148228 [2] NCCL INFO NVLS comm 0x184cc740 headRank 2 nHeads 4 nvlsRanks 4 buffSize 1048576 nvlsPerRankSize 33554432 nvlsTotalSize 134217728
[36m(vLLMHttpServer pid=146226)[0m notebook-56ece9efd1a0-worker-0:148228:149741 [2] NCCL INFO [Proxy Progress] Device 2 CPU core 19
[36m(vLLMHttpServer pid=146226)[0m notebook-56ece9efd1a0-worker-0:148228:148228 [2] NCCL INFO threadThresholds 8/8/64 | 32/8/64 | 512 | 512
[36m(vLLMHttpServer pid=146226)[0m notebook-56ece9efd1a0-worker-0:148228:148228 [2] NCCL INFO 24 coll channels, 24 collnet channels, 16 nvls channels, 32 p2p channels, 32 p2p channels per peer
[36m(vLLMHttpServer pid=146226)[0m notebook-56ece9efd1a0-worker-0:148228:148228 [2] NCCL INFO ncclCommInitRank comm 0x184cc740 rank 2 nranks 4 cudaDev 2 nvmlDev 3 busId c6000 commId 0x1ea04a65f4df7bb5 - Init COMPLETE
[36m(vLLMHttpServer pid=146226)[0m notebook-56ece9efd1a0-worker-0:148228:148228 [2] NCCL INFO Init timings - ncclCommInitRank: rank 2 nranks 4 total 0.48 (kernels 0.00, alloc 0.00, bootstrap 0.00, allgathers 0.00, topo 0.03, graphs 0.01, connections 0.44, rest 0.00)
[36m(vLLMHttpServer pid=146226)[0m notebook-56ece9efd1a0-worker-0:148228:148228 [2] NCCL INFO Comm config Blocking set to 1
[36m(vLLMHttpServer pid=146226)[0m notebook-56ece9efd1a0-worker-0:148228:150138 [2] NCCL INFO Assigned NET plugin Socket to comm
[36m(vLLMHttpServer pid=146226)[0m notebook-56ece9efd1a0-worker-0:148228:150138 [2] NCCL INFO Using network Socket
[36m(vLLMHttpServer pid=146226)[0m notebook-56ece9efd1a0-worker-0:148228:150138 [2] NCCL INFO ncclCommInitRankConfig comm 0x3aebef30 rank 2 nranks 4 cudaDev 2 nvmlDev 3 busId c6000 commId 0x93e27b754ef0e960 - Init START
[36m(vLLMHttpServer pid=146226)[0m notebook-56ece9efd1a0-worker-0:148228:150138 [2] NCCL[1] via P2P/IPC
[36m(vLLMHttpServer pid=146226)[0m notebook-56ece9efd1a0-worker-0:148229:148229 [3] NCCL INFO Channel 23/0 : 3[4] -> 0[1] via P2P/IPC
[36m(vLLMHttpServer pid=146226)[0m notebook-56ece9efd1a0-worker-0:148229:148229 [3] NCCL INFO Connected all rings, use ring PXN 0 GDR 1
[36m(vLLMHttpServer pid=146226)[0m notebook-56ece9efd1a0-worker-0:148229:148229 [3] NCCL INFO Channel 00/0 : 3[4] -> 2[3] via P2P/IPC
[36m(vLLMHttpServer pid=146226)[0m notebook-56ece9efd1a0-worker-0:148229:148229 [3] NCCL INFO Channel 01/0 : 3[4] -> 2[3] via P2P/IPC
[36m(vLLMHttpServer pid=146226)[0m notebook-56ece9efd1a0-worker-0:148229:148229 [3] NCCL INFO Channel 02/0 : 3[4] -> 2[3] via P2P/IPC
[36m(vLLMHttpServer pid=146226)[0m notebook-56ece9efd1a0-worker-0:148229:148229 [3] NCCL INFO Channel 03/0 : 3[4] -> 2[3] via P2P/IPC
[36m(vLLMHttpServer pid=146226)[0m notebook-56ece9efd1a0-worker-0:148229:148229 [3] NCCL INFO Channel 04/0 : 3[4] -> 2[3] via P2P/IPC
[36m(vLLMHttpServer pid=146226)[0m notebook-56ece9efd1a0-worker-0:148229:148229 [3] NCCL INFO Channel 05/0 : 3[4] -> 2[3] via P2P/IPC
[36m(vLLMHttpServer pid=146226)[0m notebook-56ece9efd1a0-worker-0:148229:148229 [3] NCCL INFO Channel 06/0 : 3[4] -> 2[3] via P2P/IPC
[36m(vLLMHttpServer pid=146226)[0m notebook-56ece9efd1a0-worker-0:148229:148229 [3] NCCL INFO Channel 07/0 : 3[4] -> 2[3] via P2P/IPC
[36m(vLLMHttpServer pid=146226)[0m notebook-56ece9efd1a0-worker-0:148229:148229 [3] NCCL INFO Channel 08/0 : 3[4] -> 2[3] via P2P/IPC
[36m(vLLMHttpServer pid=146226)[0m notebook-56ece9efd1a0-worker-0:148229:148229 [3] NCCL INFO Channel 09/0 : 3[4] -> 2[3] via P2P/IPC
[36m(vLLMHttpServer pid=146226)[0m notebook-56ece9efd1a0-worker-0:148229:148229 [3] NCCL INFO Channel 10/0 : 3[4] -> 2[3] via P2P/IPC
[36m(vLLMHttpServer pid=146226)[0m notebook-56ece9efd1a0-worker-0:148229:148229 [3] NCCL INFO Channel 11/0 : 3[4] -> 2[3] via P2P/IPC
[36m(vLLMHttpServer pid=146226)[0m notebook-56ece9efd1a0-worker-0:148229:148229 [3] NCCL INFO Channel 12/0 : 3[4] -> 2[3] via P2P/IPC
[36m(vLLMHttpServer pid=146226)[0m notebook-56ece9efd1a0-worker-0:148229:148229 [3] NCCL INFO Channel 13/0 : 3[4] -> 2[3] via P2P/IPC
[36m(vLLMHttpServer pid=146226)[0m notebook-56ece9efd1a0-worker-0:148229:148229 [3] NCCL INFO Channel 14/0 : 3[4] -> 2[3] via P2P/IPC
[36m(vLLMHttpServer pid=146226)[0m notebook-56ece9efd1a0-worker-0:148229:148229 [3] NCCL INFO Channel 15/0 : 3[4] -> 2[3] via P2P/IPC
[36m(vLLMHttpServer pid=146226)[0m notebook-56ece9efd1a0-worker-0:148229:148229 [3] NCCL INFO Channel 16/0 : 3[4] -> 2[3] via P2P/IPC
[36m(vLLMHttpServer pid=146226)[0m notebook-56ece9efd1a0-worker-0:148229:148229 [3] NCCL INFO Channel 17/0 : 3[4] -> 2[3] via P2P/IPC
[36m(vLLMHttpServer pid=146226)[0m notebook-56ece9efd1a0-worker-0:148229:148229 [3] NCCL INFO Channel 18/0 : 3[4] -> 2[3] via P2P/IPC
[36m(vLLMHttpServer pid=146226)[0m notebook-56ece9efd1a0-worker-0:148229:148229 [3] NCCL INFO Channel 19/0 : 3[4] -> 2[3] via P2P/IPC
[36m(vLLMHttpServer pid=146226)[0m notebook-56ece9efd1a0-worker-0:148229:148229 [3] NCCL INFO Channel 20/0 : 3[4] -> 2[3] via P2P/IPC
[36m(vLLMHttpServer pid=146226)[0m notebook-56ece9efd1a0-worker-0:148229:148229 [3] NCCL INFO Channel 21/0 : 3[4] -> 2[3] via P2P/IPC
[36m(vLLMHttpServer pid=146226)[0m notebook-56ece9efd1a0-worker-0:148229:148229 [3] NCCL INFO Channel 22/0 : 3[4] -> 2[3] via P2P/IPC
[36m(vLLMHttpServer pid=146226)[0m notebook-56ece9efd1a0-worker-0:148229:148229 [3] NCCL INFO Channel 23/0 : 3[4] -> 2[3] via P2P/IPC
[36m(vLLMHttpServer pid=146226)[0m notebook-56ece9efd1a0-worker-0:148229:148229 [3] NCCL INFO Connected all trees
[36m(vLLMHttpServer pid=146226)[0m notebook-56ece9efd1a0-worker-0:148229:148229 [3] NCCL INFO NVLS comm 0x184d6a60 headRank 3 nHeads 4 nvlsRanks 4 buffSize 1048576 nvlsPerRankSize 33554432 nvlsTotalSize 134217728
[36m(vLLMHttpServer pid=146226)[0m notebook-56ece9efd1a0-worker-0:148229:149743 [3] NCCL INFO [Proxy Progress] Device 3 CPU core 50
[36m(vLLMHttpServer pid=146226)[0m notebook-56ece9efd1a0-worker-0:148229:148229 [3] NCCL INFO threadThresholds 8/8/64 | 32/8/64 | 512 | 512
[36m(vLLMHttpServer pid=146226)[0m notebook-56ece9efd1a0-worker-0:148229:148229 [3] NCCL INFO 24 coll channels, 24 collnet channels, 16 nvls channels, 32 p2p channels, 32 p2p channels per peer
[36m(vLLMHttpServer pid=146226)[0m notebook-56ece9efd1a0-worker-0:148229:148229 [3] NCCL INFO ncclCommInitRank comm 0x184d6a60 rank 3 nranks 4 cudaDev 3 nvmlDev 4 busId 109000 commId 0x1ea04a65f4df7bb5 - Init COMPLETE
[36m(vLLMHttpServer pid=146226)[0m notebook-56ece9efd1a0-worker-0:148229:148229 [3] NCCL INFO Init timings - ncclCommInitRank: rank 3 nranks 4 total 0.48 (kernels 0.00, alloc 0.00, bootstrap 0.00, allgathers 0.00, topo 0.03, graphs 0.01, connections 0.44, rest 0.00)
[36m(vLLMHttpServer pid=146226)[0m notebook-56ece9efd1a0-worker-0:148229:148229 [3] NCCL INFO Comm config Blocking set to 1
[36m(vLLMHttpServer pid=146226)[0m notebook-56ece9efd1a0-worker-0:148229:150140 [3] NCCL INFO Assigned NET plugin Socket to comm
[36m(vLLMHttpServer pid=146226)[0m notebook-56ece9efd1a0-worker-0:148229:150140 [3] NCCL INFO Using network Socket
[36m(vLLMHttpServer pid=146226)[0m notebook-56ece9efd1a0-worker-0:148229:150140 [3] NCCL INFO ncclCommInitRankConfig comm 0x3bc33da0 rank 3 nranks 4 cudaDev 3 nvmlDev 4 busId 109000 commId 0x93e27b754ef0e960 - Init START
[36m(vLLMHttpServer pid=146226)[0m notebook-56ece9efd1a0-w1/0 : 0[1] -> 1[2] via P2P/IPC
[36m(vLLMHttpServer pid=146226)[0m notebook-56ece9efd1a0-worker-0:148226:148226 [0] NCCL INFO Channel 02/0 : 0[1] -> 1[2] via P2P/IPC
[36m(vLLMHttpServer pid=146226)[0m notebook-56ece9efd1a0-worker-0:148226:148226 [0] NCCL INFO Channel 03/0 : 0[1] -> 1[2] via P2P/IPC
[36m(vLLMHttpServer pid=146226)[0m notebook-56ece9efd1a0-worker-0:148226:148226 [0] NCCL INFO Channel 04/0 : 0[1] -> 1[2] via P2P/IPC
[36m(vLLMHttpServer pid=146226)[0m notebook-56ece9efd1a0-worker-0:148226:148226 [0] NCCL INFO Channel 05/0 : 0[1] -> 1[2] via P2P/IPC
[36m(vLLMHttpServer pid=146226)[0m notebook-56ece9efd1a0-worker-0:148226:148226 [0] NCCL INFO Channel 06/0 : 0[1] -> 1[2] via P2P/IPC
[36m(vLLMHttpServer pid=146226)[0m notebook-56ece9efd1a0-worker-0:148226:148226 [0] NCCL INFO Channel 07/0 : 0[1] -> 1[2] via P2P/IPC
[36m(vLLMHttpServer pid=146226)[0m notebook-56ece9efd1a0-worker-0:148226:148226 [0] NCCL INFO Channel 08/0 : 0[1] -> 1[2] via P2P/IPC
[36m(vLLMHttpServer pid=146226)[0m notebook-56ece9efd1a0-worker-0:148226:148226 [0] NCCL INFO Channel 09/0 : 0[1] -> 1[2] via P2P/IPC
[36m(vLLMHttpServer pid=146226)[0m notebook-56ece9efd1a0-worker-0:148226:148226 [0] NCCL INFO Channel 10/0 : 0[1] -> 1[2] via P2P/IPC
[36m(vLLMHttpServer pid=146226)[0m notebook-56ece9efd1a0-worker-0:148226:148226 [0] NCCL INFO Channel 11/0 : 0[1] -> 1[2] via P2P/IPC
[36m(vLLMHttpServer pid=146226)[0m notebook-56ece9efd1a0-worker-0:148226:148226 [0] NCCL INFO Channel 12/0 : 0[1] -> 1[2] via P2P/IPC
[36m(vLLMHttpServer pid=146226)[0m notebook-56ece9efd1a0-worker-0:148226:148226 [0] NCCL INFO Channel 13/0 : 0[1] -> 1[2] via P2P/IPC
[36m(vLLMHttpServer pid=146226)[0m notebook-56ece9efd1a0-worker-0:148226:148226 [0] NCCL INFO Channel 14/0 : 0[1] -> 1[2] via P2P/IPC
[36m(vLLMHttpServer pid=146226)[0m notebook-56ece9efd1a0-worker-0:148226:148226 [0] NCCL INFO Channel 15/0 : 0[1] -> 1[2] via P2P/IPC
[36m(vLLMHttpServer pid=146226)[0m notebook-56ece9efd1a0-worker-0:148226:148226 [0] NCCL INFO Channel 16/0 : 0[1] -> 1[2] via P2P/IPC
[36m(vLLMHttpServer pid=146226)[0m notebook-56ece9efd1a0-worker-0:148226:148226 [0] NCCL INFO Channel 17/0 : 0[1] -> 1[2] via P2P/IPC
[36m(vLLMHttpServer pid=146226)[0m notebook-56ece9efd1a0-worker-0:148226:148226 [0] NCCL INFO Channel 18/0 : 0[1] -> 1[2] via P2P/IPC
[36m(vLLMHttpServer pid=146226)[0m notebook-56ece9efd1a0-worker-0:148226:148226 [0] NCCL INFO Channel 19/0 : 0[1] -> 1[2] via P2P/IPC
[36m(vLLMHttpServer pid=146226)[0m notebook-56ece9efd1a0-worker-0:148226:148226 [0] NCCL INFO Channel 20/0 : 0[1] -> 1[2] via P2P/IPC
[36m(vLLMHttpServer pid=146226)[0m notebook-56ece9efd1a0-worker-0:148226:148226 [0] NCCL INFO Channel 21/0 : 0[1] -> 1[2] via P2P/IPC
[36m(vLLMHttpServer pid=146226)[0m notebook-56ece9efd1a0-worker-0:148226:148226 [0] NCCL INFO Channel 22/0 : 0[1] -> 1[2] via P2P/IPC
[36m(vLLMHttpServer pid=146226)[0m notebook-56ece9efd1a0-worker-0:148226:148226 [0] NCCL INFO Channel 23/0 : 0[1] -> 1[2] via P2P/IPC
[36m(vLLMHttpServer pid=146226)[0m notebook-56ece9efd1a0-worker-0:148226:148226 [0] NCCL INFO Connected all rings, use ring PXN 0 GDR 1
[36m(vLLMHttpServer pid=146226)[0m notebook-56ece9efd1a0-worker-0:148226:148226 [0] NCCL INFO Connected all trees
[36m(vLLMHttpServer pid=146226)[0m notebook-56ece9efd1a0-worker-0:148226:148226 [0] NCCL INFO NVLS comm 0x184ac1d0 headRank 0 nHeads 4 nvlsRanks 4 buffSize 1048576 nvlsPerRankSize 33554432 nvlsTotalSize 134217728
[36m(vLLMHttpServer pid=146226)[0m notebook-56ece9efd1a0-worker-0:148226:149742 [0] NCCL INFO [Proxy Progress] Device 0 CPU core 130
[36m(vLLMHttpServer pid=146226)[0m notebook-56ece9efd1a0-worker-0:148226:148226 [0] NCCL INFO threadThresholds 8/8/64 | 32/8/64 | 512 | 512
[36m(vLLMHttpServer pid=146226)[0m notebook-56ece9efd1a0-worker-0:148226:148226 [0] NCCL INFO 24 coll channels, 24 collnet channels, 16 nvls channels, 32 p2p channels, 32 p2p channels per peer
[36m(vLLMHttpServer pid=146226)[0m notebook-56ece9efd1a0-worker-0:148226:148226 [0] NCCL INFO CC Off, workFifoBytes 1048576
[36m(vLLMHttpServer pid=146226)[0m notebook-56ece9efd1a0-worker-0:148226:148226 [0] NCCL INFO ncclCommInitRank comm 0x184ac1d0 rank 0 nranks 4 cudaDev 0 nvmlDev 1 busId 7e000 commId 0x1ea04a65f4df7bb5 - Init COMPLETE
[36m(vLLMHttpServer pid=146226)[0m notebook-56ece9efd1a0-worker-0:148226:148226 [0] NCCL INFO Init timings - ncclCommInitRank: rank 0 nranks 4 total 0.48 (kernels 0.00, alloc 0.00, bootstrap 0.00, allgathers 0.00, topo 0.03, graphs 0.01, connections 0.44, rest 0.00)
[36m(vLLMHttpServer pid=146226)[0m notebook-56ece9efd1a0-worker-0:148226:148226 [0] NCCL INFO Comm config Blocking set to 1
[36m(vLLMHttpServer pid=146226)[0m notebook-56ece9efd1a0-worker-0:148226:150137 [0] NCCL INFO Assigned NET plugin Socket to comm
[36m(vLLMHttpServer pid=146226)[0m notebook-56ece9efd1a0-worker-0:148226:150137 [0] NCCL INFO Using network Socket
[36m(vLLMHttpServer pid=146226)[0m notebook-56ece9efd1a0-worker-0:148226:150137 [0] NCCL INFO ncclCommInitRankConfig comm 0x3aebced0 rank 0 nranks 4 cudaDev 0 nvmlDev 1 busId 7e000 commId 0x93e27b754ef0e960 - Init START
[36m(vLLMHttpServer pid=146226)[0m notebook-56ece9efd1a0-worker-0:148226:150137 [0] NCCL INFO Bootstrap timings total 0.002423 (create 0.000017, send 0.000128, recv 0.000979, ring 0.000080, delay 0.000000)
[36m(vLLMHttpServer pid=146226)[0m notebook-56ece9efd1a0-worker-0:148226:150137 [
[36m(vLLMHttpServer pid=146226)[0m 0] NCCL INFO MNNVL busId 0x7e000 fabric UUID 0.0 cliqueId 0x0 state 3 healthMask 0x0
[36m(vLLMHttpServer pid=146226)[0m notebook-56ece9efd1a0-worker-0:148226:150137 [0] NCCL INFO Setting affinity for GPU 1 to 0-47,96-143
[36m(vLLMHttpServer pid=146226)[0m notebook-56ece9efd1a0-worker-0:148226:150137 [0] NCCL INFO NVLS multicast support is available on dev 0 (NVLS_NCHANNELS 16)
[36m(vLLMHttpServer pid=146226)[0m notebook-56ece9efd1a0-worker-0:148226:150137 [0] NCCL INFO comm 0x3aebced0 rank 0 nRanks 4 nNodes 1 localRanks 4 localRank 0 MNNVL 0
[36m(vLLMHttpServer pid=146226)[0m notebook-56ece9efd1a0-worker-0:148226:150137 [0] NCCL INFO Channel 00/24 : 0 1 2 3
[36m(vLLMHttpServer pid=146226)[0m notebook-56ece9efd1a0-worker-0:148226:150137 [0] NCCL INFO Channel 01/24 : 0 1 2 3
[36m(vLLMHttpServer pid=146226)[0m notebook-56ece9efd1a0-worker-0:148226:150137 [0] NCCL INFO Channel 02/24 : 0 1 2 3
[36m(vLLMHttpServer pid=146226)[0m notebook-56ece9efd1a0-worker-0:148226:150137 [0] NCCL INFO Channel 03/24 : 0 1 2 3
[36m(vLLMHttpServer pid=146226)[0m notebook-56ece9efd1a0-worker-0:148226:150137 [0] NCCL INFO Channel 04/24 : 0 1 2 3
[36m(vLLMHttpServer pid=146226)[0m notebook-56ece9efd1a0-worker-0:148226:150137 [0] NCCL INFO Channel 05/24 : 0 1 2 3
[36m(vLLMHttpServer pid=146226)[0m notebook-56ece9efd1a0-worker-0:148226:150137 [0] NCCL INFO Channel 06/24 : 0 1 2 3
[36m(vLLMHttpServer pid=146226)[0m notebook-56ece9efd1a0-worker-0:148226:150137 [0] NCCL INFO Channel 07/24 : 0 1 2 3
[36m(vLLMHttpServer pid=146226)[0m notebook-56ece9efd1a0-worker-0:148226:150137 [0] NCCL INFO Channel 08/24 : 0 1 2 3
[36m(vLLMHttpServer pid=146226)[0m notebook-56ece9efd1a0-worker-0:148226:150137 [0] NCCL INFO Channel 09/24 : 0 1 2 3
[36m(vLLMHttpServer pid=146226)[0m notebook-56ece9efd1a0-worker-0:148226:150137 [0] NCCL INFO Channel 10/24 : 0 1 2 3
[36m(vLLMHttpServer pid=146226)[0m notebook-56ece9efd1a0-worker-0:148226:150137 [0] NCCL INFO Channel 11/24 : 0 1 2 3
[36m(vLLMHttpServer pid=146226)[0m notebook-56ece9efd1a0-worker-0:148226:150137 [0] NCCL INFO Channel 12/24 : 0 1 2 3
[36m(vLLMHttpServer pid=146226)[0m notebook-56ece9efd1a0-worker-0:148226:150137 [0] NCCL INFO Channel 13/24 : 0 1 2 3
[36m(vLLMHttpServer pid=146226)[0m notebook-56ece9efd1a0-worker-0:148226:150137 [0] NCCL INFO Channel 14/24 : 0 1 2 3
[36m(vLLMHttpServer pid=146226)[0m notebook-56ece9efd1a0-worker-0:148226:150137 [0] NCCL INFO Channel 15/24 : 0 1 2 3
[36m(vLLMHttpServer pid=146226)[0m notebook-56ece9efd1a0-worker-0:148226:150137 [0] NCCL INFO Channel 16/24 : 0 1 2 3
[36m(vLLMHttpServer pid=146226)[0m notebook-56ece9efd1a0-worker-0:148226:150137 [0] NCCL INFO Channel 17/24 : 0 1 2 3
[36m(vLLMHttpServer pid=146226)[0m notebook-56ece9efd1a0-worker-0:148226:150137 [0] NCCL INFO Channel 18/24 : 0 1 2 3
[36m(vLLMHttpServer pid=146226)[0m notebook-56ece9efd1a0-worker-0:148226:150137 [0] NCCL INFO Channel 19/24 : 0 1 2 3
[36m(vLLMHttpServer pid=146226)[0m notebook-56ece9efd1a0-worker-0:148226:150137 [0] NCCL INFO Channel 20/24 : 0 1 2 3
[36m(vLLMHttpServer pid=146226)[0m notebook-56ece9efd1a0-worker-0:148226:150137 [0] NCCL INFO Channel 21/24 : 0 1 2 3
[36m(vLLMHttpServer pid=146226)[0m notebook-56ece9efd1a0-worker-0:148226:150137 [0] NCCL INFO Channel 22/24 : 0 1 2 3
[36m(vLLMHttpServer pid=146226)[0m notebook-56ece9efd1a0-worker-0:148226:150137 [0] NCCL INFO Channel 23/24 : 0 1 2 3
[36m(vLLMHttpServer pid=146226)[0m notebook-56ece9efd1a0-worker-0:148226:150137 [0] NCCL INFO Trees [0] 1/-1/-1->0->-1 [1] 1/-1/-1->0->-1 [2] 1/-1/-1->0->-1 [3] 1/-1/-1->0->-1 [4] 1/-1/-1->0->-1 [5] 1/-1/-1->0->-1 [6] 1/-1/-1->0->-1 [7] 1/-1/-1->0->-1 [8] 1/-1/-1->0->-1 [9] 1/-1/-1->0->-1 [10] 1/-1/-1->0->-1 [11] 1/-1/-1->0->-1 [12] 1/-1/-1->0->-1 [13] 1/-1/-1->0->-1 [14] 1/-1/-1->0->-1 [15] 1/-1/-1->0->-1 [16] 1/-1/-1->0->-1 [17] 1/-1/-1->0->-1 [18] 1/-1/-1->0->-1 [19] 1/-1/-1->0->-1 [20] 1/-1/-1->0->-1 [21] 1/-1/-1->0->-1 [22] 1/-1/-1->0->-1 [23] 1/-1/-1->0->-1
[36m(vLLMHttpServer pid=146226)[0m notebook-56ece9efd1a0-worker-0:148226:150137 [0] NCCL INFO P2P Chunksize set to 524288
[36m(vLLMHttpServer pid=146226)[0m notebook-56ece9efd1a0-worker-0:148226:150137 [0] NCCL INFO Check P2P Type isAllDirectP2p 1 directMode 0
[36m(vLLMHttpServer pid=146226)[0m notebook-56ece9efd1a0-worker-0:148226:150142 [0] NCCL INFO [Proxy Service] Device 0 CPU core 100
[36m(vLLMHttpServer pid=146226)[0m notebook-56ece9efd1a0-worker-0:148226:150146 [0] NCCL INFO [Proxy Service UDS] Device 0 CPU core 102
[36m(vLLMHttpServer pid=146226)[0m notebook-56ece9efd1a0-worker-0:148226:150137 [0] NCCL INFO Channel 00/0 : 0[1] -> 1[2] via P2P/IPC
[36m(vLLMHttpServer pid=146226)[0m notebook-56ece9efd1a0-worker-0:148226:150137 [0] NCCL INFO Channel 01/0 : 0[1] -> 1[2] via P2P/IPC
[36m(vLLMHttpServer pid=146226)[0m notebook-56ece9efd1a0-worker-0:148226:150137 [0] NCCL INFO Channel 02/0 : 0[1] -> 1[2] via P2P/IPC
[36m(vLLMHttpServer pid=146226)[0m notebook-56ece9efd1a0-worker-0:148226:150137 [0] NCCL INFO Channel 03/0 : 0[1] -> 1[2] via P2P/IPC
[36m(vLLMHttpServer pid=146226)[0m notebook-56ece9efd1a0-worker-0:148226:150137 [0] NCCL INFO Channel 04/0 : 0[1] -> 1[2] via P2P/IPC
[36m(vLLMHttpServer pid=146226)[0m notebook-56ece9efd1a0-worker-0:148226:150137 [0] NCCL INFO Channel 05/0 : 0[1] -> 1[2] via P2P/IPC
[36m(vLLMHttpServer pid=146226)[0m notebook-56ece9efd1a0-worker-0:148226:150137 [0] NCCL INFO Channel 06/0 : 0[1] -> 1[2] via P2P/IPC
[36m(vLLMHttpServer pid=146226)[0m notebook-56ece9efd1a0-worker-0:148226:150137
[36m(vLLMHttpServer pid=146226)[0m orker-0:148229:150140 [3] NCCL INFO Bootstrap timings total 0.000596 (create 0.000077, send 0.000145, recv 0.000173, ring 0.000071, delay 0.000000)
[36m(vLLMHttpServer pid=146226)[0m notebook-56ece9efd1a0-worker-0:148229:150140 [3] NCCL INFO MNNVL busId 0x109000 fabric UUID 0.0 cliqueId 0x0 state 3 healthMask 0x0
[36m(vLLMHttpServer pid=146226)[0m notebook-56ece9efd1a0-worker-0:148229:150140 [3] NCCL INFO Setting affinity for GPU 4 to 48-91,144-187
[36m(vLLMHttpServer pid=146226)[0m notebook-56ece9efd1a0-worker-0:148229:150140 [3] NCCL INFO NVLS multicast support is available on dev 3 (NVLS_NCHANNELS 16)
[36m(vLLMHttpServer pid=146226)[0m notebook-56ece9efd1a0-worker-0:148229:150140 [3] NCCL INFO comm 0x3bc33da0 rank 3 nRanks 4 nNodes 1 localRanks 4 localRank 3 MNNVL 0
[36m(vLLMHttpServer pid=146226)[0m notebook-56ece9efd1a0-worker-0:148229:150140 [3] NCCL INFO Trees [0] -1/-1/-1->3->2 [1] -1/-1/-1->3->2 [2] -1/-1/-1->3->2 [3] -1/-1/-1->3->2 [4] -1/-1/-1->3->2 [5] -1/-1/-1->3->2 [6] -1/-1/-1->3->2 [7] -1/-1/-1->3->2 [8] -1/-1/-1->3->2 [9] -1/-1/-1->3->2 [10] -1/-1/-1->3->2 [11] -1/-1/-1->3->2 [12] -1/-1/-1->3->2 [13] -1/-1/-1->3->2 [14] -1/-1/-1->3->2 [15] -1/-1/-1->3->2 [16] -1/-1/-1->3->2 [17] -1/-1/-1->3->2 [18] -1/-1/-1->3->2 [19] -1/-1/-1->3->2 [20] -1/-1/-1->3->2 [21] -1/-1/-1->3->2 [22] -1/-1/-1->3->2 [23] -1/-1/-1->3->2
[36m(vLLMHttpServer pid=146226)[0m notebook-56ece9efd1a0-worker-0:148229:150140 [3] NCCL INFO P2P Chunksize set to 524288
[36m(vLLMHttpServer pid=146226)[0m notebook-56ece9efd1a0-worker-0:148229:150145 [3] NCCL INFO [Proxy Service] Device 3 CPU core 67
[36m(vLLMHttpServer pid=146226)[0m notebook-56ece9efd1a0-worker-0:148229:150148 [3] NCCL INFO [Proxy Service UDS] Device 3 CPU core 68
[36m(vLLMHttpServer pid=146226)[0m notebook-56ece9efd1a0-worker-0:148229:150140 [3] NCCL INFO Channel 00/0 : 3[4] -> 0[1] via P2P/IPC
[36m(vLLMHttpServer pid=146226)[0m notebook-56ece9efd1a0-worker-0:148229:150140 [3] NCCL INFO Channel 01/0 : 3[4] -> 0[1] via P2P/IPC
[36m(vLLMHttpServer pid=146226)[0m notebook-56ece9efd1a0-worker-0:148229:150140 [3] NCCL INFO Channel 02/0 : 3[4] -> 0[1] via P2P/IPC
[36m(vLLMHttpServer pid=146226)[0m notebook-56ece9efd1a0-worker-0:148229:150140 [3] NCCL INFO Channel 03/0 : 3[4] -> 0[1] via P2P/IPC
[36m(vLLMHttpServer pid=146226)[0m notebook-56ece9efd1a0-worker-0:148229:150140 [3] NCCL INFO Channel 04/0 : 3[4] -> 0[1] via P2P/IPC
[36m(vLLMHttpServer pid=146226)[0m notebook-56ece9efd1a0-worker-0:148229:150140 [3] NCCL INFO Channel 05/0 : 3[4] -> 0[1] via P2P/IPC
[36m(vLLMHttpServer pid=146226)[0m notebook-56ece9efd1a0-worker-0:148229:150140 [3] NCCL INFO Channel 06/0 : 3[4] -> 0[1] via P2P/IPC
[36m(vLLMHttpServer pid=146226)[0m notebook-56ece9efd1a0-worker-0:148229:150140 [3] NCCL INFO Channel 07/0 : 3[4] -> 0[1] via P2P/IPC
[36m(vLLMHttpServer pid=146226)[0m notebook-56ece9efd1a0-worker-0:148229:150140 [3] NCCL INFO Channel 08/0 : 3[4] -> 0[1] via P2P/IPC
[36m(vLLMHttpServer pid=146226)[0m notebook-56ece9efd1a0-worker-0:148229:150140 [3] NCCL INFO Channel 09/0 : 3[4] -> 0[1] via P2P/IPC
[36m(vLLMHttpServer pid=146226)[0m notebook-56ece9efd1a0-worker-0:148229:150140 [3] NCCL INFO Channel 10/0 : 3[4] -> 0[1] via P2P/IPC
[36m(vLLMHttpServer pid=146226)[0m notebook-56ece9efd1a0-worker-0:148229:150140 [3] NCCL INFO Channel 11/0 : 3[4] -> 0[1] via P2P/IPC
[36m(vLLMHttpServer pid=146226)[0m notebook-56ece9efd1a0-worker-0:148229:150140 [3] NCCL INFO Channel 12/0 : 3[4] -> 0[1] via P2P/IPC
[36m(vLLMHttpServer pid=146226)[0m notebook-56ece9efd1a0-worker-0:148229:150140 [3] NCCL INFO Channel 13/0 : 3[4] -> 0[1] via P2P/IPC
[36m(vLLMHttpServer pid=146226)[0m notebook-56ece9efd1a0-worker-0:148229:150140 [3] NCCL INFO Channel 14/0 : 3[4] -> 0[1] via P2P/IPC
[36m(vLLMHttpServer pid=146226)[0m notebook-56ece9efd1a0-worker-0:148229:150140 [3] NCCL INFO Channel 15/0 : 3[4] -> 0[1] via P2P/IPC
[36m(vLLMHttpServer pid=146226)[0m notebook-56ece9efd1a0-worker-0:148229:150140 [3] NCCL INFO Channel 16/0 : 3[4] -> 0[1] via P2P/IPC
[36m(vLLMHttpServer pid=146226)[0m notebook-56ece9efd1a0-worker-0:148229:150140 [3] NCCL INFO Channel 17/0 : 3[4] -> 0[1] via P2P/IPC
[36m(vLLMHttpServer pid=146226)[0m notebook-56ece9efd1a0-worker-0:148229:150140 [3] NCCL INFO Channel 18/0 : 3[4] -> 0[1] via P2P/IPC
[36m(vLLMHttpServer pid=146226)[0m notebook-56ece9efd1a0-worker-0:148229:150140 [3] NCCL INFO Channel 19/0 : 3[4] -> 0[1] via P2P/IPC
[36m(vLLMHttpServer pid=146226)[0m notebook-56ece9efd1a0-worker-0:148229:150140 [3] NCCL INFO Channel 20/0 : 3[4] -> 0[1] via P2P/IPC
[36m(vLLMHttpServer pid=146226)[0m notebook-56ece9efd1a0-worker-0:148229:150140 [3] NCCL INFO Channel 21/0 : 3[4] -> 0[1] via P2P/IPC
[36m(vLLMHttpServer pid=146226)[0m notebook-56ece9efd1a0-worker-0:148229:150140 [3] NCCL INFO Channel 22/0 : 3[4] -> 0[1] via P2P/IPC
[36m(vLLMHttpServer pid=146226)[0m notebook-56ece9efd1a0-worker-0:148229:150140 [3] NCCL INFO Channel 23/0 : 3[4] -> 0[1] via P2P/IPC
[36m(vLLMHttpServer pid=146226)[0m notebook-56ece9efd1a0-worker-0:148229:150140 [3] NCCL INFO Connected all rings, use ring PXN 0 GDR 1
[36m(vLLMHttpServer pid=146226)[0m notebook-56ece9efd1a0-worker-0:148229:150140 [3] NCCL INFO Channel 00/0 : 3[4] -> 2[3] via P2P/IPC
[36m(vLLMHttpServer pid=146226)[0m notebook-56ece9efd1a0-worker-0:148229:150140 [3] NCCL INFO Cha
[36m(vLLMHttpServer pid=146226)[0m INFO Bootstrap timings total 0.001539 (create 0.000018, send 0.000129, recv 0.000146, ring 0.001138, delay 0.000000)
[36m(vLLMHttpServer pid=146226)[0m notebook-56ece9efd1a0-worker-0:148227:150139 [1] NCCL INFO MNNVL busId 0xa2000 fabric UUID 0.0 cliqueId 0x0 state 3 healthMask 0x0
[36m(vLLMHttpServer pid=146226)[0m notebook-56ece9efd1a0-worker-0:148227:150139 [1] NCCL INFO Setting affinity for GPU 2 to 0-47,96-143
[36m(vLLMHttpServer pid=146226)[0m notebook-56ece9efd1a0-worker-0:148227:150139 [1] NCCL INFO NVLS multicast support is available on dev 1 (NVLS_NCHANNELS 16)
[36m(vLLMHttpServer pid=146226)[0m notebook-56ece9efd1a0-worker-0:148227:150139 [1] NCCL INFO comm 0x3add6830 rank 1 nRanks 4 nNodes 1 localRanks 4 localRank 1 MNNVL 0
[36m(vLLMHttpServer pid=146226)[0m notebook-56ece9efd1a0-worker-0:148227:150139 [1] NCCL INFO Trees [0] 2/-1/-1->1->0 [1] 2/-1/-1->1->0 [2] 2/-1/-1->1->0 [3] 2/-1/-1->1->0 [4] 2/-1/-1->1->0 [5] 2/-1/-1->1->0 [6] 2/-1/-1->1->0 [7] 2/-1/-1->1->0 [8] 2/-1/-1->1->0 [9] 2/-1/-1->1->0 [10] 2/-1/-1->1->0 [11] 2/-1/-1->1->0 [12] 2/-1/-1->1->0 [13] 2/-1/-1->1->0 [14] 2/-1/-1->1->0 [15] 2/-1/-1->1->0 [16] 2/-1/-1->1->0 [17] 2/-1/-1->1->0 [18] 2/-1/-1->1->0 [19] 2/-1/-1->1->0 [20] 2/-1/-1->1->0 [21] 2/-1/-1->1->0 [22] 2/-1/-1->1->0 [23] 2/-1/-1->1->0
[36m(vLLMHttpServer pid=146226)[0m notebook-56ece9efd1a0-worker-0:148227:150139 [1] NCCL INFO P2P Chunksize set to 524288
[36m(vLLMHttpServer pid=146226)[0m notebook-56ece9efd1a0-worker-0:148227:150141 [1] NCCL INFO [Proxy Service] Device 1 CPU core 3
[36m(vLLMHttpServer pid=146226)[0m notebook-56ece9efd1a0-worker-0:148227:150143 [1] NCCL INFO [Proxy Service UDS] Device 1 CPU core 0
[36m(vLLMHttpServer pid=146226)[0m notebook-56ece9efd1a0-worker-0:148227:150139 [1] NCCL INFO Channel 00/0 : 1[2] -> 2[3] via P2P/IPC
[36m(vLLMHttpServer pid=146226)[0m notebook-56ece9efd1a0-worker-0:148227:150139 [1] NCCL INFO Channel 01/0 : 1[2] -> 2[3] via P2P/IPC
[36m(vLLMHttpServer pid=146226)[0m notebook-56ece9efd1a0-worker-0:148227:150139 [1] NCCL INFO Channel 02/0 : 1[2] -> 2[3] via P2P/IPC
[36m(vLLMHttpServer pid=146226)[0m notebook-56ece9efd1a0-worker-0:148227:150139 [1] NCCL INFO Channel 03/0 : 1[2] -> 2[3] via P2P/IPC
[36m(vLLMHttpServer pid=146226)[0m notebook-56ece9efd1a0-worker-0:148227:150139 [1] NCCL INFO Channel 04/0 : 1[2] -> 2[3] via P2P/IPC
[36m(vLLMHttpServer pid=146226)[0m notebook-56ece9efd1a0-worker-0:148227:150139 [1] NCCL INFO Channel 05/0 : 1[2] -> 2[3] via P2P/IPC
[36m(vLLMHttpServer pid=146226)[0m notebook-56ece9efd1a0-worker-0:148227:150139 [1] NCCL INFO Channel 06/0 : 1[2] -> 2[3] via P2P/IPC
[36m(vLLMHttpServer pid=146226)[0m notebook-56ece9efd1a0-worker-0:148227:150139 [1] NCCL INFO Channel 07/0 : 1[2] -> 2[3] via P2P/IPC
[36m(vLLMHttpServer pid=146226)[0m notebook-56ece9efd1a0-worker-0:148227:150139 [1] NCCL INFO Channel 08/0 : 1[2] -> 2[3] via P2P/IPC[36m(vLLMHttpServer pid=146226)[0m [1;36m(Worker_TP3 pid=148229)[0;0m 2026-08-16 01:55:13,812 - INFO - autotuner.py:256 - flashinfer.jit: [Autotuner]: Autotuning process starts ...
[36m(vLLMHttpServer pid=146226)[0m [1;36m(Worker_TP1 pid=148227)[0;0m 2026-08-16 01:55:13,812 - INFO - autotuner.py:256 - flashinfer.jit: [Autotuner]: Autotuning process starts ...
[36m(vLLMHttpServer pid=146226)[0m [1;36m(Worker_TP0 pid=148226)[0;0m 2026-08-16 01:55:13,812 - INFO - autotuner.py:256 - flashinfer.jit: [Autotuner]: Autotuning process starts ...
[36m(vLLMHttpServer pid=146226)[0m [1;36m(Worker_TP2 pid=148228)[0;0m 2026-08-16 01:55:13,812 - INFO - autotuner.py:256 - flashinfer.jit: [Autotuner]: Autotuning process starts ...
[36m(vLLMHttpServer pid=146226)[0m [1;36m(Worker_TP1 pid=148227)[0;0m 2026-08-16 01:55:15,066 - INFO - autotuner.py:262 - flashinfer.jit: [Autotuner]: Autotuning process ends
[36m(vLLMHttpServer pid=146226)[0m [1;36m(Worker_TP0 pid=148226)[0;0m 2026-08-16 01:55:15,066 - INFO - autotuner.py:262 - flashinfer.jit: [Autotuner]: Autotuning process ends
[36m(vLLMHttpServer pid=146226)[0m [1;36m(Worker_TP3 pid=148229)[0;0m 2026-08-16 01:55:15,066 - INFO - autotuner.py:262 - flashinfer.jit: [Autotuner]: Autotuning process ends
[36m(vLLMHttpServer pid=146226)[0m [1;36m(Worker_TP2 pid=148228)[0;0m 2026-08-16 01:55:15,066 - INFO - autotuner.py:262 - flashinfer.jit: [Autotuner]: Autotuning process ends

[36m(vLLMHttpServer pid=146226)[0m notebook-56ece9efd1a0-worker-0:148227:150139 [1] NCCL INFO Channel 09/0 : 1[2] -> 2[3] via P2P/IPC
[36m(vLLMHttpServer pid=146226)[0m notebook-56ece9efd1a0-worker-0:148227:150139 [1] NCCL INFO Channel 10/0 : 1[2] -> 2[3] via P2P/IPC
[36m(vLLMHttpServer pid=146226)[0m notebook-56ece9efd1a0-worker-0:148227:150139 [1] NCCL INFO Channel 11/0 : 1[2] -> 2[3] via P2P/IPC
[36m(vLLMHttpServer pid=146226)[0m notebook-56ece9efd1a0-worker-0:148227:150139 [1] NCCL INFO Channel 12/0 : 1[2] -> 2[3] via P2P/IPC
[36m(vLLMHttpServer pid=146226)[0m notebook-56ece9efd1a0-worker-0:148227:150139 [1] NCCL INFO Channel 13/0 : 1[2] -> 2[3] via P2P/IPC
[36m(vLLMHttpServer pid=146226)[0m notebook-56ece9efd1a0-worker-0:148227:150139 [1] NCCL INFO Channel 14/0 : 1[2] -> 2[3] via P2P/IPC
[36m(vLLMHttpServer pid=146226)[0m notebook-56ece9efd1a0-worker-0:148227:150139 [1] NCCL INFO Channel 15/0 : 1[2] -> 2[3] via P2P/IPC
[36m(vLLMHttpServer pid=146226)[0m notebook-56ece9efd1a0-worker-0:148227:150139 [1] NCCL INFO Channel 16/0 : 1[2] -> 2[3] via P2P/IPC
[36m(vLLMHttpServer pid=146226)[0m notebook-56ece9efd1a0-worker-0:148227:150139 [1] NCCL INFO Channel 17/0 : 1[2] -> 2[3] via P2P/IPC
[36m(vLLMHttpServer pid=146226)[0m notebook-56ece9efd1a0-worker-0:148227:150139 [1] NCCL INFO Channel 18/0 : 1[2] -> 2[3] via P2P/IPC
[36m(vLLMHttpServer pid=146226)[0m notebook-56ece9efd1a0-worker-0:148227:150139 [1] NCCL INFO Channel 19/0 : 1[2] -> 2[3] via P2P/IPC
[36m(vLLMHttpServer pid=146226)[0m notebook-56ece9efd1a0-worker-0:148227:150139 [1] NCCL INFO Channel 20/0 : 1[2] -> 2[3] via P2P/IPC
[36m(vLLMHttpServer pid=146226)[0m notebook-56ece9efd1a0-worker-0:148227:150139 [1] NCCL INFO Channel 21/0 : 1[2] -> 2[3] via P2P/IPC
[36m(vLLMHttpServer pid=146226)[0m notebook-56ece9efd1a0-worker-0:148227:150139 [1] NCCL INFO Channel 22/0 : 1[2] -> 2[3] via P2P/IPC
[36m(vLLMHttpServer pid=146226)[0m notebook-56ece9efd1a0-worker-0:148227:150139 [1] NCCL INFO Channel 23/0 : 1[2] -> 2[3] via P2P/IPC
[36m(vLLMHttpServer pid=146226)[0m notebook-56ece9efd1a0-worker-0:148227:150139 [1] NCCL INFO Connected all rings, use ring PXN 0 GDR 1
[36m(vLLMHttpServer pid=146226)[0m notebook-56ece9efd1a0-worker-0:148227:150139 [1] NCCL INFO Channel 00/0 : 1[2] -> 0[1] via P2P/IPC
[36m(vLLMHttpServer pid=146226)[0m notebook-56ece9efd1a0-worker-0:148227:150139 [1] NCCL INFO Channel 01/0 : 1[2] -> 0[1] via P2P/IPC
[36m(vLLMHttpServer pid=146226)[0m notebook-56ece9efd1a0-w INFO Bootstrap timings total 0.002553 (create 0.000018, send 0.000137, recv 0.002134, ring 0.000143, delay 0.000000)
[36m(vLLMHttpServer pid=146226)[0m notebook-56ece9efd1a0-worker-0:148228:150138 [2] NCCL INFO MNNVL busId 0xc6000 fabric UUID 0.0 cliqueId 0x0 state 3 healthMask 0x0
[36m(vLLMHttpServer pid=146226)[0m notebook-56ece9efd1a0-worker-0:148228:150138 [2] NCCL INFO Setting affinity for GPU 3 to 0-47,96-143
[36m(vLLMHttpServer pid=146226)[0m notebook-56ece9efd1a0-worker-0:148228:150138 [2] NCCL INFO NVLS multicast support is available on dev 2 (NVLS_NCHANNELS 16)
[36m(vLLMHttpServer pid=146226)[0m notebook-56ece9efd1a0-worker-0:148228:150138 [2] NCCL INFO comm 0x3aebef30 rank 2 nRanks 4 nNodes 1 localRanks 4 localRank 2 MNNVL 0
[36m(vLLMHttpServer pid=146226)[0m notebook-56ece9efd1a0-worker-0:148228:150138 [2] NCCL INFO Trees [0] 3/-1/-1->2->1 [1] 3/-1/-1->2->1 [2] 3/-1/-1->2->1 [3] 3/-1/-1->2->1 [4] 3/-1/-1->2->1 [5] 3/-1/-1->2->1 [6] 3/-1/-1->2->1 [7] 3/-1/-1->2->1 [8] 3/-1/-1->2->1 [9] 3/-1/-1->2->1 [10] 3/-1/-1->2->1 [11] 3/-1/-1->2->1 [12] 3/-1/-1->2->1 [13] 3/-1/-1->2->1 [14] 3/-1/-1->2->1 [15] 3/-1/-1->2->1 [16] 3/-1/-1->2->1 [17] 3/-1/-1->2->1 [18] 3/-1/-1->2->1 [19] 3/-1/-1->2->1 [20] 3/-1/-1->2->1 [21] 3/-1/-1->2->1 [22] 3/-1/-1->2->1 [23] 3/-1/-1->2->1
[36m(vLLMHttpServer pid=146226)[0m notebook-56ece9efd1a0-worker-0:148228:150138 [2] NCCL INFO P2P Chunksize set to 524288
[36m(vLLMHttpServer pid=146226)[0m notebook-56ece9efd1a0-worker-0:148228:150144 [2] NCCL INFO [Proxy Service] Device 2 CPU core 5
[36m(vLLMHttpServer pid=146226)[0m notebook-56ece9efd1a0-worker-0:148228:150147 [2] NCCL INFO [Proxy Service UDS] Device 2 CPU core 1
[36m(vLLMHttpServer pid=146226)[0m notebook-56ece9efd1a0-worker-0:148228:150138 [2] NCCL INFO Channel 00/0 : 2[3] -> 3[4] via P2P/IPC
[36m(vLLMHttpServer pid=146226)[0m notebook-56ece9efd1a0-worker-0:148228:150138 [2] NCCL INFO Channel 01/0 : 2[3] -> 3[4] via P2P/IPC
[36m(vLLMHttpServer pid=146226)[0m notebook-56ece9efd1a0-worker-0:148228:150138 [2] NCCL INFO Channel 02/0 : 2[3] -> 3[4] via P2P/IPC
[36m(vLLMHttpServer pid=146226)[0m notebook-56ece9efd1a0-worker-0:148228:150138 [2] NCCL INFO Channel 03/0 : 2[3] -> 3[4] via P2P/IPC
[36m(vLLMHttpServer pid=146226)[0m notebook-56ece9efd1a0-worker-0:148228:150138 [2] NCCL INFO Channel 04/0 : 2[3] -> 3[4] via P2P/IPC
[36m(vLLMHttpServer pid=146226)[0m notebook-56ece9efd1a0-worker-0:148228:150138 [2] NCCL INFO Channel 05/0 : 2[3] -> 3[4] via P2P/IPC
[36m(vLLMHttpServer pid=146226)[0m notebook-56ece9efd1a0-worker-0:148228:150138 [2] NCCL INFO Channel 06/0 : 2[3] -> 3[4] via P2P/IPC
[36m(vLLMHttpServer pid=146226)[0m notebook-56ece9efd1a0-worker-0:148228:150138 [2] NCCL INFO Channel 07/0 : 2[3] -> 3[4] via P2P/IPC
[36m(vLLMHttpServer pid=146226)[0m notebook-56ece9efd1a0-worker-0:148228:150138 [2] NCCL INFO Channel 08/0 : 2[3] -> 3[4] via P2P/IPC
[36m(vLLMHttpServer pid=146226)[0m notebook-56ece9efd1a0-worker-0:148228:150138 [2] NCCL INFO Channel 09/0 : 2[3] -> 3[4] via P2P/IPC
[36m(vLLMHttpServer pid=146226)[0m notebook-56ece9efd1a0-worker-0:148228:150138 [2] NCCL INFO Channel 10/0 : 2[3] -> 3[4] via P2P/IPC
[36m(vLLMHttpServer pid=146226)[0m notebook-56ece9efd1a0-worker-0:148228:150138 [2] NCCL INFO Channel 11/0 : 2[3] -> 3[4] via P2P/IPC
[36m(vLLMHttpServer pid=146226)[0m notebook-56ece9efd1a0-worker-0:148228:150138 [2] NCCL INFO Channel 12/0 : 2[3] -> 3[4] via P2P/IPC
[36m(vLLMHttpServer pid=146226)[0m notebook-56ece9efd1a0-worker-0:148228:150138 [2] NCCL INFO Channel 13/0 : 2[3] -> 3[4] via P2P/IPC
[36m(vLLMHttpServer pid=146226)[0m notebook-56ece9efd1a0-worker-0:148228:150138 [2] NCCL INFO Channel 14/0 : 2[3] -> 3[4] via P2P/IPC
[36m(vLLMHttpServer pid=146226)[0m notebook-56ece9efd1a0-worker-0:148228:150138 [2] NCCL INFO Channel 15/0 : 2[3] -> 3[4] via P2P/IPC
[36m(vLLMHttpServer pid=146226)[0m notebook-56ece9efd1a0-worker-0:148228:150138 [2] NCCL INFO Channel 16/0 : 2[3] -> 3[4] via P2P/IPC
[36m(vLLMHttpServer pid=146226)[0m notebook-56ece9efd1a0-worker-0:148228:150138 [2] NCCL INFO Channel 17/0 : 2[3] -> 3[4] via P2P/IPC
[36m(vLLMHttpServer pid=146226)[0m notebook-56ece9efd1a0-worker-0:148228:150138 [2] NCCL INFO Channel 18/0 : 2[3] -> 3[4] via P2P/IPC
[36m(vLLMHttpServer pid=146226)[0m notebook-56ece9efd1a0-worker-0:148228:150138 [2] NCCL INFO Channel 19/0 : 2[3] -> 3[4] via P2P/IPC
[36m(vLLMHttpServer pid=146226)[0m notebook-56ece9efd1a0-worker-0:148228:150138 [2] NCCL INFO Channel 20/0 : 2[3] -> 3[4] via P2P/IPC
[36m(vLLMHttpServer pid=146226)[0m notebook-56ece9efd1a0-worker-0:148228:150138 [2] NCCL INFO Channel 21/0 : 2[3] -> 3[4] via P2P/IPC
[36m(vLLMHttpServer pid=146226)[0m notebook-56ece9efd1a0-worker-0:148228:150138 [2] NCCL INFO Channel 22/0 : 2[3] -> 3[4] via P2P/IPC
[36m(vLLMHttpServer pid=146226)[0m notebook-56ece9efd1a0-worker-0:148228:150138 [2] NCCL INFO Channel 23/0 : 2[3] -> 3[4] via P2P/IPC
[36m(vLLMHttpServer pid=146226)[0m notebook-56ece9efd1a0-worker-0:148228:150138 [2] NCCL INFO Connected all rings, use ring PXN 0 GDR 1
[36m(vLLMHttpServer pid=146226)[0m notebook-56ece9efd1a0-worker-0:148228:150138 [2] NCCL INFO Channel 00/0 : 2[3] -> 1[2] via P2P/IPC
[36m(vLLMHttpServer pid=146226)[0m notebook-56ece9efd1a0-worker-0:148228:150138 [2] NCCL INFO Channel 01/0 : 2[3] -> 1[2] via P2P/IPC
[36m(vLLMHttpServer pid=146226)[0m notebook-56ece9efd1a0-
[36m(vLLMHttpServer pid=146226)[0m [1;36m(Worker_TP3 pid=148229)[0;0m WARNING 08-16 01:55:15 [cudagraph_dispatcher.py:106] cudagraph dispatching keys are not initialized. No cudagraph will be used.
[36m(vLLMHttpServer pid=146226)[0m [1;36m(Worker_TP1 pid=148227)[0;0m WARNING 08-16 01:55:15 [cudagraph_dispatcher.py:106] cudagraph dispatching keys are not initialized. No cudagraph will be used.[36m(vLLMHttpServer pid=146226)[0m INFO:2026-08-16 01:55:16,605:Initializing a V1 LLM engine with config: model='/data/oss_bucket_0/yanlin/tau2/models/Qwen3-32B', speculative_config=None, tokenizer='/data/oss_bucket_0/yanlin/tau2/models/Qwen3-32B', skip_tokenizer_init=False, tokenizer_mode=auto, revision=None, tokenizer_revision=None, trust_remote_code=False, dtype=torch.bfloat16, max_seq_len=40960, download_dir=None, load_format=safetensors, tensor_parallel_size=4, pipeline_parallel_size=1, data_parallel_size=1, disable_custom_all_reduce=False, quantization=None, enforce_eager=True, kv_cache_dtype=auto, device_config=cuda, structured_outputs_config=StructuredOutputsConfig(backend='auto', disable_fallback=False, disable_any_whitespace=False, disable_additional_properties=False, reasoning_parser=''), observability_config=ObservabilityConfig(show_hidden_metrics_for_version=None, otlp_traces_endpoint=None, collect_detailed_traces=None), seed=0, served_model_name=/data/oss_bucket_0/yanlin/tau2/models/Qwen3-32B, enable_prefix_caching=True, chunked_prefill_enabled=True, pooler_config=None, compilation_config={"level":0,"debug_dump_path":"","cache_dir":"","backend":"","custom_ops":[],"splitting_ops":null,"use_inductor":true,"compile_sizes":[],"inductor_compile_config":{"enable_auto_functionalized_v2":false},"inductor_passes":{},"cudagraph_mode":0,"use_cudagraph":true,"cudagraph_num_of_warmups":0,"cudagraph_capture_sizes":[],"cudagraph_copy_inputs":false,"full_cuda_graph":false,"use_inductor_graph_partition":false,"pass_config":{},"max_capture_size":0,"local_cache_dir":null}
[36m(pid=150387)[0m /home/liuyanlin.lyl/.venvs/expectation-step-rl/lib/python3.12/site-packages/torch/cuda/__init__.py:63: FutureWarning: The pynvml package is deprecated. Please install nvidia-ml-py instead. If you did not install pynvml directly, please report this to the maintainers of the package that installed pynvml for you.
[36m(pid=150387)[0m   import pynvml  # type: ignore[import]
[36m(WorkerDict pid=142433)[0m INFO:2026-08-16 01:55:45,471:update_weights done, time cost: 2.94s
[36m(pid=150390)[0m /home/liuyanlin.lyl/.venvs/expectation-step-rl/lib/python3.12/site-packages/torch/cuda/__init__.py:63: FutureWarning: The pynvml package is deprecated. Please install nvidia-ml-py instead. If you did not install pynvml directly, please report this to the maintainers of the package that installed pynvml for you.[32m [repeated 7x across cluster][0m
[36m(pid=150390)[0m   import pynvml  # type: ignore[import][32m [repeated 7x across cluster][0m
[36m(AgentLoopWorker pid=150387)[0m 2026-08-16 01:55:49.840 | WARNING  | tau2.utils.utils:<module>:15 - No .env file found
[36m(AgentLoopWorker pid=150387)[0m 2026-08-16 01:55:49.840 | INFO     | tau2.utils.utils:<module>:28 - Using data directory from source: /home/liuyanlin.lyl/notebook/lyl/tau2-bench/data
[36m(AgentLoopWorker pid=150387)[0m 2026-08-16 01:55:53.627 | INFO     | tau2.utils.llm_utils:<module>:102 - LiteLLM: Cache is disabled
[36m(AgentLoopWorker pid=150387)[0m 2026-08-16 01:55:53.856 | DEBUG    | tau2.registry:<module>:281 - Registering default components...
[36m(AgentLoopWorker pid=150387)[0m 2026-08-16 01:55:53.888 | DEBUG    | tau2.registry:<module>:292 - Voice dependencies not installed, skipping voice user registration
[36m(AgentLoopWorker pid=150387)[0m 2026-08-16 01:55:53.889 | DEBUG    | tau2.registry:<module>:350 - Default components registered successfully. Registry info: {
[36m(AgentLoopWorker pid=150387)[0m   "domains": [
[36m(AgentLoopWorker pid=150387)[0m     "mock",
[36m(AgentLoopWorker pid=150387)[0m     "airline",
[36m(AgentLoopWorker pid=150387)[0m     "retail",
[36m(AgentLoopWorker pid=150387)[0m     "telecom",
[36m(AgentLoopWorker pid=150387)[0m     "telecom-workflow",
[36m(AgentLoopWorker pid=150387)[0m     "banking_knowledge"
[36m(AgentLoopWorker pid=150387)[0m   ],
[36m(AgentLoopWorker pid=150387)[0m   "agents": [
[36m(AgentLoopWorker pid=150387)[0m     "llm_agent",
[36m(AgentLoopWorker pid=150387)[0m     "llm_agent_gt",
[36m(AgentLoopWorker pid=150387)[0m     "llm_agent_solo",
[36m(AgentLoopWorker pid=150387)[0m     "discrete_time_audio_native_agent"
[36m(AgentLoopWorker pid=150387)[0m   ],
[36m(AgentLoopWorker pid=150387)[0m   "users": [
[36m(AgentLoopWorker pid=150387)[0m     "user_simulator",
[36m(AgentLoopWorker pid=150387)[0m     "dummy_user"
[36m(AgentLoopWorker pid=150387)[0m   ],
[36m(AgentLoopWorker pid=150387)[0m   "task_sets": [
[36m(AgentLoopWorker pid=150387)[0m     "mock",
[36m(AgentLoopWorker pid=150387)[0m     "airline",
[36m(AgentLoopWorker pid=150387)[0m     "retail",
[36m(AgentLoopWorker pid=150387)[0m     "telecom_full",
[36m(AgentLoopWorker pid=150387)[0m     "telecom_small",
[36m(AgentLoopWorker pid=150387)[0m     "telecom",
[36m(AgentLoopWorker pid=150387)[0m     "telecom-workflow",
[36m(AgentLoopWorker pid=150387)[0m     "banking_knowledge"
[36m(AgentLoopWorker pid=150387)[0m   ]
[36m(AgentLoopWorker pid=150387)[0m }
[36m(AgentLoopWorker pid=150390)[0m [92m01:55:55 - LiteLLM:WARNING[0m: get_model_cost_map.py:271 - LiteLLM: Failed to fetch remote model cost map from https://raw.githubusercontent.com/BerriAI/litellm/main/model_prices_and_context_window.json: The read operation timed out. Falling back to local backup.
[36m(AgentLoopWorker pid=150390)[0m WARNING:2026-08-16 01:55:55,612:LiteLLM: Failed to fetch remote model cost map from https://raw.githubusercontent.com/BerriAI/litellm/main/model_prices_and_context_window.json: The read operation timed out. Falling back to local backup.
[36m(AgentLoopWorker pid=150390)[0m 2026-08-16 01:55:49.840 | WARNING  | tau2.utils.utils:<module>:15 - No .env file found[32m [repeated 7x across cluster][0m
[36m(AgentLoopWorker pid=150390)[0m 2026-08-16 01:55:49.840 | INFO     | tau2.utils.utils:<module>:28 - Using data directory from source: /home/liuyanlin.lyl/notebook/lyl/tau2-bench/data[32m [repeated 7x across cluster][0m
[36m(AgentLoopWorker pid=150391)[0m 2026-08-16 01:56:19.622 | DEBUG    | tau2.environment.environment:get_response:482 - Response: order_id='#W4923227' user_id='isabella_lopez_6490' address=UserAddress(address1='710 Sunset Drive', address2='Suite 176', city='Phoenix', country='USA', state='AZ', zip='85034') items=[OrderItem(name='Bluetooth Speaker', product_id='4768869376', item_id='7751905257', price=321.18, options={'color': 'red', 'battery life': '10 hours', 'water resistance': 'yes'})] status='pending' fulfillments=[] payment_history=[OrderPayment(transaction_type='payment', amount=321.18, payment_method_id='credit_card_8554680')] cancel_reason=None exchange_items=None exchange_new_items=None exchange_payment_method_id=None exchange_price_difference=None return_items=None return_payment_method_id=None
[36m(AgentLoopWorker pid=150390)[0m 2026-08-16 01:55:58.138 | INFO     | tau2.utils.llm_utils:<module>:102 - LiteLLM: Cache is disabled[32m [repeated 7x across cluster][0m
[36m(AgentLoopWorker pid=150390)[0m 2026-08-16 01:55:58.323 | DEBUG    | tau2.registry:<module>:281 - Registering default components...[32m [repeated 7x across cluster][0m
[36m(AgentLoopWorker pid=150390)[0m 2026-08-16 01:55:58.368 | DEBUG    | tau2.registry:<module>:292 - Voice dependencies not installed, skipping voice user registration[32m [repeated 7x across cluster][0m
[36m(AgentLoopWorker pid=150390)[0m 2026-08-16 01:55:58.368 | DEBUG    | tau2.registry:<module>:350 - Default components registered successfully. Registry info: {[32m [repeated 7x across cluster][0m
[36m(AgentLoopWorker pid=150390)[0m   "domains": [[32m [repeated 7x across cluster][0m
[36m(AgentLoopWorker pid=150390)[0m     "mock",[32m [repeated 14x across cluster][0m
[36m(AgentLoopWorker pid=150390)[0m     "airline",[32m [repeated 14x across cluster][0m
[36m(AgentLoopWorker pid=150390)[0m     "retail",[32m [repeated 14x across cluster][0m
[36m(AgentLoopWorker pid=150390)[0m     "telecom",[32m [repeated 14x across cluster][0m
[36m(AgentLoopWorker pid=150390)[0m     "telecom-workflow",[32m [repeated 14x across cluster][0m
[36m(AgentLoopWorker pid=150390)[0m     "banking_knowledge"[32m [repeated 14x across cluster][0m
[36m(AgentLoopWorker pid=150390)[0m   ],[32m [repeated 21x across cluster][0m
[36m(AgentLoopWorker pid=150390)[0m   "agents": [[32m [repeated 7x across cluster][0m
[36m(AgentLoopWorker pid=150390)[0m     "llm_agent",[32m [repeated 7x across cluster][0m
[36m(AgentLoopWorker pid=150390)[0m     "llm_agent_gt",[32m [repeated 7x across cluster][0m
[36m(AgentLoopWorker pid=150390)[0m     "llm_agent_solo",[32m [repeated 7x across cluster][0m
[36m(AgentLoopWorker pid=150390)[0m     "discrete_time_audio_native_agent"[32m [repeated 7x across cluster][0m
[36m(AgentLoopWorker pid=150390)[0m   "users": [[32m [repeated 7x across cluster][0m
[36m(AgentLoopWorker pid=150390)[0m     "user_simulator",[32m [repeated 7x across cluster][0m
[36m(AgentLoopWorker pid=150390)[0m     "dummy_user"[32m [repeated 7x across cluster][0m
[36m(AgentLoopWorker pid=150390)[0m   "task_sets": [[32m [repeated 7x across cluster][0m
[36m(AgentLoopWorker pid=150390)[0m     "telecom_full",[32m [repeated 7x across cluster][0m
[36m(AgentLoopWorker pid=150390)[0m     "telecom_small",[32m [repeated 7x across cluster][0m
[36m(AgentLoopWorker pid=150390)[0m   ][32m [repeated 7x across cluster][0m
[36m(AgentLoopWorker pid=150390)[0m }[32m [repeated 7x across cluster][0m
[36m(AgentLoopWorker pid=150389)[0m [92m01:55:56 - LiteLLM:WARNING[0m: get_model_cost_map.py:271 - LiteLLM: Failed to fetch remote model cost map from https://raw.githubusercontent.com/BerriAI/litellm/main/model_prices_and_context_window.json: The read operation timed out. Falling back to local backup.
[36m(AgentLoopWorker pid=150389)[0m WARNING:2026-08-16 01:55:56,147:LiteLLM: Failed to fetch remote model cost map from https://raw.githubusercontent.com/BerriAI/litellm/main/model_prices_and_context_window.json: The read operation timed out. Falling back to local backup.
[36m(AgentLoopWorker pid=150391)[0m You're using a Qwen2TokenizerFast tokenizer. Please note that with a fast tokenizer, using the `__call__` method is faster than using a method to encode the text followed by a call to the `pad` method to get a padded encoding.
[36m(AgentLoopWorker pid=150390)[0m 2026-08-16 01:56:23.248 | DEBUG    | tau2.environment.environment:get_response:482 - Response: order_id='#W4923227' user_id='isabella_lopez_6490' address=UserAddress(address1='710 Sunset Drive', address2='Suite 176', city='Phoenix', country='USA', state='AZ', zip='85034') items=[OrderItem(name='Bluetooth Speaker', product_id='4768869376', item_id='7751905257', price=321.18, options={'color': 'red', 'battery life': '10 hours', 'water resistance': 'yes'})] status='pending' fulfillments=[] payment_history=[OrderPayment(transaction_type='payment', amount=321.18, payment_method_id='credit_card_8554680')] cancel_reason=None exchange_items=None exchange_new_items=None exchange_payment_method_id=None exchange_price_difference=None return_items=None return_payment_method_id=None[32m [repeated 2x across cluster][0m
[36m(AgentLoopWorker pid=150389)[0m You're using a Qwen2TokenizerFast tokenizer. Please note that with a fast tokenizer, using the `__call__` method is faster than using a method to encode the text followed by a call to the `pad` method to get a padded encoding.
[36m(AgentLoopWorker pid=150385)[0m 2026-08-16 01:56:28.253 | DEBUG    | tau2.environment.environment:get_response:482 - Response: order_id='#W4923227' user_id='isabella_lopez_6490' address=UserAddress(address1='710 Sunset Drive', address2='Suite 176', city='Phoenix', country='USA', state='AZ', zip='85034') items=[OrderItem(name='Bluetooth Speaker', product_id='4768869376', item_id='7751905257', price=321.18, options={'color': 'red', 'battery life': '10 hours', 'water resistance': 'yes'})] status='pending' fulfillments=[] payment_history=[OrderPayment(transaction_type='payment', amount=321.18, payment_method_id='credit_card_8554680')] cancel_reason=None exchange_items=None exchange_new_items=None exchange_payment_method_id=None exchange_price_difference=None return_items=None return_payment_method_id=None
[36m(AgentLoopWorker pid=150390)[0m You're using a Qwen2TokenizerFast tokenizer. Please note that with a fast tokenizer, using the `__call__` method is faster than using a method to encode the text followed by a call to the `pad` method to get a padded encoding.
[36m(AgentLoopWorker pid=150387)[0m 2026-08-16 01:57:39.420 | DEBUG    | tau2.environment.environment:get_response:482 - Response: Error: Payment amount does not add up, total price is 375, but paid 299
[36m(AgentLoopWorker pid=150387)[0m You're using a Qwen2TokenizerFast tokenizer. Please note that with a fast tokenizer, using the `__call__` method is faster than using a method to encode the text followed by a call to the `pad` method to get a padded encoding.[32m [repeated 2x across cluster][0m
[36m(AgentLoopWorker pid=150393)[0m 2026-08-16 01:57:39.420 | DEBUG    | tau2.environment.environment:get_response:482 - Response: Error: Payment amount does not add up, total price is 375, but paid 299
[36m(AgentLoopWorker pid=150392)[0m You're using a Qwen2TokenizerFast tokenizer. Please note that with a fast tokenizer, using the `__call__` method is faster than using a method to encode the text followed by a call to the `pad` method to get a padded encoding.[32m [repeated 2x across cluster][0m
[36m(TaskRunner pid=140930)[0m Training Progress:   0%|          | 0/1 [00:00<?, ?it/s]
[36m(AgentLoopWorker pid=150388)[0m 2026-08-16 02:01:45.108 | DEBUG    | tau2.environment.environment:get_response:482 - Response: user_id='mia_li_3668' name=Name(first_name='Mia', last_name='Li') address=Address(address1='975 Sunset Drive', address2='Suite 217', city='Austin', country='USA', state='TX', zip='78750') email='mia.li3818@example.com' dob='1990-04-05' payment_methods={'credit_card_4421486': CreditCard(source='credit_card', id='credit_card_4421486', brand='visa', last_four='7447'), 'certificate_4856383': Certificate(source='certificate', id='certificate_4856383', amount=100.0), 'certificate_7504069': Certificate(source='certificate', id='certificate_7504069', amount=250.0), 'credit_card_1955700': CreditCard(source='credit_card', id='credit_card_1955700', brand='visa', last_four='1907')} saved_passengers=[Passenger(first_name='Amelia', last_name='Ahmed', dob='1957-03-21')] membership='gold' reservations=['NO6JO3', 'AIXC49', 'HKEG34']
[36m(AgentLoopWorker pid=150388)[0m You're using a Qwen2TokenizerFast tokenizer. Please note that with a fast tokenizer, using the `__call__` method is faster than using a method to encode the text followed by a call to the `pad` method to get a padded encoding.
[36m(AgentLoopWorker pid=150391)[0m 2026-08-16 02:01:55.950 | DEBUG    | tau2.environment.environment:get_response:482 - Response: Error: Insufficient gift card balance to pay for the price difference
[36m(AgentLoopWorker pid=150389)[0m 2026-08-16 02:01:49.093 | DEBUG    | tau2.environment.environment:get_response:482 - Response: user_id='mia_li_3668' name=Name(first_name='Mia', last_name='Li') address=Address(address1='975 Sunset Drive', address2='Suite 217', city='Austin', country='USA', state='TX', zip='78750') email='mia.li3818@example.com' dob='1990-04-05' payment_methods={'credit_card_4421486': CreditCard(source='credit_card', id='credit_card_4421486', brand='visa', last_four='7447'), 'certificate_4856383': Certificate(source='certificate', id='certificate_4856383', amount=100.0), 'certificate_7504069': Certificate(source='certificate', id='certificate_7504069', amount=250.0), 'credit_card_1955700': CreditCard(source='credit_card', id='credit_card_1955700', brand='visa', last_four='1907')} saved_passengers=[Passenger(first_name='Amelia', last_name='Ahmed', dob='1957-03-21')] membership='gold' reservations=['NO6JO3', 'AIXC49', 'HKEG34'][32m [repeated 2x across cluster][0m
[36m(AgentLoopWorker pid=150385)[0m 2026-08-16 02:02:01.827 | DEBUG    | tau2.environment.environment:get_response:482 - Response: user_id='aarav_anderson_8794' name=UserName(first_name='Aarav', last_name='Anderson') address=UserAddress(address1='931 Maple Drive', address2='Suite 985', city='Philadelphia', country='USA', state='PA', zip='19031') email='aarav.anderson9752@example.com' payment_methods={'gift_card_7245904': GiftCard(source='gift_card', id='gift_card_7245904', balance=17.0)} orders=['#W4316152', '#W9311069', '#W9300146', '#W3220203', '#W3470184']
[36m(AgentLoopWorker pid=150390)[0m 2026-08-16 02:02:36.183 | DEBUG    | tau2.environment.environment:get_response:482 - Response: user_id='mia_li_3668' name=Name(first_name='Mia', last_name='Li') address=Address(address1='975 Sunset Drive', address2='Suite 217', city='Austin', country='USA', state='TX', zip='78750') email='mia.li3818@example.com' dob='1990-04-05' payment_methods={'credit_card_4421486': CreditCard(source='credit_card', id='credit_card_4421486', brand='visa', last_four='7447'), 'certificate_4856383': Certificate(source='certificate', id='certificate_4856383', amount=100.0), 'certificate_7504069': Certificate(source='certificate', id='certificate_7504069', amount=250.0), 'credit_card_1955700': CreditCard(source='credit_card', id='credit_card_1955700', brand='visa', last_four='1907')} saved_passengers=[Passenger(first_name='Amelia', last_name='Ahmed', dob='1957-03-21')] membership='gold' reservations=['NO6JO3', 'AIXC49', 'HKEG34']
[36m(AgentLoopWorker pid=150393)[0m 2026-08-16 02:03:11.734 | DEBUG    | tau2.environment.environment:get_response:482 - Response: Error: Insufficient gift card balance to pay for the price difference
[36m(AgentLoopWorker pid=150387)[0m 2026-08-16 02:03:49.274 | DEBUG    | tau2.environment.environment:get_response:482 - Response: user_id='aarav_anderson_8794' name=UserName(first_name='Aarav', last_name='Anderson') address=UserAddress(address1='931 Maple Drive', address2='Suite 985', city='Philadelphia', country='USA', state='PA', zip='19031') email='aarav.anderson9752@example.com' payment_methods={'gift_card_7245904': GiftCard(source='gift_card', id='gift_card_7245904', balance=17.0)} orders=['#W4316152', '#W9311069', '#W9300146', '#W3220203', '#W3470184']
[36m(WorkerDict pid=142434)[0m INFO:2026-08-16 02:07:12,070:[Rank 1] Saved model to /data/oss_bucket_0/yanlin/tau2/expectation_step_rl/checkpoints/checkpoint_smoke_20260816_015019/global_step_1/actor/model_world_size_4_rank_1.pt
[36m(WorkerDict pid=142434)[0m INFO:2026-08-16 02:07:14,295:[Rank 1] Saved optim to /data/oss_bucket_0/yanlin/tau2/expectation_step_rl/checkpoints/checkpoint_smoke_20260816_015019/global_step_1/actor/optim_world_size_4_rank_1.pt
[36m(WorkerDict pid=142434)[0m INFO:2026-08-16 02:07:14,460:[Rank 1] Saved extra_state to /data/oss_bucket_0/yanlin/tau2/expectation_step_rl/checkpoints/checkpoint_smoke_20260816_015019/global_step_1/actor/extra_state_world_size_4_rank_1.pt
[36m(WorkerDict pid=142433)[0m INFO:2026-08-16 02:07:16,377:[Rank 0] Saved model config and tokenizer class to /data/oss_bucket_0/yanlin/tau2/expectation_step_rl/checkpoints/checkpoint_smoke_20260816_015019/global_step_1/actor/huggingface
[36m(WorkerDict pid=142433)[0m INFO:2026-08-16 02:07:32,857:update_weights done, time cost: 2.14s
[36m(WorkerDict pid=142435)[0m INFO:2026-08-16 02:07:13,842:[Rank 2] Saved model to /data/oss_bucket_0/yanlin/tau2/expectation_step_rl/checkpoints/checkpoint_smoke_20260816_015019/global_step_1/actor/model_world_size_4_rank_2.pt[32m [repeated 3x across cluster][0m
[36m(WorkerDict pid=142435)[0m INFO:2026-08-16 02:07:15,759:[Rank 2] Saved optim to /data/oss_bucket_0/yanlin/tau2/expectation_step_rl/checkpoints/checkpoint_smoke_20260816_015019/global_step_1/actor/optim_world_size_4_rank_2.pt[32m [repeated 3x across cluster][0m
[36m(WorkerDict pid=142435)[0m INFO:2026-08-16 02:07:15,898:[Rank 2] Saved extra_state to /data/oss_bucket_0/yanlin/tau2/expectation_step_rl/checkpoints/checkpoint_smoke_20260816_015019/global_step_1/actor/extra_state_world_size_4_rank_2.pt[32m [repeated 3x across cluster][0m
[36m(AgentLoopWorker pid=150391)[0m 2026-08-16 02:08:01.651 | DEBUG    | tau2.environment.environment:get_response:482 - Response: order_id='#W4923227' user_id='isabella_lopez_6490' address=UserAddress(address1='710 Sunset Drive', address2='Suite 176', city='Phoenix', country='USA', state='AZ', zip='85034') items=[OrderItem(name='Bluetooth Speaker', product_id='4768869376', item_id='7751905257', price=321.18, options={'color': 'red', 'battery life': '10 hours', 'water resistance': 'yes'})] status='pending' fulfillments=[] payment_history=[OrderPayment(transaction_type='payment', amount=321.18, payment_method_id='credit_card_8554680')] cancel_reason=None exchange_items=None exchange_new_items=None exchange_payment_method_id=None exchange_price_difference=None return_items=None return_payment_method_id=None
[36m(AgentLoopWorker pid=150392)[0m 2026-08-16 02:09:24.373 | DEBUG    | tau2.environment.environment:get_response:482 - Response: Error: Payment amount does not add up, total price is 375, but paid 299
[36m(AgentLoopWorker pid=150389)[0m 2026-08-16 02:08:03.356 | DEBUG    | tau2.environment.environment:get_response:482 - Response: order_id='#W4923227' user_id='isabella_lopez_6490' address=UserAddress(address1='710 Sunset Drive', address2='Suite 176', city='Phoenix', country='USA', state='AZ', zip='85034') items=[OrderItem(name='Bluetooth Speaker', product_id='4768869376', item_id='7751905257', price=321.18, options={'color': 'red', 'battery life': '10 hours', 'water resistance': 'yes'})] status='pending' fulfillments=[] payment_history=[OrderPayment(transaction_type='payment', amount=321.18, payment_method_id='credit_card_8554680')] cancel_reason=None exchange_items=None exchange_new_items=None exchange_payment_method_id=None exchange_price_difference=None return_items=None return_payment_method_id=None[32m [repeated 3x across cluster][0m
[36m(TaskRunner pid=140930)[0m Training Progress: 100%|██████████| 1/1 [10:27<00:00, 627.41s/it]Training Progress: 100%|██████████| 1/1 [10:27<00:00, 627.41s/it]

[36m(vLLMHttpServer pid=146226)[0m [1;36m(Worker_TP2 pid=148228)[0;0m WARNING 08-16 01:55:15 [cudagraph_dispatcher.py:106] cudagraph dispatching keys are not initialized. No cudagraph will be used.
[36m(vLLMHttpServer pid=146226)[0m [1;36m(Worker_TP0 pid=148226)[0;0m WARNING 08-16 01:55:15 [cudagraph_dispatcher.py:106] cudagraph dispatching keys are not initialized. No cudagraph will be used.
[36m(vLLMHttpServer pid=146226)[0m WARNING 08-16 01:55:16 [model.py:1389] Default sampling parameters have been overridden by the model's Hugging Face generation config recommended from the model creator. If this is not intended, please relaunch vLLM instance with `--generation-config vllm`.
[36m(TaskRunner pid=140930)[0m AgentLoopManager: ['11.24.227.166:42795']
[36m(TaskRunner pid=140930)[0m swanlab: Currently logged in as: lylinnnnnn to https://api.swanlab.cn. Use `swanlab login --relogin` to 
[36m(TaskRunner pid=140930)[0m force relogin
[36m(TaskRunner pid=140930)[0m swanlab: Tracking run with swanlab version 0.9.1
[36m(TaskRunner pid=140930)[0m swanlab: 💾 Run data saved at 
[36m(TaskRunner pid=140930)[0m /data/oss_bucket_0/yanlin/tau2/expectation_step_rl/swanlog/run-20260816_015529-80myj4t1
[36m(TaskRunner pid=140930)[0m swanlab: 📁 View project at https://swanlab.cn/@lylin/tau2_expectation_step_rl
[36m(TaskRunner pid=140930)[0m swanlab: 🚀 View run checkpoint_smoke_20260816_015019 at 
[36m(TaskRunner pid=140930)[0m https://swanlab.cn/@lylin/tau2_expectation_step_rl/runs/80myj4t1
[36m(TaskRunner pid=140930)[0m Checkpoint tracker file does not exist: /data/oss_bucket_0/yanlin/tau2/expectation_step_rl/checkpoints/checkpoint_smoke_20260816_015019/latest_checkpointed_iteration.txt
[36m(TaskRunner pid=140930)[0m Training from scratch
[36m(WorkerDict pid=142433)[0m WARNING 08-16 01:55:33 [api_server.py:1213] LoRA dynamic loading & unloading is enabled in the API server. This should ONLY be used for local development!
[36m(TaskRunner pid=140930)[0m test_gen_batch meta info: {'eos_token_id': 151645, 'pad_token_id': 151643, 'recompute_log_prob': False, 'do_sample': False, 'validate': True, 'global_steps': 0}
[36m(AgentLoopWorker pid=150390)[0m WARNING 08-16 01:55:48 [api_server.py:1213] LoRA dynamic loading & unloading is enabled in the API server. This should ONLY be used for local development!
[36m(AgentLoopWorker pid=150393)[0m Using dataset class: RLHFDataset
[36m(vLLMHttpServer pid=146226)[0m WARNING 08-16 01:55:54 [processor.py:215] vLLM has deprecated support for supporting different tokenizers for different LoRAs. By default, vLLM uses base model's tokenizer. If you are using a LoRA with its own tokenizer, consider specifying `--tokenizer [lora_path]` to use the LoRA tokenizer.
[36m(AgentLoopWorker pid=150389)[0m WARNING 08-16 01:55:48 [api_server.py:1213] LoRA dynamic loading & unloading is enabled in the API server. This should ONLY be used for local development![32m [repeated 7x across cluster][0m
[36m(TaskRunner pid=140930)[0m validation generation end
[36m(TaskRunner pid=140930)[0m ("Initial validation metrics: {'val-core/tau2_expectation_step/reward/mean@1': "
[36m(TaskRunner pid=140930)[0m  'np.float64(-2.5030763254035264), '
[36m(TaskRunner pid=140930)[0m  "'val-aux/tau2_expectation_step/tool_error/mean@1': np.float64(0.0), "
[36m(TaskRunner pid=140930)[0m  "'val-aux/tau2_expectation_step/contextual_min_k_deviation/mean@1': "
[36m(TaskRunner pid=140930)[0m  "np.float64(nan), 'val-aux/tau2_expectation_step/calibrated_z/mean@1': "
[36m(TaskRunner pid=140930)[0m  "np.float64(nan), 'val-aux/tau2_expectation_step/calibration_count/mean@1': "
[36m(TaskRunner pid=140930)[0m  "np.float64(nan), 'val-aux/tau2_expectation_step/suffix_token_count/mean@1': "
[36m(TaskRunner pid=140930)[0m  "np.float64(nan), 'val-aux/tau2_expectation_step/min_k_token_count/mean@1': "
[36m(TaskRunner pid=140930)[0m  "np.float64(nan), 'val-aux/num_turns/min': np.int32(2), "
[36m(TaskRunner pid=140930)[0m  "'val-aux/num_turns/max': np.int32(2), 'val-aux/num_turns/mean': "
[36m(TaskRunner pid=140930)[0m  'np.float64(2.0)}')
[36m(TaskRunner pid=140930)[0m step:0 - val-core/tau2_expectation_step/reward/mean@1:np.float64(-2.5030763254035264) - val-aux/tau2_expectation_step/tool_error/mean@1:np.float64(0.0) - val-aux/tau2_expectation_step/contextual_min_k_deviation/mean@1:np.float64(nan) - val-aux/tau2_expectation_step/calibrated_z/mean@1:np.float64(nan) - val-aux/tau2_expectation_step/calibration_count/mean@1:np.float64(nan) - val-aux/tau2_expectation_step/suffix_token_count/mean@1:np.float64(nan) - val-aux/tau2_expectation_step/min_k_token_count/mean@1:np.float64(nan) - val-aux/num_turns/min:np.int32(2) - val-aux/num_turns/max:np.int32(2) - val-aux/num_turns/mean:np.float64(2.0)
[36m(AgentLoopWorker pid=150388)[0m Using dataset class: RLHFDataset[32m [repeated 7x across cluster][0m
[36m(TaskRunner pid=140930)[0m local_global_step_folder: /data/oss_bucket_0/yanlin/tau2/expectation_step_rl/checkpoints/checkpoint_smoke_20260816_015019/global_step_1
[36m(TaskRunner pid=140930)[0m Dumped generations to /home/liuyanlin.lyl/notebook/lyl/tau2-bench/project/expectation_step_rl/outputs/checkpoint_smoke/rollouts/1.jsonl
[36m(TaskRunner pid=140930)[0m test_gen_batch meta info: {'eos_token_id': 151645, 'pad_token_id': 151643, 'recompute_log_prob': False, 'do_sample': False, 'validate': True, 'global_steps': 1}
[36m(TaskRunner pid=140930)[0m validation generation end
[36m(TaskRunner pid=140930)[0m step:1 - global_seqlen/min:15309 - global_seqlen/max:17018 - global_seqlen/minmax_diff:1709 - global_seqlen/balanced_min:15510 - global_seqlen/balanced_max:16853 - global_seqlen/mean:16179.5 - actor/entropy:0.16540487110614777 - perf/mfu/actor_infer:0.5086831169492587 - training/rollout_probs_diff_valid:1 - training/rollout_probs_diff_max:0.24918347597122192 - training/rollout_probs_diff_mean:0.011568164452910423 - training/rollout_probs_diff_std:0.024250637739896774 - training/rollout_actor_probs_pearson_corr:0.9915134310722351 - rollout_corr/training_ppl:1.165397047996521 - rollout_corr/training_log_ppl:0.15119975805282593 - rollout_corr/kl:0.0075181336142122746 - rollout_corr/k3_kl:0.0023004862014204264 - rollout_corr/rollout_ppl:1.1563670635223389 - rollout_corr/rollout_log_ppl:0.1436152458190918 - rollout_corr/log_ppl_diff:0.007584518752992153 - rollout_corr/log_ppl_abs_diff:0.007584518752992153 - rollout_corr/log_ppl_diff_max:0.013779610395431519 - rollout_corr/log_ppl_diff_min:0.0024006888270378113 - rollout_corr/ppl_ratio:1.0076202154159546 - rollout_corr/chi2_token:-0.005408585071563721 - rollout_corr/chi2_seq:-0.9932787418365479 - actor/pg_clipfrac:np.float64(0.005016710725612938) - actor/ppo_kl:np.float64(3.0204578251868952e-05) - actor/pg_clipfrac_lower:np.float64(0.0) - actor/pg_loss:np.float64(0.03273211792111397) - actor/kl_loss:np.float64(0.0012378609826555476) - actor/kl_coef:np.float64(0.001) - actor/loss:np.float64(0.03273336589336395) - actor/grad_norm:np.float64(0.16679270565509796) - actor/lr:np.float64(3e-06) - perf/mfu/actor:np.float64(0.6452118295246916) - val-core/tau2_expectation_step/reward/mean@1:np.float64(-2.5030763254035264) - val-aux/tau2_expectation_step/tool_error/mean@1:np.float64(0.0) - val-aux/tau2_expectation_step/contextual_min_k_deviation/mean@1:np.float64(nan) - val-aux/tau2_expectation_step/calibrated_z/mean@1:np.float64(nan) - val-aux/tau2_expectation_step/calibration_count/mean@1:np.float64(nan) - val-aux/tau2_expectation_step/suffix_token_count/mean@1:np.float64(nan) - val-aux/tau2_expectation_step/min_k_token_count/mean@1:np.float64(nan) - val-aux/num_turns/min:np.int32(2) - val-aux/num_turns/max:np.int32(2) - val-aux/num_turns/mean:np.float64(2.0) - training/global_step:1 - training/epoch:0 - critic/score/mean:-1.7594568729400635 - critic/score/max:0.5764232277870178 - critic/score/min:-4.0 - critic/rewards/mean:-1.7594568729400635 - critic/rewards/max:0.5764232277870178 - critic/rewards/min:-4.0 - critic/advantages/mean:0.06482487916946411 - critic/advantages/max:0.8660250306129456 - critic/advantages/min:-0.8660250306129456 - critic/returns/mean:0.06482487916946411 - critic/returns/max:0.8660250306129456 - critic/returns/min:-0.8660250306129456 - response_length/mean:980.25 - response_length/max:2144.0 - response_length/min:490.0 - response_length/clip_ratio:0.0 - response_length_non_aborted/mean:980.25 - response_length_non_aborted/max:2144.0 - response_length_non_aborted/min:490.0 - response_length_non_aborted/clip_ratio:0.0 - response/aborted_ratio:0.0 - prompt_length/mean:7109.5 - prompt_length/max:7138.0 - prompt_length/min:7081.0 - prompt_length/clip_ratio:0.0 - num_turns/min:np.int32(2) - num_turns/max:np.int32(2) - num_turns/mean:np.float64(2.0) - timing_s/start_profile:5.605071783065796e-05 - timing_s/agent_loop/num_preempted/min:np.int64(-1) - timing_s/agent_loop/num_preempted/max:np.int64(-1) - timing_s/agent_loop/num_preempted/mean:np.float64(-1.0) - timing_s/agent_loop/generate_sequences/min:np.float64(38.551530569791794) - timing_s/agent_loop/generate_sequences/max:np.float64(162.7816178202629) - timing_s/agent_loop/generate_sequences/mean:np.float64(75.5257559530437) - timing_s/agent_loop/tool_calls/min:np.float64(0.0) - timing_s/agent_loop/tool_calls/max:np.float64(0.0) - timing_s/agent_loop/tool_calls/mean:np.float64(0.0) - timing_s/agent_loop/slowest/generate_sequences:np.float64(162.7816178202629) - timing_s/agent_loop/slowest/tool_calls:np.float64(0.0) - timing_s/agent_loop/slowest/prompt_length:7081 - timing_s/agent_loop/slowest/response_length:2144 - timing_s/agent_loop/slowest/num_preempted:np.int64(-1) - timing_s/gen:170.22432192415 - timing_s/reward:1.0907649993896484e-05 - timing_s/old_log_prob:19.14499618113041 - timing_s/ref:14.454658664762974 - timing_s/adv:0.01066732406616211 - timing_s/update_actor:42.111261412501335 - timing_s/save_checkpoint:127.55879454314709 - timing_s/update_weights:13.607626773416996 - timing_s/dump_rollout_generations:0.031515635550022125 - timing_s/step:387.1520223468542 - timing_s/testing:240.24511600285769 - timing_s/stop_profile:5.6102871894836426e-05 - timing_per_token_ms/gen:21.706748523865084 - timing_per_token_ms/adv:0.00016482777691155642 - timing_per_token_ms/ref:0.22334835230944983 - timing_per_token_ms/update_actor:0.6506885474288657 - perf/total_num_tokens:64718 - perf/time_per_step:387.1520223468542 - perf/throughput:41.79107706043335
[36m(TaskRunner pid=140930)[0m ("Final validation metrics: {'val-core/tau2_expectation_step/reward/mean@1': "
[36m(TaskRunner pid=140930)[0m  'np.float64(-2.5030763254035264), '
[36m(TaskRunner pid=140930)[0m  "'val-aux/tau2_expectation_step/tool_error/mean@1': np.float64(0.0), "
[36m(TaskRunner pid=140930)[0m  "'val-aux/tau2_expectation_step/contextual_min_k_deviation/mean@1': "
[36m(TaskRunner pid=140930)[0m  "np.float64(nan), 'val-aux/tau2_expectation_step/calibrated_z/mean@1': "
[36m(TaskRunner pid=140930)[0m  "np.float64(nan), 'val-aux/tau2_expectation_step/calibration_count/mean@1': "
[36m(TaskRunner pid=140930)[0m  "np.float64(nan), 'val-aux/tau2_expectation_step/suffix_token_count/mean@1': "
[36m(TaskRunner pid=140930)[0m  "np.float64(nan), 'val-aux/tau2_expectation_step/min_k_token_count/mean@1': "
[36m(TaskRunner pid=140930)[0m  "np.float64(nan), 'val-aux/num_turns/min': np.int32(2), "
[36m(TaskRunner pid=140930)[0m  "'val-aux/num_turns/max': np.int32(2), 'val-aux/num_turns/mean': "
[36m(TaskRunner pid=140930)[0m  'np.float64(2.0)}')
[36m(TaskRunner pid=140930)[0m swanlab: 📁 View project at https://swanlab.cn/@lylin/tau2_expectation_step_rl
[36m(TaskRunner pid=140930)[0m swanlab: 🚀 View run checkpoint_smoke_20260816_015019 at 
[36m(TaskRunner pid=140930)[0m https://swanlab.cn/@lylin/tau2_expectation_step_rl/runs/80myj4t1
[36m(TaskRunner pid=140930)[0m swanlab: Upload complete: 5514 records
[36m(vLLMHttpServer pid=146226)[0m ERROR 08-16 02:11:34 [core_client.py:564] Engine core proc EngineCore_DP0 died unexpectedly, shutting down client.
{
  "checkpoint_dir": "/data/oss_bucket_0/yanlin/tau2/expectation_step_rl/checkpoints/checkpoint_smoke_20260816_015019",
  "step": 1,
  "actor_file_count": 22,
  "actor_bytes": 134295108241,
  "dataloader_bytes": 6868
}
OSS checkpoint smoke passed: /data/oss_bucket_0/yanlin/tau2/expectation_step_rl/checkpoints/checkpoint_smoke_20260816_015019
