Training physical GPUs: 1,2,3,4
verl workers: 4; rollout tensor parallel: 4
rollout replicas: 1; agent-loop workers: 4
Checkpoint directory: /data/oss_bucket_0/yanlin/tau2/expectation_step_rl/checkpoints/qwen3_32b_smoke
Checkpoint contents: []; resume mode: disable
Tracking backends: ["console"]
/home/liuyanlin.lyl/.venvs/expectation-step-rl/lib/python3.12/site-packages/torch/cuda/__init__.py:63: FutureWarning: The pynvml package is deprecated. Please install nvidia-ml-py instead. If you did not install pynvml directly, please report this to the maintainers of the package that installed pynvml for you.
  import pynvml  # type: ignore[import]
2026-08-16 17:03:18.359 | WARNING  | tau2.utils.utils:<module>:15 - No .env file found
2026-08-16 17:03:18.359 | INFO     | tau2.utils.utils:<module>:28 - Using data directory from source: /home/liuyanlin.lyl/notebook/lyl/tau2-bench/data
[92m17:03:27 - LiteLLM:WARNING[0m: get_model_cost_map.py:271 - LiteLLM: Failed to fetch remote model cost map from https://raw.githubusercontent.com/BerriAI/litellm/main/model_prices_and_context_window.json: The read operation timed out. Falling back to local backup.
WARNING:2026-08-16 17:03:27,183:LiteLLM: Failed to fetch remote model cost map from https://raw.githubusercontent.com/BerriAI/litellm/main/model_prices_and_context_window.json: The read operation timed out. Falling back to local backup.
2026-08-16 17:03:47.542 | INFO     | tau2.utils.llm_utils:<module>:102 - LiteLLM: Cache is disabled
2026-08-16 17:03:48.159 | DEBUG    | tau2.registry:<module>:281 - Registering default components...
2026-08-16 17:03:48.260 | DEBUG    | tau2.registry:<module>:292 - Voice dependencies not installed, skipping voice user registration
2026-08-16 17:03:48.260 | DEBUG    | tau2.registry:<module>:350 - Default components registered successfully. Registry info: {
  "domains": [
    "mock",
    "airline",
    "retail",
    "telecom",
    "telecom-workflow",
    "banking_knowledge"
  ],
  "agents": [
    "llm_agent",
    "llm_agent_gt",
    "llm_agent_solo",
    "discrete_time_audio_native_agent"
  ],
  "users": [
    "user_simulator",
    "dummy_user"
  ],
  "task_sets": [
    "mock",
    "airline",
    "retail",
    "telecom_full",
    "telecom_small",
    "telecom",
    "telecom-workflow",
    "banking_knowledge"
  ]
}
{
  "train_rows": 507,
  "test_rows": 274,
  "calibration_groups": 10,
  "training_packages": {
    "vllm": "0.11.0",
    "torch": "2.8.0",
    "flash-attn": "2.8.1",
    "flashinfer-python": "0.3.1",
    "transformers": "4.57.1",
    "huggingface-hub": "0.36.0",
    "tokenizers": "0.22.1",
    "swanlab": "0.9.1"
  },
  "verl_commit": "bec9ef74768dd201881cd4e54cd0385e87caae27",
  "scorer_models": [
    "qwen3-32b"
  ],
  "parallelism": {
    "sampled_sequences_per_step": 8,
    "rollout_replicas": 1,
    "sequences_per_agent_loop_worker": 2,
    "ppo_samples_per_training_gpu": 2
  }
}
/home/liuyanlin.lyl/.venvs/expectation-step-rl/lib/python3.12/site-packages/torch/cuda/__init__.py:63: FutureWarning: The pynvml package is deprecated. Please install nvidia-ml-py instead. If you did not install pynvml directly, please report this to the maintainers of the package that installed pynvml for you.
  import pynvml  # type: ignore[import]
INFO 08-16 17:04:04 [__init__.py:216] Automatically detected platform cuda.
2026-08-16 17:04:16,375	INFO worker.py:2015 -- Started a local Ray instance. View the dashboard at [1m[32mhttp://127.0.0.1:8265 [39m[22m
[36m(pid=593308)[0m /home/liuyanlin.lyl/.venvs/expectation-step-rl/lib/python3.12/site-packages/torch/cuda/__init__.py:63: FutureWarning: The pynvml package is deprecated. Please install nvidia-ml-py instead. If you did not install pynvml directly, please report this to the maintainers of the package that installed pynvml for you.
[36m(pid=593308)[0m   import pynvml  # type: ignore[import]
ray init kwargs: {'num_cpus': None, 'runtime_env': {'env_vars': {'TOKENIZERS_PARALLELISM': 'true', 'VLLM_LOGGING_LEVEL': 'WARN', 'VLLM_ALLOW_RUNTIME_LORA_UPDATING': 'true', 'CUDA_DEVICE_MAX_CONNECTIONS': '1', 'VLLM_DISABLE_COMPILE_CACHE': '1', 'HCCL_HOST_SOCKET_PORT_RANGE': 'auto', 'HCCL_NPU_SOCKET_PORT_RANGE': 'auto'}, 'working_dir': None}}
[36m(Tau2TaskRunner pid=593308)[0m Installed NumPy-compatible verl generation dumper
[36m(Tau2TaskRunner pid=593308)[0m TaskRunner hostname: notebook-56ece9efd1a0-worker-0, PID: 593308
[36m(Tau2TaskRunner pid=593308)[0m {'actor_rollout_ref': {'actor': {'_target_': 'verl.workers.config.FSDPActorConfig',
[36m(Tau2TaskRunner pid=593308)[0m                                  'calculate_entropy': False,
[36m(Tau2TaskRunner pid=593308)[0m                                  'calculate_sum_pi_squared': False,
[36m(Tau2TaskRunner pid=593308)[0m                                  'checkpoint': {'_target_': 'verl.trainer.config.CheckpointConfig',
[36m(Tau2TaskRunner pid=593308)[0m                                                 'async_save': False,
[36m(Tau2TaskRunner pid=593308)[0m                                                 'load_contents': [],
[36m(Tau2TaskRunner pid=593308)[0m                                                 'mbridge_config': {},
[36m(Tau2TaskRunner pid=593308)[0m                                                 'save_contents': []},
[36m(Tau2TaskRunner pid=593308)[0m                                  'clip_ratio': 0.2,
[36m(Tau2TaskRunner pid=593308)[0m                                  'clip_ratio_c': 3.0,
[36m(Tau2TaskRunner pid=593308)[0m                                  'clip_ratio_high': 0.2,
[36m(Tau2TaskRunner pid=593308)[0m                                  'clip_ratio_low': 0.2,
[36m(Tau2TaskRunner pid=593308)[0m                                  'data_loader_seed': 42,
[36m(Tau2TaskRunner pid=593308)[0m                                  'entropy_checkpointing': False,
[36m(Tau2TaskRunner pid=593308)[0m                                  'entropy_coeff': 0,
[36m(Tau2TaskRunner pid=593308)[0m                                  'entropy_from_logits_with_chunking': False,
[36m(Tau2TaskRunner pid=593308)[0m                                  'freeze_vision_tower': False,
[36m(Tau2TaskRunner pid=593308)[0m                                  'fsdp_config': {'_target_': 'verl.workers.config.FSDPEngineConfig',
[36m(Tau2TaskRunner pid=593308)[0m                                                  'dtype': 'bfloat16',
[36m(Tau2TaskRunner pid=593308)[0m                                                  'entropy_checkpointing': False,
[36m(Tau2TaskRunner pid=593308)[0m                                                  'entropy_from_logits_with_chunking': False,
[36m(Tau2TaskRunner pid=593308)[0m                                                  'forward_only': False,
[36m(Tau2TaskRunner pid=593308)[0m                                                  'forward_prefetch': False,
[36m(Tau2TaskRunner pid=593308)[0m                                                  'fsdp_size': -1,
[36m(Tau2TaskRunner pid=593308)[0m                                                  'full_determinism': False,
[36m(Tau2TaskRunner pid=593308)[0m                                                  'model_dtype': 'fp32',
[36m(Tau2TaskRunner pid=593308)[0m                                                  'offload_policy': False,
[36m(Tau2TaskRunner pid=593308)[0m                                                  'optimizer_offload': True,
[36m(Tau2TaskRunner pid=593308)[0m                                                  'param_offload': True,
[36m(Tau2TaskRunner pid=593308)[0m                                                  'qat': {'_target_': 'verl.workers.config.QATEngineConfig',
[36m(Tau2TaskRunner pid=593308)[0m                                                          'activation_observer': 'static_minmax',
[36m(Tau2TaskRunner pid=593308)[0m                                                          'enable': False,
[36m(Tau2TaskRunner pid=593308)[0m                                                          'group_size': 16,
[36m(Tau2TaskRunner pid=593308)[0m                                                          'ignore_patterns': ['lm_head',
[36m(Tau2TaskRunner pid=593308)[0m                                                                              'embed_tokens',
[36m(Tau2TaskRunner pid=593308)[0m                                                                              're:.*mlp.gate$'],
[36m(Tau2TaskRunner pid=593308)[0m                                                          'mode': 'w4a16',
[36m(Tau2TaskRunner pid=593308)[0m                                                          'quantization_config_path': None},
[36m(Tau2TaskRunner pid=593308)[0m                                                  'reshard_after_forward': True,
[36m(Tau2TaskRunner pid=593308)[0m                                                  'seed': 42,
[36m(Tau2TaskRunner pid=593308)[0m                                                  'strategy': 'fsdp',
[36m(Tau2TaskRunner pid=593308)[0m                                                  'ulysses_sequence_parallel_size': 1,
[36m(Tau2TaskRunner pid=593308)[0m                                                  'use_orig_params': False,
[36m(Tau2TaskRunner pid=593308)[0m                                                  'use_torch_compile': True,
[36m(Tau2TaskRunner pid=593308)[0m                                                  'wrap_policy': {'min_num_params': 0}},
[36m(Tau2TaskRunner pid=593308)[0m                                  'grad_clip': 1.0,
[36m(Tau2TaskRunner pid=593308)[0m                                  'kl_loss_coef': 0.001,
[36m(Tau2TaskRunner pid=593308)[0m                                  'kl_loss_type': 'low_var_kl',
[36m(Tau2TaskRunner pid=593308)[0m                                  'loss_agg_mode': 'token-mean',
[36m(Tau2TaskRunner pid=593308)[0m                                  'loss_scale_factor': None,
[36m(Tau2TaskRunner pid=593308)[0m                                  'optim': {'_target_': 'verl.workers.config.FSDPOptimizerConfig',
[36m(Tau2TaskRunner pid=593308)[0m                                            'betas': [0.9, 0.999],
[36m(Tau2TaskRunner pid=593308)[0m                                            'clip_grad': 1.0,
[36m(Tau2TaskRunner pid=593308)[0m                                            'lr': 3e-06,
[36m(Tau2TaskRunner pid=593308)[0m                                            'lr_scheduler_type': 'constant',
[36m(Tau2TaskRunner pid=593308)[0m                                            'lr_warmup_steps': -1,
[36m(Tau2TaskRunner pid=593308)[0m                                            'lr_warmup_steps_ratio': 0.0,
[36m(Tau2TaskRunner pid=593308)[0m                                            'min_lr_ratio': 0.0,
[36m(Tau2TaskRunner pid=593308)[0m                                            'num_cycles': 0.5,
[36m(Tau2TaskRunner pid=593308)[0m                                            'optimizer': 'AdamW',
[36m(Tau2TaskRunner pid=593308)[0m                                            'optimizer_impl': 'torch.optim',
[36m(Tau2TaskRunner pid=593308)[0m                                            'override_optimizer_config': None,
[36m(Tau2TaskRunner pid=593308)[0m                                            'total_training_steps': -1,
[36m(Tau2TaskRunner pid=593308)[0m                                            'warmup_style': None,
[36m(Tau2TaskRunner pid=593308)[0m                                            'weight_decay': 0.01,
[36m(Tau2TaskRunner pid=593308)[0m                                            'zero_indexed_step': True},
[36m(Tau2TaskRunner pid=593308)[0m                                  'policy_loss': {'_target_': 'verl.workers.config.PolicyLossConfig',
[36m(Tau2TaskRunner pid=593308)[0m                                                  'clip_cov_lb': 1.0,
[36m(Tau2TaskRunner pid=593308)[0m                                                  'clip_cov_ratio': 0.0002,
[36m(Tau2TaskRunner pid=593308)[0m                                                  'clip_cov_ub': 5.0,
[36m(Tau2TaskRunner pid=593308)[0m                                                  'kl_cov_ratio': 0.0002,
[36m(Tau2TaskRunner pid=593308)[0m                                                  'loss_mode': 'vanilla',
[36m(Tau2TaskRunner pid=593308)[0m                                                  'ppo_kl_coef': 0.1},
[36m(Tau2TaskRunner pid=593308)[0m                                  'ppo_epochs': 1,
[36m(Tau2TaskRunner pid=593308)[0m                                  'ppo_max_token_len_per_gpu': 16384,
[36m(Tau2TaskRunner pid=593308)[0m                                  'ppo_micro_batch_size': None,
[36m(Tau2TaskRunner pid=593308)[0m                                  'ppo_micro_batch_size_per_gpu': 1,
[36m(Tau2TaskRunner pid=593308)[0m                                  'ppo_mini_batch_size': 1,
[36m(Tau2TaskRunner pid=593308)[0m                                  'profiler': {'_target_': 'verl.utils.profiler.ProfilerConfig',
[36m(Tau2TaskRunner pid=593308)[0m                                               'all_ranks': False,
[36m(Tau2TaskRunner pid=593308)[0m                                               'enable': False,
[36m(Tau2TaskRunner pid=593308)[0m                                               'ranks': [],
[36m(Tau2TaskRunner pid=593308)[0m                                               'save_path': 'outputs/profile',
[36m(Tau2TaskRunner pid=593308)[0m                                               'tool': None,
[36m(Tau2TaskRunner pid=593308)[0m                                               'tool_config': {'npu': {'_target_': 'verl.utils.profiler.config.NPUToolConfig',
[36m(Tau2TaskRunner pid=593308)[0m                                                                       'analysis': True,
[36m(Tau2TaskRunner pid=593308)[0m                                                                       'contents': [],
[36m(Tau2TaskRunner pid=593308)[0m                                                                       'discrete': False,
[36m(Tau2TaskRunner pid=593308)[0m                                                                       'level': 'level0'},
[36m(Tau2TaskRunner pid=593308)[0m                                                               'nsys': {'_target_': 'verl.utils.profiler.config.NsightToolConfig',
[36m(Tau2TaskRunner pid=593308)[0m                                                                        'discrete': False},
[36m(Tau2TaskRunner pid=593308)[0m                                                               'torch': {'_target_': 'verl.utils.profiler.config.TorchProfilerToolConfig',
[36m(Tau2TaskRunner pid=593308)[0m                                                                         'contents': [],
[36m(Tau2TaskRunner pid=593308)[0m                                                                         'discrete': False},
[36m(Tau2TaskRunner pid=593308)[0m                                                               'torch_memory': {'_target_': 'verl.utils.profiler.config.TorchMemoryToolConfig',
[36m(Tau2TaskRunner pid=593308)[0m                                                                                'stack_depth': 32,
[36m(Tau2TaskRunner pid=593308)[0m                                                                                'trace_alloc_max_entries': 100000}}},
[36m(Tau2TaskRunner pid=593308)[0m                                  'qat': {'activation_observer': 'static_minmax',
[36m(Tau2TaskRunner pid=593308)[0m                                          'enable': False,
[36m(Tau2TaskRunner pid=593308)[0m                                          'group_size': 16,
[36m(Tau2TaskRunner pid=593308)[0m                                          'ignore_patterns': ['lm_head',
[36m(Tau2TaskRunner pid=593308)[0m                                                              'embed_tokens',
[36m(Tau2TaskRunner pid=593308)[0m                                                              're:.*mlp.gate$'],
[36m(Tau2TaskRunner pid=593308)[0m                                          'mode': 'w4a16',
[36m(Tau2TaskRunner pid=593308)[0m                                          'quantization_config_path': None},
[36m(Tau2TaskRunner pid=593308)[0m                                  'rollout_n': 8,
[36m(Tau2TaskRunner pid=593308)[0m                                  'router_replay': {'_target_': 'verl.workers.config.RouterReplayConfig',
[36m(Tau2TaskRunner pid=593308)[0m                                                    'mode': 'disabled',
[36m(Tau2TaskRunner pid=593308)[0m                                                    'record_file': None,
[36m(Tau2TaskRunner pid=593308)[0m                                                    'replay_file': None},
[36m(Tau2TaskRunner pid=593308)[0m                                  'shuffle': False,
[36m(Tau2TaskRunner pid=593308)[0m                                  'strategy': 'fsdp',
[36m(Tau2TaskRunner pid=593308)[0m                                  'sum_pi_squared_checkpointing': False,
[36m(Tau2TaskRunner pid=593308)[0m                                  'tau_neg': 1.05,
[36m(Tau2TaskRunner pid=593308)[0m                                  'tau_pos': 1.0,
[36m(Tau2TaskRunner pid=593308)[0m                                  'ulysses_sequence_parallel_size': 1,
[36m(Tau2TaskRunner pid=593308)[0m                                  'use_dynamic_bsz': False,
[36m(Tau2TaskRunner pid=593308)[0m                                  'use_fused_kernels': False,
[36m(Tau2TaskRunner pid=593308)[0m                                  'use_kl_loss': True,
[36m(Tau2TaskRunner pid=593308)[0m                                  'use_prefix_grouper': False,
[36m(Tau2TaskRunner pid=593308)[0m                                  'use_remove_padding': True,
[36m(Tau2TaskRunner pid=593308)[0m                                  'use_torch_compile': True},
[36m(Tau2TaskRunner pid=593308)[0m                        'hybrid_engine': True,
[36m(Tau2TaskRunner pid=593308)[0m                        'model': {'_target_': 'verl.workers.config.HFModelConfig',
[36m(Tau2TaskRunner pid=593308)[0m                                  'custom_chat_template': None,
[36m(Tau2TaskRunner pid=593308)[0m                                  'enable_activation_offload': False,
[36m(Tau2TaskRunner pid=593308)[0m                                  'enable_gradient_checkpointing': True,
[36m(Tau2TaskRunner pid=593308)[0m                                  'exclude_modules': None,
[36m(Tau2TaskRunner pid=593308)[0m                                  'external_lib': None,
[36m(Tau2TaskRunner pid=593308)[0m                                  'fused_kernel_options': {'impl_backend': 'torch'},
[36m(Tau2TaskRunner pid=593308)[0m                                  'hf_config_path': None,
[36m(Tau2TaskRunner pid=593308)[0m                                  'lora_adapter_path': None,
[36m(Tau2TaskRunner pid=593308)[0m                                  'lora_alpha': 64,
[36m(Tau2TaskRunner pid=593308)[0m                                  'lora_rank': 32,
[36m(Tau2TaskRunner pid=593308)[0m                                  'mtp': {'_target_': 'verl.workers.config.MtpConfig',
[36m(Tau2TaskRunner pid=593308)[0m                                          'detach_encoder': False,
[36m(Tau2TaskRunner pid=593308)[0m                                          'enable': 
[36m(Tau2TaskRunner pid=593308)[0m False
[36m(Tau2TaskRunner pid=593308)[0m ,
[36m(Tau2TaskRunner pid=593308)[0m                                          
[36m(Tau2TaskRunner pid=593308)[0m 'enable_rollout'
[36m(Tau2TaskRunner pid=593308)[0m : 
[36m(Tau2TaskRunner pid=593308)[0m False
[36m(Tau2TaskRunner pid=593308)[0m ,
[36m(Tau2TaskRunner pid=593308)[0m                                          
[36m(Tau2TaskRunner pid=593308)[0m 'enable_train'
[36m(Tau2TaskRunner pid=593308)[0m : 
[36m(Tau2TaskRunner pid=593308)[0m False
[36m(Tau2TaskRunner pid=593308)[0m ,
[36m(Tau2TaskRunner pid=593308)[0m                                          
[36m(Tau2TaskRunner pid=593308)[0m 'method'
[36m(Tau2TaskRunner pid=593308)[0m : 
[36m(Tau2TaskRunner pid=593308)[0m 'mtp',
[36m(Tau2TaskRunner pid=593308)[0m                                          'mtp_loss_scaling_factor': 0.1,
[36m(Tau2TaskRunner pid=593308)[0m                                          'num_speculative_tokens': 1,
[36m(Tau2TaskRunner pid=593308)[0m                                          'speculative_algorithm': 'EAGLE',
[36m(Tau2TaskRunner pid=593308)[0m                                          'speculative_eagle_topk': 1,
[36m(Tau2TaskRunner pid=593308)[0m                                          'speculative_num_draft_tokens': 4,
[36m(Tau2TaskRunner pid=593308)[0m                                          'speculative_num_steps': 3},
[36m(Tau2TaskRunner pid=593308)[0m                                  'override_config': {},
[36m(Tau2TaskRunner pid=593308)[0m                                  'path': '/data/oss_bucket_0/yanlin/tau2/models/Qwen3-32B',
[36m(Tau2TaskRunner pid=593308)[0m                                  'target_modules': 'all-linear',
[36m(Tau2TaskRunner pid=593308)[0m                                  'tiled_mlp': {'enabled': False,
[36m(Tau2TaskRunner pid=593308)[0m                                                'num_shards': 4},
[36m(Tau2TaskRunner pid=593308)[0m                                  'tokenizer_path': None,
[36m(Tau2TaskRunner pid=593308)[0m                                  'trust_remote_code': False,
[36m(Tau2TaskRunner pid=593308)[0m                                  'use_fused_kernels': False,
[36m(Tau2TaskRunner pid=593308)[0m                                  'use_liger': False,
[36m(Tau2TaskRunner pid=593308)[0m                                  'use_remove_padding': True,
[36m(Tau2TaskRunner pid=593308)[0m                                  'use_shm': False},
[36m(Tau2TaskRunner pid=593308)[0m                        'nccl_timeout': 600,
[36m(Tau2TaskRunner pid=593308)[0m                        'ref': {'_target_': 'verl.workers.config.FSDPActorConfig',
[36m(Tau2TaskRunner pid=593308)[0m                                'entropy_checkpointing': False,
[36m(Tau2TaskRunner pid=593308)[0m                                'entropy_from_logits_with_chunking': False,
[36m(Tau2TaskRunner pid=593308)[0m                                'fsdp_config': {'_target_': 'verl.workers.config.FSDPEngineConfig',
[36m(Tau2TaskRunner pid=593308)[0m                                                'dtype': 'bfloat16',
[36m(Tau2TaskRunner pid=593308)[0m                                                'entropy_checkpointing': False,
[36m(Tau2TaskRunner pid=593308)[0m                                                'entropy_from_logits_with_chunking': False,
[36m(Tau2TaskRunner pid=593308)[0m                                                'forward_only': True,
[36m(Tau2TaskRunner pid=593308)[0m                                                'forward_prefetch': False,
[36m(Tau2TaskRunner pid=593308)[0m                                                'fsdp_size': -1,
[36m(Tau2TaskRunner pid=593308)[0m                                                'full_determinism': False,
[36m(Tau2TaskRunner pid=593308)[0m                                                'model_dtype': 'fp32',
[36m(Tau2TaskRunner pid=593308)[0m                                                'offload_policy': False,
[36m(Tau2TaskRunner pid=593308)[0m                                                'optimizer_offload': False,
[36m(Tau2TaskRunner pid=593308)[0m                                                'param_offload': True,
[36m(Tau2TaskRunner pid=593308)[0m                                                'qat': {'_target_': 'verl.workers.config.QATEngineConfig',
[36m(Tau2TaskRunner pid=593308)[0m                                                        'activation_observer': 'static_minmax',
[36m(Tau2TaskRunner pid=593308)[0m                                                        'enable': False,
[36m(Tau2TaskRunner pid=593308)[0m                                                        'group_size': 16,
[36m(Tau2TaskRunner pid=593308)[0m                                                        'ignore_patterns': ['lm_head',
[36m(Tau2TaskRunner pid=593308)[0m                                                                            'embed_tokens',
[36m(Tau2TaskRunner pid=593308)[0m                                                                            're:.*mlp.gate$'],
[36m(Tau2TaskRunner pid=593308)[0m                                                        'mode': 'w4a16',
[36m(Tau2TaskRunner pid=593308)[0m                                                        'quantization_config_path': None},
[36m(Tau2TaskRunner pid=593308)[0m                                                'reshard_after_forward': True,
[36m(Tau2TaskRunner pid=593308)[0m                                                'seed': 42,
[36m(Tau2TaskRunner pid=593308)[0m                                                'strategy': 'fsdp',
[36m(Tau2TaskRunner pid=593308)[0m                                                'ulysses_sequence_parallel_size': 1,
[36m(Tau2TaskRunner pid=593308)[0m                                                'use_orig_params': False,
[36m(Tau2TaskRunner pid=593308)[0m                                                'use_torch_compile': True,
[36m(Tau2TaskRunner pid=593308)[0m                                                'wrap_policy': {'min_num_params': 0}},
[36m(Tau2TaskRunner pid=593308)[0m                                'log_prob_max_token_len_per_gpu': 16384,
[36m(Tau2TaskRunner pid=593308)[0m                                'log_prob_micro_batch_size': None,
[36m(Tau2TaskRunner pid=593308)[0m                                'log_prob_micro_batch_size_per_gpu': 1,
[36m(Tau2TaskRunner pid=593308)[0m                                'log_prob_use_dynamic_bsz': False,
[36m(Tau2TaskRunner pid=593308)[0m                                'profiler': {'_target_': 'verl.utils.profiler.ProfilerConfig',
[36m(Tau2TaskRunner pid=593308)[0m                                             'all_ranks': False,
[36m(Tau2TaskRunner pid=593308)[0m                                             'enable': False,
[36m(Tau2TaskRunner pid=593308)[0m                                             'ranks': [],
[36m(Tau2TaskRunner pid=593308)[0m                                             'save_path': 'outputs/profile',
[36m(Tau2TaskRunner pid=593308)[0m                                             'tool': None,
[36m(Tau2TaskRunner pid=593308)[0m                                             'tool_config': {'npu': {'_target_': 'verl.utils.profiler.config.NPUToolConfig',
[36m(Tau2TaskRunner pid=593308)[0m                                                                     'analysis': True,
[36m(Tau2TaskRunner pid=593308)[0m                                                                     'contents': [],
[36m(Tau2TaskRunner pid=593308)[0m                                                                     'discrete': False,
[36m(Tau2TaskRunner pid=593308)[0m                                                                     'level': 'level0'},
[36m(Tau2TaskRunner pid=593308)[0m                                                             'nsys': {'_target_': 'verl.utils.profiler.config.NsightToolConfig',
[36m(Tau2TaskRunner pid=593308)[0m                                                                      'discrete': False},
[36m(Tau2TaskRunner pid=593308)[0m                                                             'torch': {'_target_': 'verl.utils.profiler.config.TorchProfilerToolConfig',
[36m(Tau2TaskRunner pid=593308)[0m                                                                       'contents': [],
[36m(Tau2TaskRunner pid=593308)[0m                                                                       'discrete': False},
[36m(Tau2TaskRunner pid=593308)[0m                                                             'torch_memory': {'_target_': 'verl.utils.profiler.config.TorchMemoryToolConfig',
[36m(Tau2TaskRunner pid=593308)[0m                                                                              'stack_depth': 32,
[36m(Tau2TaskRunner pid=593308)[0m                                                                              'trace_alloc_max_entries': 100000}}},
[36m(Tau2TaskRunner pid=593308)[0m                                'rollout_n': 8,
[36m(Tau2TaskRunner pid=593308)[0m                                'router_replay': {'_target_': 'verl.workers.config.RouterReplayConfig',
[36m(Tau2TaskRunner pid=593308)[0m                                                  'mode': 'disabled',
[36m(Tau2TaskRunner pid=593308)[0m                                                  'record_file': None,
[36m(Tau2TaskRunner pid=593308)[0m                                                  'replay_file': None},
[36m(Tau2TaskRunner pid=593308)[0m                                'strategy': 'fsdp',
[36m(Tau2TaskRunner pid=593308)[0m                                'ulysses_sequence_parallel_size': 1,
[36m(Tau2TaskRunner pid=593308)[0m                                'use_torch_compile': True},
[36m(Tau2TaskRunner pid=593308)[0m                        'rollout': {'_target_': 'verl.workers.config.RolloutConfig',
[36m(Tau2TaskRunner pid=593308)[0m                                    'agent': {'_target_': 'verl.workers.config.AgentLoopConfig',
[36m(Tau2TaskRunner pid=593308)[0m                                              'agent_loop_config_path': '/home/liuyanlin.lyl/notebook/lyl/tau2-bench/project/expectation_step_rl/configs/agent_loops.yaml',
[36m(Tau2TaskRunner pid=593308)[0m                                              'custom_async_server': {'_target_': 'verl.workers.config.CustomAsyncServerConfig',
[36m(Tau2TaskRunner pid=593308)[0m                                                                      'name': None,
[36m(Tau2TaskRunner pid=593308)[0m                                                                      'path': None},
[36m(Tau2TaskRunner pid=593308)[0m                                              'default_agent_loop': 'tau2_expectation_step',
[36m(Tau2TaskRunner pid=593308)[0m                                              'num_workers': 4},
[36m(Tau2TaskRunner pid=593308)[0m                                    'calculate_log_probs': True,
[36m(Tau2TaskRunner pid=593308)[0m                                    'checkpoint_engine': {'_target_': 'verl.workers.config.CheckpointEngineConfig',
[36m(Tau2TaskRunner pid=593308)[0m                                                          'backend': 'naive',
[36m(Tau2TaskRunner pid=593308)[0m                                                          'engine_kwargs': {},
[36m(Tau2TaskRunner pid=593308)[0m                                                          'update_weights_bucket_megabytes': 2048},
[36m(Tau2TaskRunner pid=593308)[0m                                    'cudagraph_capture_sizes': None,
[36m(Tau2TaskRunner pid=593308)[0m                                    'data_parallel_size': 1,
[36m(Tau2TaskRunner pid=593308)[0m                                    'disable_log_stats': True,
[36m(Tau2TaskRunner pid=593308)[0m                                    'do_sample': True,
[36m(Tau2TaskRunner pid=593308)[0m                                    'dtype': 'bfloat16',
[36m(Tau2TaskRunner pid=593308)[0m                                    'enable_chunked_prefill': True,
[36m(Tau2TaskRunner pid=593308)[0m                                    'enable_prefix_caching': True,
[36m(Tau2TaskRunner pid=593308)[0m                                    'enable_rollout_routing_replay': False,
[36m(Tau2TaskRunner pid=593308)[0m                                    'enforce_eager': True,
[36m(Tau2TaskRunner pid=593308)[0m                                    'engine_kwargs': {'sglang': {},
[36m(Tau2TaskRunner pid=593308)[0m                                                      'trtllm': {},
[36m(Tau2TaskRunner pid=593308)[0m                                                      'vllm': {}},
[36m(Tau2TaskRunner pid=593308)[0m                                    'expert_parallel_size': 1,
[36m(Tau2TaskRunner pid=593308)[0m                                    'free_cache_engine': True,
[36m(Tau2TaskRunner pid=593308)[0m                                    'gpu_memory_utilization': 0.3,
[36m(Tau2TaskRunner pid=593308)[0m                                    'ignore_eos': False,
[36m(Tau2TaskRunner pid=593308)[0m                                    'layered_summon': True,
[36m(Tau2TaskRunner pid=593308)[0m                                    'load_format': 'safetensors',
[36m(Tau2TaskRunner pid=593308)[0m                                    'log_prob_max_token_len_per_gpu': 16384,
[36m(Tau2TaskRunner pid=593308)[0m                                    'log_prob_micro_batch_size': None,
[36m(Tau2TaskRunner pid=593308)[0m                                    'log_prob_micro_batch_size_per_gpu': 1,
[36m(Tau2TaskRunner pid=593308)[0m                                    'log_prob_use_dynamic_bsz': False,
[36m(Tau2TaskRunner pid=593308)[0m                                    'logprobs_mode': 'processed_logprobs',
[36m(Tau2TaskRunner pid=593308)[0m                                    'max_model_len': None,
[36m(Tau2TaskRunner pid=593308)[0m                                    'max_num_batched_tokens': 8192,
[36m(Tau2TaskRunner pid=593308)[0m                                    'max_num_seqs': 1024,
[36m(Tau2TaskRunner pid=593308)[0m                                    'mode': 'async',
[36m(Tau2TaskRunner pid=593308)[0m                                    'mtp': {'_target_': 'verl.workers.config.MtpConfig',
[36m(Tau2TaskRunner pid=593308)[0m                                            'detach_encoder': False,
[36m(Tau2TaskRunner pid=593308)[0m                                            'enable': False,
[36m(Tau2TaskRunner pid=593308)[0m                                            'enable_rollout': False,
[36m(Tau2TaskRunner pid=593308)[0m                                            'enable_train': False,
[36m(Tau2TaskRunner pid=593308)[0m                                            'method': 'mtp',
[36m(Tau2TaskRunner pid=593308)[0m                                            'mtp_loss_scaling_factor': 0.1,
[36m(Tau2TaskRunner pid=593308)[0m                                            'num_speculative_tokens': 1,
[36m(Tau2TaskRunner pid=593308)[0m                                            'speculative_algorithm': 'EAGLE',
[36m(Tau2TaskRunner pid=593308)[0m                                            'speculative_eagle_topk': 1,
[36m(Tau2TaskRunner pid=593308)[0m                                            'speculative_num_draft_tokens': 4,
[36m(Tau2TaskRunner pid=593308)[0m                                            'speculative_num_steps': 3},
[36m(Tau2TaskRunner pid=593308)[0m                                    'multi_stage_wake_up': False,
[36m(Tau2TaskRunner pid=593308)[0m                                    'multi_turn': {'_target_': 'verl.workers.config.MultiTurnConfig',
[36m(Tau2TaskRunner pid=593308)[0m                                                   'enable': False,
[36m(Tau2TaskRunner pid=593308)[0m                                                   'format': 'hermes',
[36m(Tau2TaskRunner pid=593308)[0m                                                   'interaction_config_path': None,
[36m(Tau2TaskRunner pid=593308)[0m                                                   'max_assistant_turns': None,
[36m(Tau2TaskRunner pid=593308)[0m                                                   'max_parallel_calls': 1,
[36m(Tau2TaskRunner pid=593308)[0m                                                   'max_tool_response_length': 256,
[36m(Tau2TaskRunner pid=593308)[0m                                                   'max_user_turns': None,
[36m(Tau2TaskRunner pid=593308)[0m                                                   'num_repeat_rollouts': None,
[36m(Tau2TaskRunner pid=593308)[0m                                                   'tokenization_sanity_check_mode': 'strict',
[36m(Tau2TaskRunner pid=593308)[0m                                                   'tool_config_path': None,
[36m(Tau2TaskRunner pid=593308)[0m                                                   'tool_response_truncate_side': 'middle',
[36m(Tau2TaskRunner pid=593308)[0m                                                   'use_inference_chat_template': False},
[36m(Tau2TaskRunner pid=593308)[0m                                    'n': 8,
[36m(Tau2TaskRunner pid=593308)[0m                                    'n_gpus_per_node': 4,
[36m(Tau2TaskRunner pid=593308)[0m                                    'name': 'vllm',
[36m(Tau2TaskRunner pid=593308)[0m                                    'nnodes': 0,
[36m(Tau2TaskRunner pid=593308)[0m                                    'over_sample_rate': 0,
[36m(Tau2TaskRunner pid=593308)[0m                                    'pipeline_model_parallel_size': 1,
[36m(Tau2TaskRunner pid=593308)[0m                                    'profiler': {'_target_': 'verl.utils.profiler.ProfilerConfig',
[36m(Tau2TaskRunner pid=593308)[0m                                                 'all_ranks': False,
[36m(Tau2TaskRunner pid=593308)[0m                                                 'enable': False,
[36m(Tau2TaskRunner pid=593308)[0m                                                 'ranks': [],
[36m(Tau2TaskRunner pid=593308)[0m                                                 'save_path': 'outputs/profile',
[36m(Tau2TaskRunner pid=593308)[0m                                                 'tool': None,
[36m(Tau2TaskRunner pid=593308)[0m                                                 'tool_config': {'npu': {'_target_': 'verl.utils.profiler.config.NPUToolConfig',
[36m(Tau2TaskRunner pid=593308)[0m                                                                         'analysis': True,
[36m(Tau2TaskRunner pid=593308)[0m                                                                         'contents': [],
[36m(Tau2TaskRunner pid=593308)[0m                                                                         'discrete': False,
[36m(Tau2TaskRunner pid=593308)[0m                                                                         'level': 'level0'},
[36m(Tau2TaskRunner pid=593308)[0m                                                                 'torch': {'_target_': 'verl.utils.profiler.config.TorchProfilerToolConfig',
[36m(Tau2TaskRunner pid=593308)[0m                                                                           'contents': [],
[36m(Tau2TaskRunner pid=593308)[0m                                                                           'discrete': False}}},
[36m(Tau2TaskRunner pid=593308)[0m                                    'prometheus': {'_target_': 'verl.workers.config.PrometheusConfig',
[36m(Tau2TaskRunner pid=593308)[0m                                                   'enable': False,
[36m(Tau2TaskRunner pid=593308)[0m                                                   'file': '/tmp/ray/session_latest/metrics/prometheus/prometheus.yml',
[36m(Tau2TaskRunner pid=593308)[0m                                                   'port': 9090,
[36m(Tau2TaskRunner pid=593308)[0m                                                   'served_model_name': '/data/oss_bucket_0/yanlin/tau2/models/Qwen3-32B'},
[36m(Tau2TaskRunner pid=593308)[0m                                    'prompt_length': 16384,
[36m(Tau2TaskRunner pid=593308)[0m                                    'qat': {'_target_': 'verl.workers.config.QATEngineConfig',
[36m(Tau2TaskRunner pid=593308)[0m                                            'activation_observer': 'static_minmax',
[36m(Tau2TaskRunner pid=593308)[0m                                            'enable': False,
[36m(Tau2TaskRunner pid=593308)[0m                                            'group_size': 16,
[36m(Tau2TaskRunner pid=593308)[0m                                            'ignore_patterns': ['lm_head',
[36m(Tau2TaskRunner pid=593308)[0m                                                                'embed_tokens',
[36m(Tau2TaskRunner pid=593308)[0m                                                                're:.*mlp.gate$'],
[36m(Tau2TaskRunner pid=593308)[0m                                            'mode': 'w4a16',
[36m(Tau2TaskRunner pid=593308)[0m                                            'quantization_config_path': None},
[36m(Tau2TaskRunner pid=593308)[0m                                    'quantization': None,
[36m(Tau2TaskRunner pid=593308)[0m                                    'quantization_config_file': None,
[36m(Tau2TaskRunner pid=593308)[0m                                    'response_length': 4096,
[36m(Tau2TaskRunner pid=593308)[0m                                    'scheduling_policy': 'fcfs',
[36m(Tau2TaskRunner pid=593308)[0m                                    'skip_dump_dir': '/tmp/rollout_dump',
[36m(Tau2TaskRunner pid=593308)[0m                                    'skip_rollout': False,
[36m(Tau2TaskRunner pid=593308)[0m                                    'skip_tokenizer_init': True,
[36m(Tau2TaskRunner pid=593308)[0m                                    'temperature': 0.6,
[36m(Tau2TaskRunner pid=593308)[0m                                    'tensor_model_parallel_size': 4,
[36m(Tau2TaskRunner pid=593308)[0m                                    'top_k': 20,
[36m(Tau2TaskRunner pid=593308)[0m                                    'top_p': 0.95,
[36m(Tau2TaskRunner pid=593308)[0m                                    'trace': {'_target_': 'verl.workers.config.TraceConfig',
[36m(Tau2TaskRunner pid=593308)[0m                                              'backend': None,
[36m(Tau2TaskRunner pid=593308)[0m                                              'experiment_name': 'qwen3_32b_smoke',
[36m(Tau2TaskRunner pid=593308)[0m                                              'max_samples_per_step_per_worker': None,
[36m(Tau2TaskRunner pid=593308)[0m                                              'project_name': 'tau2_expectation_step_rl',
[36m(Tau2TaskRunner pid=593308)[0m                                              'token2text': False},
[36m(Tau2TaskRunner pid=593308)[0m                                    'val_kwargs': {'_target_': 'verl.workers.config.SamplingConfig',
[36m(Tau2TaskRunner pid=593308)[0m                                                   'do_sample': False,
[36m(Tau2TaskRunner pid=593308)[0m                                                   'n': 1,
[36m(Tau2TaskRunner pid=593308)[0m                                                   'temperature': 0,
[36m(Tau2TaskRunner pid=593308)[0m                                                   'top_k': -1,
[36m(Tau2TaskRunner pid=593308)[0m                                                   'top_p': 1.0}}},
[36m(Tau2TaskRunner pid=593308)[0m  'algorithm': {'_target_': 'verl.trainer.config.AlgoConfig',
[36m(Tau2TaskRunner pid=593308)[0m                'adv_estimator': 'grpo',
[36m(Tau2TaskRunner pid=593308)[0m                'gamma': 1.0,
[36m(Tau2TaskRunner pid=593308)[0m                'kl_ctrl': {'_target_': 'verl.trainer.config.KLControlConfig',
[36m(Tau2TaskRunner pid=593308)[0m                            'horizon': 10000,
[36m(Tau2TaskRunner pid=593308)[0m                            'kl_coef': 0.001,
[36m(Tau2TaskRunner pid=593308)[0m                            'target_kl': 0.1,
[36m(Tau2TaskRunner pid=593308)[0m                            'type': 'fixed'},
[36m(Tau2TaskRunner pid=593308)[0m                'kl_penalty': 'kl',
[36m(Tau2TaskRunner pid=593308)[0m                'lam': 1.0,
[36m(Tau2TaskRunner pid=593308)[0m                'norm_adv_by_std_in_grpo': True,
[36m(Tau2TaskRunner pid=593308)[0m                'pf_ppo': {'reweight_method': 'pow', 'weight_pow': 2.0},
[36m(Tau2TaskRunner pid=593308)[0m                'rollout_correction': {'bypass_mode': False,
[36m(Tau2TaskRunner pid=593308)[0m                                       'loss_type': 'ppo_clip',
[36m(Tau2TaskRunner pid=593308)[0m                                       'rollout_is': None,
[36m(Tau2TaskRunner pid=593308)[0m                                       'rollout_is_batch_normalize': False,
[36m(Tau2TaskRunner pid=593308)[0m                                       'rollout_is_threshold': 2.0,
[36m(Tau2TaskRunner pid=593308)[0m                                       'rollout_rs': None,
[36m(Tau2TaskRunner pid=593308)[0m                                       'rollout_rs_threshold': None},
[36m(Tau2TaskRunner pid=593308)[0m                'use_kl_in_reward': False,
[36m(Tau2TaskRunner pid=593308)[0m                'use_pf_ppo': False},
[36m(Tau2TaskRunner pid=593308)[0m  'critic': {'_target_': 'verl.workers.config.FSDPCriticConfig',
[36m(Tau2TaskRunner pid=593308)[0m             'checkpoint': {'_target_': 'verl.trainer.config.CheckpointConfig',
[36m(Tau2TaskRunner pid=593308)[0m                            'async_save': False,
[36m(Tau2TaskRunner pid=593308)[0m                            'load_contents': ['model', 'optimizer', 'extra'],
[36m(Tau2TaskRunner pid=593308)[0m                            'mbridge_config': {},
[36m(Tau2TaskRunner pid=593308)[0m                            'save_contents': ['model', 'optimizer', 'extra']},
[36m(Tau2TaskRunner pid=593308)[0m             'cliprange_value': 0.5,
[36m(Tau2TaskRunner pid=593308)[0m             'data_loader_seed': 42,
[36m(Tau2TaskRunner pid=593308)[0m             'enable': None,
[36m(Tau2TaskRunner pid=593308)[0m             'forward_max_token_len_per_gpu': 32768,
[36m(Tau2TaskRunner pid=593308)[0m             'forward_micro_batch_size': None,
[36m(Tau2TaskRunner pid=593308)[0m             'forward_micro_batch_size_per_gpu': None,
[36m(Tau2TaskRunner pid=593308)[0m             'grad_clip': 1.0,
[36m(Tau2TaskRunner pid=593308)[0m             'loss_agg_mode': 'token-mean',
[36m(Tau2TaskRunner pid=593308)[0m             'model': {'_target_': 'verl.workers.config.FSDPCriticModelCfg',
[36m(Tau2TaskRunner pid=593308)[0m                       'enable_activation_offload': False,
[36m(Tau2TaskRunner pid=593308)[0m                       'enable_gradient_checkpointing': True,
[36m(Tau2TaskRunner pid=593308)[0m                       'external_lib': None,
[36m(Tau2TaskRunner pid=593308)[0m                       'fsdp_config': {'_target_': 'verl.workers.config.FSDPEngineConfig',
[36m(Tau2TaskRunner pid=593308)[0m                                       'dtype': 'bfloat16',
[36m(Tau2TaskRunner pid=593308)[0m                                       'entropy_checkpointing': False,
[36m(Tau2TaskRunner pid=593308)[0m                                       'entropy_from_logits_with_chunking': False,
[36m(Tau2TaskRunner pid=593308)[0m                                       'forward_only': False,
[36m(Tau2TaskRunner pid=593308)[0m                                       'forward_prefetch': False,
[36m(Tau2TaskRunner pid=593308)[0m                                       'fsdp_size': -1,
[36m(Tau2TaskRunner pid=593308)[0m                                       'full_determinism': False,
[36m(Tau2TaskRunner pid=593308)[0m                                       'model_dtype': 'fp32',
[36m(Tau2TaskRunner pid=593308)[0m                                       'offload_policy': False,
[36m(Tau2TaskRunner pid=593308)[0m                                       'optimizer_offload': False,
[36m(Tau2TaskRunner pid=593308)[0m                                       'param_offload': False,
[36m(Tau2TaskRunner pid=593308)[0m                                       'qat': {'_target_': 'verl.workers.config.QATEngineConfig',
[36m(Tau2TaskRunner pid=593308)[0m                                               'activation_observer': 'static_minmax',
[36m(Tau2TaskRunner pid=593308)[0m                                               'enable': False,
[36m(Tau2TaskRunner pid=593308)[0m                                               'group_size': 16,
[36m(Tau2TaskRunner pid=593308)[0m                                               'ignore_patterns': ['lm_head',
[36m(Tau2TaskRunner pid=593308)[0m                                                                   'embed_tokens',
[36m(Tau2TaskRunner pid=593308)[0m                                                                   're:.*mlp.gate$'],
[36m(Tau2TaskRunner pid=593308)[0m                                               'mode': 'w4a16',
[36m(Tau2TaskRunner pid=593308)[0m                                               'quantization_config_path': None},
[36m(Tau2TaskRunner pid=593308)[0m                                       'reshard_after_forward': True,
[36m(Tau2TaskRunner pid=593308)[0m                                       'seed': 42,
[36m(Tau2TaskRunner pid=593308)[0m                                       'strategy': 'fsdp',
[36m(Tau2TaskRunner pid=593308)[0m                                       'ulysses_sequence_parallel_size': 1,
[36m(Tau2TaskRunner pid=593308)[0m                                       'use_orig_params': False,
[36m(Tau2TaskRunner pid=593308)[0m                                       'use_torch_compile': True,
[36m(Tau2TaskRunner pid=593308)[0m                                       'wrap_policy': {'min_num_params': 0}},
[36m(Tau2TaskRunner pid=593308)[0m                       'lora_alpha': 16,
[36m(Tau2TaskRunner pid=593308)[0m                       'lora_rank': 0,
[36m(Tau2TaskRunner pid=593308)[0m                       'override_config': {},
[36m(Tau2TaskRunner pid=593308)[0m                       'path': '~/models/deepseek-llm-7b-chat',
[36m(Tau2TaskRunner pid=593308)[0m                       'target_modules': 'all-linear',
[36m(Tau2TaskRunner pid=593308)[0m                       'tiled_mlp': {'enabled': False, 'num_shards': 4},
[36m(Tau2TaskRunner pid=593308)[0m                       'tokenizer_path': '/data/oss_bucket_0/yanlin/tau2/models/Qwen3-32B',
[36m(Tau2TaskRunner pid=593308)[0m                       'trust_remote_code': False,
[36m(Tau2TaskRunner pid=593308)[0m                       'use_remove_padding': False,
[36m(Tau2TaskRunner pid=593308)[0m                       'use_shm': False},
[36m(Tau2TaskRunner pid=593308)[0m             'optim': 
[36m(Tau2TaskRunner pid=593308)[0m {'_target_': 'verl.workers.config.FSDPOptimizerConfig',
[36m(Tau2TaskRunner pid=593308)[0m                       'betas': [0.9, 0.999],
[36m(Tau2TaskRunner pid=593308)[0m                       'clip_grad': 1.0,
[36m(Tau2TaskRunner pid=593308)[0m                       'lr': 1e-05,
[36m(Tau2TaskRunner pid=593308)[0m                       'lr_scheduler_type': 'constant',
[36m(Tau2TaskRunner pid=593308)[0m                       'lr_warmup_steps': -1,
[36m(Tau2TaskRunner pid=593308)[0m                       'lr_warmup_steps_ratio': 0.0,
[36m(Tau2TaskRunner pid=593308)[0m                       'min_lr_ratio': 0.0,
[36m(Tau2TaskRunner pid=593308)[0m                       'num_cycles': 0.5,
[36m(Tau2TaskRunner pid=593308)[0m                       'optimizer': 'AdamW',
[36m(Tau2TaskRunner pid=593308)[0m                       'optimizer_impl': 'torch.optim',
[36m(Tau2TaskRunner pid=593308)[0m                       'override_optimizer_config': None,
[36m(Tau2TaskRunner pid=593308)[0m                       'total_training_steps': -1,
[36m(Tau2TaskRunner pid=593308)[0m                       'warmup_style': None,
[36m(Tau2TaskRunner pid=593308)[0m                       'weight_decay': 0.01,
[36m(Tau2TaskRunner pid=593308)[0m                       'zero_indexed_step': True},
[36m(Tau2TaskRunner pid=593308)[0m             'ppo_epochs': 1,
[36m(Tau2TaskRunner pid=593308)[0m             'ppo_max_token_len_per_gpu': 32768,
[36m(Tau2TaskRunner pid=593308)[0m             'ppo_micro_batch_size': None,
[36m(Tau2TaskRunner pid=593308)[0m             'ppo_micro_batch_size_per_gpu': None,
[36m(Tau2TaskRunner pid=593308)[0m             'ppo_mini_batch_size': 1,
[36m(Tau2TaskRunner pid=593308)[0m             'profiler': {'_target_': 'verl.utils.profiler.ProfilerConfig',
[36m(Tau2TaskRunner pid=593308)[0m                          'all_ranks': False,
[36m(Tau2TaskRunner pid=593308)[0m                          'enable': False,
[36m(Tau2TaskRunner pid=593308)[0m                          'ranks': [],
[36m(Tau2TaskRunner pid=593308)[0m                          'save_path': 'outputs/profile',
[36m(Tau2TaskRunner pid=593308)[0m                          'tool': None,
[36m(Tau2TaskRunner pid=593308)[0m                          'tool_config': {'npu': {'_target_': 'verl.utils.profiler.config.NPUToolConfig',
[36m(Tau2TaskRunner pid=593308)[0m                                                  'analysis': True,
[36m(Tau2TaskRunner pid=593308)[0m                                                  'contents': [],
[36m(Tau2TaskRunner pid=593308)[0m                                                  'discrete': False,
[36m(Tau2TaskRunner pid=593308)[0m                                                  'level': 'level0'},
[36m(Tau2TaskRunner pid=593308)[0m                                          'nsys': {'_target_': 'verl.utils.profiler.config.NsightToolConfig',
[36m(Tau2TaskRunner pid=593308)[0m                                                   'discrete': False},
[36m(Tau2TaskRunner pid=593308)[0m                                          'torch': {'_target_': 'verl.utils.profiler.config.TorchProfilerToolConfig',
[36m(Tau2TaskRunner pid=593308)[0m                                                    'contents': [],
[36m(Tau2TaskRunner pid=593308)[0m                                                    'discrete': False},
[36m(Tau2TaskRunner pid=593308)[0m                                          'torch_memory': {'_target_': 'verl.utils.profiler.config.TorchMemoryToolConfig',
[36m(Tau2TaskRunner pid=593308)[0m                                                           'stack_depth': 32,
[36m(Tau2TaskRunner pid=593308)[0m                                                           'trace_alloc_max_entries': 100000}}},
[36m(Tau2TaskRunner pid=593308)[0m             'rollout_n': 8,
[36m(Tau2TaskRunner pid=593308)[0m             'shuffle': False,
[36m(Tau2TaskRunner pid=593308)[0m             'strategy': 'fsdp',
[36m(Tau2TaskRunner pid=593308)[0m             'ulysses_sequence_parallel_size': 1,
[36m(Tau2TaskRunner pid=593308)[0m             'use_dynamic_bsz': False},
[36m(Tau2TaskRunner pid=593308)[0m  'data': {'apply_chat_template_kwargs': {'enable_thinking': True},
[36m(Tau2TaskRunner pid=593308)[0m           'custom_cls': {'name': None, 'path': None},
[36m(Tau2TaskRunner pid=593308)[0m           'datagen': {'name': None, 'path': None},
[36m(Tau2TaskRunner pid=593308)[0m           'dataloader_num_workers': 0,
[36m(Tau2TaskRunner pid=593308)[0m           'filter_overlong_prompts': False,
[36m(Tau2TaskRunner pid=593308)[0m           'filter_overlong_prompts_workers': 1,
[36m(Tau2TaskRunner pid=593308)[0m           'image_key': 'images',
[36m(Tau2TaskRunner pid=593308)[0m           'image_patch_size': 14,
[36m(Tau2TaskRunner pid=593308)[0m           'max_prompt_length': 16384,
[36m(Tau2TaskRunner pid=593308)[0m           'max_response_length': 4096,
[36m(Tau2TaskRunner pid=593308)[0m           'prompt_key': 'prompt',
[36m(Tau2TaskRunner pid=593308)[0m           'return_full_prompt': False,
[36m(Tau2TaskRunner pid=593308)[0m           'return_multi_modal_inputs': True,
[36m(Tau2TaskRunner pid=593308)[0m           'return_raw_chat': True,
[36m(Tau2TaskRunner pid=593308)[0m           'return_raw_input_ids': False,
[36m(Tau2TaskRunner pid=593308)[0m           'reward_fn_key': 'data_source',
[36m(Tau2TaskRunner pid=593308)[0m           'sampler': {'class_name': None, 'class_path': None},
[36m(Tau2TaskRunner pid=593308)[0m           'seed': 42,
[36m(Tau2TaskRunner pid=593308)[0m           'shuffle': True,
[36m(Tau2TaskRunner pid=593308)[0m           'tokenizer': None,
[36m(Tau2TaskRunner pid=593308)[0m           'tool_config_path': None,
[36m(Tau2TaskRunner pid=593308)[0m           'train_batch_size': 1,
[36m(Tau2TaskRunner pid=593308)[0m           'train_files': '/home/liuyanlin.lyl/notebook/lyl/tau2-bench/project/expectation_step_rl/data/decisions_qwen3_32b_t06/train.jsonl',
[36m(Tau2TaskRunner pid=593308)[0m           'train_max_samples': 1,
[36m(Tau2TaskRunner pid=593308)[0m           'truncation': 'error',
[36m(Tau2TaskRunner pid=593308)[0m           'trust_remote_code': False,
[36m(Tau2TaskRunner pid=593308)[0m           'use_shm': False,
[36m(Tau2TaskRunner pid=593308)[0m           'val_batch_size': None,
[36m(Tau2TaskRunner pid=593308)[0m           'val_files': '/home/liuyanlin.lyl/notebook/lyl/tau2-bench/project/expectation_step_rl/data/decisions_qwen3_32b_t06/test.jsonl',
[36m(Tau2TaskRunner pid=593308)[0m           'val_max_samples': 1,
[36m(Tau2TaskRunner pid=593308)[0m           'validation_shuffle': False,
[36m(Tau2TaskRunner pid=593308)[0m           'video_key': 'videos'},
[36m(Tau2TaskRunner pid=593308)[0m  'global_profiler': {'_target_': 'verl.utils.profiler.ProfilerConfig',
[36m(Tau2TaskRunner pid=593308)[0m                      'global_tool_config': {'nsys': {'_target_': 'verl.utils.profiler.config.NsightToolConfig',
[36m(Tau2TaskRunner pid=593308)[0m                                                      'controller_nsight_options': {'cuda-graph-trace': 'graph',
[36m(Tau2TaskRunner pid=593308)[0m                                                                                    'cuda-memory-usage': 'true',
[36m(Tau2TaskRunner pid=593308)[0m                                                                                    'trace': 'cuda,nvtx,cublas,ucx'},
[36m(Tau2TaskRunner pid=593308)[0m                                                      'discrete': False,
[36m(Tau2TaskRunner pid=593308)[0m                                                      'worker_nsight_options': {'capture-range': 'cudaProfilerApi',
[36m(Tau2TaskRunner pid=593308)[0m                                                                                'capture-range-end': None,
[36m(Tau2TaskRunner pid=593308)[0m                                                                                'cuda-graph-trace': 'graph',
[36m(Tau2TaskRunner pid=593308)[0m                                                                                'cuda-memory-usage': 'true',
[36m(Tau2TaskRunner pid=593308)[0m                                                                                'kill': 'none',
[36m(Tau2TaskRunner pid=593308)[0m                                                                                'trace': 'cuda,nvtx,cublas,ucx'}},
[36m(Tau2TaskRunner pid=593308)[0m                                             'torch_memory': {'context': 'all',
[36m(Tau2TaskRunner pid=593308)[0m                                                              'kw_args': {},
[36m(Tau2TaskRunner pid=593308)[0m                                                              'stack_depth': 32,
[36m(Tau2TaskRunner pid=593308)[0m                                                              'stacks': 'all',
[36m(Tau2TaskRunner pid=593308)[0m                                                              'trace_alloc_max_entries': 100000}},
[36m(Tau2TaskRunner pid=593308)[0m                      'profile_continuous_steps': False,
[36m(Tau2TaskRunner pid=593308)[0m                      'save_path': 'outputs/profile',
[36m(Tau2TaskRunner pid=593308)[0m                      'steps': None,
[36m(Tau2TaskRunner pid=593308)[0m                      'tool': None},
[36m(Tau2TaskRunner pid=593308)[0m  'model_engine': 'dp',
[36m(Tau2TaskRunner pid=593308)[0m  'ray_kwargs': {'ray_init': {'num_cpus': None}, 'timeline_json_file': None},
[36m(Tau2TaskRunner pid=593308)[0m  'reward': {'custom_reward_function': {'name': 'compute_score', 'path': None},
[36m(Tau2TaskRunner pid=593308)[0m             'num_workers': 8,
[36m(Tau2TaskRunner pid=593308)[0m             'reward_manager': {'_target_': 'verl.workers.config.reward_model.RewardManagerConfig',
[36m(Tau2TaskRunner pid=593308)[0m                                'module': {'_target_': 'verl.trainer.config.config.ModuleConfig',
[36m(Tau2TaskRunner pid=593308)[0m                                           'name': 'custom_reward_manager',
[36m(Tau2TaskRunner pid=593308)[0m                                           'path': None},
[36m(Tau2TaskRunner pid=593308)[0m                                'name': 'naive',
[36m(Tau2TaskRunner pid=593308)[0m                                'source': 'register'},
[36m(Tau2TaskRunner pid=593308)[0m             'reward_model': {'enable': False,
[36m(Tau2TaskRunner pid=593308)[0m                              'enable_resource_pool': False,
[36m(Tau2TaskRunner pid=593308)[0m                              'model_path': None,
[36m(Tau2TaskRunner pid=593308)[0m                              'n_gpus_per_node': 8,[36m(Tau2TaskRunner pid=593308)[0m /home/liuyanlin.lyl/notebook/lyl/tau2-bench/project/expectation_step_rl/third_party/verl/verl/trainer/main_ppo.py:302: UserWarning: Disabled critic as algorithm.adv_estimator != gae. If it is not intended, please set critic.enable=True
[36m(Tau2TaskRunner pid=593308)[0m   use_critic=need_critic(config),
[36m(Tau2TaskRunner pid=593308)[0m /home/liuyanlin.lyl/notebook/lyl/tau2-bench/project/expectation_step_rl/third_party/verl/verl/trainer/ppo/ray_trainer.py:286: UserWarning: Disabled critic as algorithm.adv_estimator != gae. If it is not intended, please set critic.enable=True
[36m(Tau2TaskRunner pid=593308)[0m   self.use_critic = need_critic(self.config)
[36m(pid=594837)[0m /home/liuyanlin.lyl/.venvs/expectation-step-rl/lib/python3.12/site-packages/torch/cuda/__init__.py:63: FutureWarning: The pynvml package is deprecated. Please install nvidia-ml-py instead. If you did not install pynvml directly, please report this to the maintainers of the package that installed pynvml for you.
[36m(pid=594837)[0m   import pynvml  # type: ignore[import]
[36m(WorkerDict pid=594837)[0m `torch_dtype` is deprecated! Use `dtype` instead!
[36m(WorkerDict pid=594837)[0m Flash Attention 2 only supports torch.float16 and torch.bfloat16 dtypes, but the current dype in Qwen3ForCausalLM is torch.float32. You should run training or inference using Automatic Mixed-Precision via the `with torch.autocast(device_type='torch_device'):` decorator, or load the model with the `dtype` argument. Example: `model = AutoModel.from_pretrained("openai/whisper-tiny", attn_implementation="flash_attention_2", dtype=torch.float16)`
[36m(pid=594835)[0m /home/liuyanlin.lyl/.venvs/expectation-step-rl/lib/python3.12/site-packages/torch/cuda/__init__.py:63: FutureWarning: The pynvml package is deprecated. Please install nvidia-ml-py instead. If you did not install pynvml directly, please report this to the maintainers of the package that installed pynvml for you.[32m [repeated 3x across cluster] (Ray deduplicates logs by default. Set RAY_DEDUP_LOGS=0 to disable log deduplication, or see https://docs.ray.io/en/master/ray-observability/user-guides/configure-logging.html#log-deduplication for more options.)[0m
[36m(pid=594835)[0m   import pynvml  # type: ignore[import][32m [repeated 3x across cluster][0m
[36m(WorkerDict pid=594837)[0m Loading checkpoint shards:   0%|          | 0/17 [00:00<?, ?it/s]
[36m(WorkerDict pid=594834)[0m Loading checkpoint shards:   6%|▌         | 1/17 [00:00<00:10,  1.51it/s]
[36m(WorkerDict pid=594835)[0m `torch_dtype` is deprecated! Use `dtype` instead![32m [repeated 3x across cluster][0m
[36m(WorkerDict pid=594835)[0m Flash Attention 2 only supports torch.float16 and torch.bfloat16 dtypes, but the current dype in Qwen3Model is torch.float32. You should run training or inference using Automatic Mixed-Precision via the `with torch.autocast(device_type='torch_device'):` decorator, or load the model with the `dtype` argument. Example: `model = AutoModel.from_pretrained("openai/whisper-tiny", attn_implementation="flash_attention_2", dtype=torch.float16)`[32m [repeated 7x across cluster][0m
[36m(WorkerDict pid=594835)[0m Loading checkpoint shards:   0%|          | 0/17 [00:00<?, ?it/s][32m [repeated 3x across cluster][0m
[36m(WorkerDict pid=594836)[0m Loading checkpoint shards:  35%|███▌      | 6/17 [00:05<00:10,  1.05it/s][32m [repeated 21x across cluster][0m
[36m(WorkerDict pid=594834)[0m Loading checkpoint shards:  94%|█████████▍| 16/17 [00:10<00:00,  1.57it/s]
[36m(WorkerDict pid=594837)[0m Loading checkpoint shards:  47%|████▋     | 8/17 [00:10<00:11,  1.32s/it][32m [repeated 20x across cluster][0m
[36m(WorkerDict pid=594834)[0m Loading checkpoint shards: 100%|██████████| 17/17 [00:11<00:00,  1.69it/s]Loading checkpoint shards: 100%|██████████| 17/17 [00:11<00:00,  1.54it/s]
[36m(WorkerDict pid=594836)[0m Loading checkpoint shards:  94%|█████████▍| 16/17 [00:15<00:00,  1.10it/s]
[36m(WorkerDict pid=594837)[0m Loading checkpoint shards:  76%|███████▋  | 13/17 [00:16<00:04,  1.14s/it][32m [repeated 13x across cluster][0m
[36m(WorkerDict pid=594836)[0m Loading checkpoint shards: 100%|██████████| 17/17 [00:15<00:00,  1.18it/s]Loading checkpoint shards: 100%|██████████| 17/17 [00:15<00:00,  1.08it/s]
[36m(WorkerDict pid=594837)[0m Loading checkpoint shards:  94%|█████████▍| 16/17 [00:19<00:01,  1.11s/it]
[36m(WorkerDict pid=594837)[0m Loading checkpoint shards: 100%|██████████| 17/17 [00:20<00:00,  1.04s/it]Loading checkpoint shards: 100%|██████████| 17/17 [00:20<00:00,  1.21s/it]

[36m(Tau2TaskRunner pid=593308)[0m                              'nnodes': 0,
[36m(Tau2TaskRunner pid=593308)[0m                              'rollout': {'_target_': 'verl.workers.config.RolloutConfig',
[36m(Tau2TaskRunner pid=593308)[0m                                          'cudagraph_capture_sizes': None,
[36m(Tau2TaskRunner pid=593308)[0m                                          'data_parallel_size': 1,
[36m(Tau2TaskRunner pid=593308)[0m                                          'disable_log_stats': True,
[36m(Tau2TaskRunner pid=593308)[0m                                          'dtype': 'bfloat16',
[36m(Tau2TaskRunner pid=593308)[0m                                          'enable_chunked_prefill': True,
[36m(Tau2TaskRunner pid=593308)[0m                                          'enable_prefix_caching': True,
[36m(Tau2TaskRunner pid=593308)[0m                                          'enforce_eager': True,
[36m(Tau2TaskRunner pid=593308)[0m                                          'engine_kwargs': {},
[36m(Tau2TaskRunner pid=593308)[0m                                          'expert_parallel_size': 1,
[36m(Tau2TaskRunner pid=593308)[0m                                          'free_cache_engine': True,
[36m(Tau2TaskRunner pid=593308)[0m                                          'gpu_memory_utilization': 0.5,
[36m(Tau2TaskRunner pid=593308)[0m                                          'limit_images': None,
[36m(Tau2TaskRunner pid=593308)[0m                                          'load_format': 'auto',
[36m(Tau2TaskRunner pid=593308)[0m                                          'max_model_len': None,
[36m(Tau2TaskRunner pid=593308)[0m                                          'max_num_batched_tokens': 8192,
[36m(Tau2TaskRunner pid=593308)[0m                                          'max_num_seqs': 1024,
[36m(Tau2TaskRunner pid=593308)[0m                                          'name': '???',
[36m(Tau2TaskRunner pid=593308)[0m                                          'prompt_length': 2048,
[36m(Tau2TaskRunner pid=593308)[0m                                          'response_length': 2048,
[36m(Tau2TaskRunner pid=593308)[0m                                          'skip_tokenizer_init': False,
[36m(Tau2TaskRunner pid=593308)[0m                                          'tensor_model_parallel_size': 2}},
[36m(Tau2TaskRunner pid=593308)[0m             'sandbox_fusion': {'max_concurrent': 64,
[36m(Tau2TaskRunner pid=593308)[0m                                'memory_limit_mb': 1024,
[36m(Tau2TaskRunner pid=593308)[0m                                'url': None}},
[36m(Tau2TaskRunner pid=593308)[0m  'trainer': {'balance_batch': True,
[36m(Tau2TaskRunner pid=593308)[0m              'critic_warmup': 0,
[36m(Tau2TaskRunner pid=593308)[0m              'default_hdfs_dir': None,
[36m(Tau2TaskRunner pid=593308)[0m              'default_local_dir': '/data/oss_bucket_0/yanlin/tau2/expectation_step_rl/checkpoints/qwen3_32b_smoke',
[36m(Tau2TaskRunner pid=593308)[0m              'del_local_ckpt_after_load': False,
[36m(Tau2TaskRunner pid=593308)[0m              'device': 'cuda',
[36m(Tau2TaskRunner pid=593308)[0m              'esi_redundant_time': 0,
[36m(Tau2TaskRunner pid=593308)[0m              'experiment_name': 'qwen3_32b_smoke',
[36m(Tau2TaskRunner pid=593308)[0m              'log_val_generations': 0,
[36m(Tau2TaskRunner pid=593308)[0m              'logger': ['console'],
[36m(Tau2TaskRunner pid=593308)[0m              'max_actor_ckpt_to_keep': None,
[36m(Tau2TaskRunner pid=593308)[0m              'max_critic_ckpt_to_keep': None,
[36m(Tau2TaskRunner pid=593308)[0m              'n_gpus_per_node': 4,
[36m(Tau2TaskRunner pid=593308)[0m              'nnodes': 1,
[36m(Tau2TaskRunner pid=593308)[0m              'project_name': 'tau2_expectation_step_rl',
[36m(Tau2TaskRunner pid=593308)[0m              'ray_wait_register_center_timeout': 300,
[36m(Tau2TaskRunner pid=593308)[0m              'resume_from_path': None,
[36m(Tau2TaskRunner pid=593308)[0m              'resume_mode': 'disable',
[36m(Tau2TaskRunner pid=593308)[0m              'rollout_data_dir': '/home/liuyanlin.lyl/notebook/lyl/tau2-bench/project/expectation_step_rl/outputs/smoke/rollouts',
[36m(Tau2TaskRunner pid=593308)[0m              'save_freq': -1,
[36m(Tau2TaskRunner pid=593308)[0m              'test_freq': -1,
[36m(Tau2TaskRunner pid=593308)[0m              'total_epochs': 1,
[36m(Tau2TaskRunner pid=593308)[0m              'total_training_steps': 1,
[36m(Tau2TaskRunner pid=593308)[0m              'use_legacy_worker_impl': 'disable',
[36m(Tau2TaskRunner pid=593308)[0m              'val_before_train': True,
[36m(Tau2TaskRunner pid=593308)[0m              'val_only': False,
[36m(Tau2TaskRunner pid=593308)[0m              'validation_data_dir': None},
[36m(Tau2TaskRunner pid=593308)[0m  'transfer_queue': {'enable': False}}
[36m(Tau2TaskRunner pid=593308)[0m Using new worker implementation
[36m(Tau2TaskRunner pid=593308)[0m [validate_config] All configuration checks passed successfully!
[36m(Tau2TaskRunner pid=593308)[0m Using dataset class: RLHFDataset
[36m(Tau2TaskRunner pid=593308)[0m dataset len: 507
[36m(Tau2TaskRunner pid=593308)[0m selected 1 random samples out of 507
[36m(Tau2TaskRunner pid=593308)[0m Using dataset class: RLHFDataset
[36m(Tau2TaskRunner pid=593308)[0m dataset len: 274
[36m(Tau2TaskRunner pid=593308)[0m selected 1 random samples out of 274
[36m(Tau2TaskRunner pid=593308)[0m Size of train dataloader: 1, Size of val dataloader: 1
[36m(Tau2TaskRunner pid=593308)[0m Total training steps: 1
[36m(Tau2TaskRunner pid=593308)[0m colocated worker base class <class 'verl.single_controller.base.worker.Worker'>
[36m(WorkerDict pid=594834)[0m [Gloo] Rank 0 is connected to 3 peer ranks. Expected number of connected peer ranks is : 3
[36m(WorkerDict pid=594834)[0m Monkey patch _flash_attention_forward in transformers.integrations.flash_attention
[36m(WorkerDict pid=594834)[0m Skipping monkey patch for Qwen3ForCausalLM as use_fused_kernels is False or fused_kernels_backend is torch
[36m(WorkerDict pid=594835)[0m [Gloo] Rank 1 is connected to 3 peer ranks. Expected number of connected peer ranks is : 3[32m [repeated 3x across cluster][0m
[36m(WorkerDict pid=594837)[0m Monkey patch _flash_attention_forward in transformers.integrations.flash_attention[32m [repeated 2x across cluster][0m
[36m(WorkerDict pid=594837)[0m Skipping monkey patch for Qwen3ForCausalLM as use_fused_kernels is False or fused_kernels_backend is torch[32m [repeated 2x across cluster][0m
[36m(WorkerDict pid=594834)[0m PeftModelForCausalLM contains 33.03B parameters
[36m(WorkerDict pid=594834)[0m Before FSDP, memory allocated (GB): 0.00, memory reserved (GB): 0.00, device memory used/total (GB): 0.32/95.07
[36m(WorkerDict pid=594834)[0m notebook-56ece9efd1a0-worker-0:594834:596002 [0] NCCL INFO Bootstrap: Using eth0:11.24.227.166<0>
[36m(WorkerDict pid=594834)[0m notebook-56ece9efd1a0-worker-0:594834:596002 [0] NCCL INFO cudaDriverVersion 13000
[36m(WorkerDict pid=594834)[0m notebook-56ece9efd1a0-worker-0:594834:596002 [0] NCCL INFO NCCL version 2.27.3+cuda12.9
[36m(WorkerDict pid=594834)[0m notebook-56ece9efd1a0-worker-0:594834:596002 [0] NCCL INFO Comm config Blocking set to 1
[36m(WorkerDict pid=594834)[0m notebook-56ece9efd1a0-worker-0:594834:597046 [0] NCCL INFO NET/Plugin: Could not find: libnccl-net-none.so. 
[36m(WorkerDict pid=594834)[0m notebook-56ece9efd1a0-worker-0:594834:597046 [0] NCCL INFO NET/IB : No device found.
[36m(WorkerDict pid=594834)[0m notebook-56ece9efd1a0-worker-0:594834:597046 [0] NCCL INFO NET/IB : Using [RO]; OOB eth0:11.24.227.166<0>
[36m(WorkerDict pid=594834)[0m notebook-56ece9efd1a0-worker-0:594834:597046 [0] NCCL INFO NET/Socket : Using [0]eth0:11.24.227.166<0> [1]veth1:11.24.227.166<0>
[36m(WorkerDict pid=594834)[0m notebook-56ece9efd1a0-worker-0:594834:597046 [0] NCCL INFO Initialized NET plugin Socket
[36m(WorkerDict pid=594834)[0m notebook-56ece9efd1a0-worker-0:594834:597046 [0] NCCL INFO Assigned NET plugin Socket to comm
[36m(WorkerDict pid=594834)[0m notebook-56ece9efd1a0-worker-0:594834:597046 [0] NCCL INFO Using network Socket
[36m(WorkerDict pid=594834)[0m notebook-56ece9efd1a0-worker-0:594834:597046 [0] NCCL INFO ncclCommInitRankConfig comm 0x7f05defee830 rank 0 nranks 4 cudaDev 0 nvmlDev 1 busId 7e000 commId 0x55c4c1bc6797b311 - Init START
[36m(WorkerDict pid=594834)[0m notebook-56ece9efd1a0-worker-0:594834:597046 [0] NCCL INFO RAS client listening socket at 127.0.0.1<28028>
[36m(WorkerDict pid=594834)[0m notebook-56ece9efd1a0-worker-0:594834:597046 [0] NCCL INFO Bootstrap timings total 0.002939 (create 0.000024, send 0.000126, recv 0.000186, ring 0.000313, delay 0.000000)
[36m(WorkerDict pid=594834)[0m notebook-56ece9efd1a0-worker-0:594834:597046 [0] NCCL INFO MNNVL busId 0x7e000 fabric UUID 0.0 cliqueId 0x0 state 3 healthMask 0x0
[36m(WorkerDict pid=594834)[0m notebook-56ece9efd1a0-worker-0:594834:597046 [0] NCCL INFO Setting affinity for GPU 1 to 0-47,96-143
[36m(WorkerDict pid=594834)[0m notebook-56ece9efd1a0-worker-0:594834:597046 [0] NCCL INFO NVLS multicast support is available on dev 0 (NVLS_NCHANNELS 16)
[36m(WorkerDict pid=594834)[0m notebook-56ece9efd1a0-worker-0:594834:597046 [0] NCCL INFO comm 0x7f05defee830 rank 0 nRanks 4 nNodes 1 localRanks 4 localRank 0 MNNVL 0
[36m(WorkerDict pid=594834)[0m notebook-56ece9efd1a0-worker-0:594834:597046 [0] NCCL INFO Channel 00/24 : 0 1 2 3
[36m(WorkerDict pid=594834)[0m notebook-56ece9efd1a0-worker-0:594834:597046 [0] NCCL INFO Channel 01/24 : 0 1 2 3
[36m(WorkerDict pid=594834)[0m notebook-56ece9efd1a0-worker-0:594834:597046 [0] NCCL INFO Channel 02/24 : 0 1 2 3
[36m(WorkerDict pid=594834)[0m notebook-56ece9efd1a0-worker-0:594834:597046 [0] NCCL INFO Channel 03/24 : 0 1 2 3
[36m(WorkerDict pid=594834)[0m notebook-56ece9efd1a0-worker-0:594834:597046 [0] NCCL INFO Channel 04/24 : 0 1 2 3
[36m(WorkerDict pid=594834)[0m notebook-56ece9efd1a0-worker-0:594834:597046 [0] NCCL INFO Channel 05/24 : 0 1 2 3
[36m(WorkerDict pid=594834)[0m notebook-56ece9efd1a0-worker-0:594834:597046 [0] NCCL INFO Channel 06/24 : 0 1 2 3
[36m(WorkerDict pid=594834)[0m notebook-56ece9efd1a0-worker-0:594834:597046 [0] NCCL INFO Channel 07/24 : 0 1 2 3
[36m(WorkerDict pid=594834)[0m notebook-56ece9efd1a0-worker-0:594834:597046 [0] NCCL INFO Channel 08/24 : 0 1 2 3
[36m(WorkerDict pid=594834)[0m notebook-56ece9efd1a0-worker-0:594834:597046 [0] NCCL INFO Channel 09/24 : 0 1 2 3
[36m(WorkerDict pid=594834)[0m notebook-56ece9efd1a0-worker-0:594834:597046 [0] NCCL INFO Channel 10/24 : 0 1 2 3
[36m(WorkerDict pid=594834)[0m notebook-56ece9efd1a0-worker-0:594834:597046 [0] NCCL INFO Channel 11/24 : 0 1 2 3
[36m(WorkerDict pid=594834)[0m notebook-56ece9efd1a0-worker-0:594834:597046 [0] NCCL INFO Channel 12/24 : 0 1 2 3
[36m(WorkerDict pid=594834)[0m notebook-56ece9efd1a0-worker-0:594834:597046 [0] NCCL INFO Channel 13/24 : 0 1 2 3
[36m(WorkerDict pid=594834)[0m notebook-56ece9efd1a0-worker-0:594834:597046 [0] NCCL INFO Channel 14/24 : 0 1 2 3
[36m(WorkerDict pid=594834)[0m notebook-56ece9efd1a0-worker-0:594834:597046 [0] NCCL INFO Channel 15/24 : 0 1 2 3
[36m(WorkerDict pid=594834)[0m notebook-56ece9efd1a0-worker-0:594834:597046 [0] NCCL INFO Channel 16/24 : 0 1 2 3
[36m(WorkerDict pid=594834)[0m notebook-56ece9efd1a0-worker-0:594834:597046 [0] NCCL INFO Channel 17/24 : 0 1 2 3
[36m(WorkerDict pid=594834)[0m notebook-56ece9efd1a0-worker-0:594834:597046 [0] NCCL INFO Channel 18/24 : 0 1 2 3
[36m(WorkerDict pid=594834)[0m notebook-56ece9efd1a0-worker-0:594834:597046 [0] NCCL INFO Channel 19/24 : 0 1 2 3
[36m(WorkerDict pid=594834)[0m notebook-56ece9efd1a0-worker-0:594834:597046 [0] NCCL INFO Channel 20/24 : 0 1 2 3
[36m(WorkerDict pid=594834)[0m notebook-56ece9efd1a0-worker-0:594834:597046 [0] NCCL INFO Channel 21/24 : 0 1 2 3
[36m(WorkerDict pid=594834)[0m notebook-56ece9efd1a0-worker-0:594834:597046 [0] NCCL INFO Channel 22/24 : 0 1 2 3
[36m(WorkerDict pid=594834)[0m notebook-56ece9efd1a0-worker-0:594834:597046 [0] NCCL INFO Channel 23/24 : 0 1 2 3
[36m(WorkerDict pid=594834)[0m notebook-56ece9efd1a0-worker-0:594834:597046 [0] NCCL INFO Trees [0] 1/-1/-1->0->-1 [1] 1/-1/-
[36m(WorkerDict pid=594834)[0m 1->0->-1 [2] 1/-1/-1->0->-1 [3] 1/-1/-1->0->-1 [4] 1/-1/-1->0->-1 [5] 1/-1/-1->0->-1 [6] 1/-1/-1->0->-1 [7] 1/-1/-1->0->-1 [8] 1/-1/-1->0->-1 [9] 1/-1/-1->0->-1 [10] 1/-1/-1->0->-1 [11] 1/-1/-1->0->-1 [12] 1/-1/-1->0->-1 [13] 1/-1/-1->0->-1 [14] 1/-1/-1->0->-1 [15] 1/-1/-1->0->-1 [16] 1/-1/-1->0->-1 [17] 1/-1/-1->0->-1 [18] 1/-1/-1->0->-1 [19] 1/-1/-1->0->-1 [20] 1/-1/-1->0->-1 [21] 1/-1/-1->0->-1 [22] 1/-1/-1->0->-1 [23] 1/-1/-1->0->-1
[36m(WorkerDict pid=594834)[0m notebook-56ece9efd1a0-worker-0:594834:597046 [0] NCCL INFO P2P Chunksize set to 524288
[36m(WorkerDict pid=594834)[0m notebook-56ece9efd1a0-worker-0:594834:597046 [0] NCCL INFO PROFILER/Plugin: Could not find: libnccl-profiler.so. 
[36m(WorkerDict pid=594834)[0m notebook-56ece9efd1a0-worker-0:594834:597046 [0] NCCL INFO Check P2P Type isAllDirectP2p 1 directMode 0
[36m(WorkerDict pid=594834)[0m notebook-56ece9efd1a0-worker-0:594834:597079 [0] NCCL INFO [Proxy Service] Device 0 CPU core 103
[36m(WorkerDict pid=594834)[0m notebook-56ece9efd1a0-worker-0:594834:597083 [0] NCCL INFO [Proxy Service UDS] Device 0 CPU core 106
[36m(WorkerDict pid=594834)[0m notebook-56ece9efd1a0-worker-0:594834:597046 [0] NCCL INFO threadThresholds 8/8/64 | 32/8/64 | 512 | 512
[36m(WorkerDict pid=594834)[0m notebook-56ece9efd1a0-worker-0:594834:597046 [0] NCCL INFO 24 coll channels, 24 collnet channels, 16 nvls channels, 32 p2p channels, 32 p2p channels per peer
[36m(WorkerDict pid=594834)[0m notebook-56ece9efd1a0-worker-0:594834:597046 [0] NCCL INFO CC Off, workFifoBytes 1048576
[36m(WorkerDict pid=594834)[0m notebook-56ece9efd1a0-worker-0:594834:597046 [0] NCCL INFO TUNER/Plugin: Could not find: libnccl-tuner.so. Using internal tuner plugin.
[36m(WorkerDict pid=594834)[0m notebook-56ece9efd1a0-worker-0:594834:597046 [0] NCCL INFO ncclCommInitRankConfig comm 0x7f05defee830 rank 0 nranks 4 cudaDev 0 nvmlDev 1 busId 7e000 commId 0x55c4c1bc6797b311 - Init COMPLETE
[36m(WorkerDict pid=594834)[0m notebook-56ece9efd1a0-worker-0:594834:597046 [0] NCCL INFO Init timings - ncclCommInitRankConfig: rank 0 nranks 4 total 1.46 (kernels 0.24, alloc 0.83, bootstrap 0.00, allgathers 0.00, topo 0.04, graphs 0.01, connections 0.22, rest 0.11)
[36m(WorkerDict pid=594834)[0m notebook-56ece9efd1a0-worker-0:594834:597088 [0] NCCL INFO Channel 00/0 : 0[1] -> 1[2] via P2P/CUMEM
[36m(WorkerDict pid=594834)[0m notebook-56ece9efd1a0-worker-0:594834:597088 [0] NCCL INFO Channel 01/0 : 0[1] -> 1[2] via P2P/CUMEM
[36m(WorkerDict pid=594834)[0m notebook-56ece9efd1a0-worker-0:594834:597088 [0] NCCL INFO Channel 02/0 : 0[1] -> 1[2] via P2P/CUMEM
[36m(WorkerDict pid=594834)[0m notebook-56ece9efd1a0-worker-0:594834:597088 [0] NCCL INFO Channel 03/0 : 0[1] -> 1[2] via P2P/CUMEM
[36m(WorkerDict pid=594834)[0m notebook-56ece9efd1a0-worker-0:594834:597088 [0] NCCL INFO Channel 04/0 : 0[1] -> 1[2] via P2P/CUMEM
[36m(WorkerDict pid=594834)[0m notebook-56ece9efd1a0-worker-0:594834:597088 [0] NCCL INFO Channel 05/0 : 0[1] -> 1[2] via P2P/CUMEM
[36m(WorkerDict pid=594834)[0m notebook-56ece9efd1a0-worker-0:594834:597088 [0] NCCL INFO Channel 06/0 : 0[1] -> 1[2] via P2P/CUMEM
[36m(WorkerDict pid=594834)[0m notebook-56ece9efd1a0-worker-0:594834:597088 [0] NCCL INFO Channel 07/0 : 0[1] -> 1[2] via P2P/CUMEM
[36m(WorkerDict pid=594834)[0m notebook-56ece9efd1a0-worker-0:594834:597088 [0] NCCL INFO Channel 08/0 : 0[1] -> 1[2] via P2P/CUMEM
[36m(WorkerDict pid=594834)[0m notebook-56ece9efd1a0-worker-0:594834:597088 [0] NCCL INFO Channel 09/0 : 0[1] -> 1[2] via P2P/CUMEM
[36m(WorkerDict pid=594834)[0m notebook-56ece9efd1a0-worker-0:594834:597088 [0] NCCL INFO Channel 10/0 : 0[1] -> 1[2] via P2P/CUMEM
[36m(WorkerDict pid=594834)[0m notebook-56ece9efd1a0-worker-0:594834:597088 [0] NCCL INFO Channel 11/0 : 0[1] -> 1[2] via P2P/CUMEM
[36m(WorkerDict pid=594834)[0m notebook-56ece9efd1a0-worker-0:594834:597088 [0] NCCL INFO Channel 12/0 : 0[1] -> 1[2] via P2P/CUMEM[36m(WorkerDict pid=594837)[0m /home/liuyanlin.lyl/.venvs/expectation-step-rl/lib/python3.12/site-packages/torch/distributed/fsdp/fully_sharded_data_parallel.py:678: FutureWarning: FSDP.state_dict_type() and FSDP.set_state_dict_type() are being deprecated. Please use APIs, get_state_dict() and set_state_dict(), which can support different parallelisms, FSDP1, FSDP2, DDP. API doc: https://pytorch.org/docs/stable/distributed.checkpoint.html#torch.distributed.checkpoint.state_dict.get_state_dict .Tutorial: https://pytorch.org/tutorials/recipes/distributed_checkpoint_recipe.html .
[36m(WorkerDict pid=594837)[0m   warnings.warn(
[36m(WorkerDict pid=594835)[0m Loading checkpoint shards:  88%|████████▊ | 15/17 [00:18<00:02,  1.22s/it][32m [repeated 5x across cluster][0m
[36m(WorkerDict pid=594835)[0m Loading checkpoint shards:  94%|█████████▍| 16/17 [00:20<00:01,  1.20s/it]
[36m(WorkerDict pid=594835)[0m Loading checkpoint shards: 100%|██████████| 17/17 [00:20<00:00,  1.09s/it]Loading checkpoint shards: 100%|██████████| 17/17 [00:20<00:00,  1.23s/it]

[36m(WorkerDict pid=594834)[0m notebook-56ece9efd1a0-worker-0:594834:597088 [0] NCCL INFO Channel 13/0 : 0[1] -> 1[2] via P2P/CUMEM
[36m(WorkerDict pid=594834)[0m notebook-56ece9efd1a0-worker-0:594834:597088 [0] NCCL INFO Channel 14/0 : 0[1] -> 1[2] via P2P/CUMEM
[36m(WorkerDict pid=594834)[0m notebook-56ece9efd1a0-worker-0:594834:597088 [0] NCCL INFO Channel 15/0 : 0[1] -> 1[2] via P2P/CUMEM
[36m(WorkerDict pid=594834)[0m notebook-56ece9efd1a0-worker-0:594834:597088 [0] NCCL INFO Channel 16/0 : 0[1] -> 1[2] via P2P/CUMEM
[36m(WorkerDict pid=594834)[0m notebook-56ece9efd1a0-worker-0:594834:597088 [0] NCCL INFO Channel 17/0 : 0[1] -> 1[2] via P2P/CUMEM
[36m(WorkerDict pid=594834)[0m notebook-56ece9efd1a0-worker-0:594834:597088 [0] NCCL INFO Channel 18/0 : 0[1] -> 1[2] via P2P/CUMEM
[36m(WorkerDict pid=594834)[0m notebook-56ece9efd1a0-worker-0:594834:597088 [0] NCCL INFO Channel 19/0 : 0[1] -> 1[2] via P2P/CUMEM
[36m(WorkerDict pid=594834)[0m notebook-56ece9efd1a0-worker-0:594834:597088 [0] NCCL INFO Channel 20/0 : 0[1] -> 1[2] via P2P/CUMEM
[36m(WorkerDict pid=594834)[0m notebook-56ece9efd1a0-worker-0:594834:597088 [0] NCCL INFO Channel 21/0 : 0[1] -> 1[2] via P2P/CUMEM
[36m(WorkerDict pid=594834)[0m notebook-56e
[36m(WorkerDict pid=594836)[0m notebook-56ece9efd1a0-worker-0:594836:597087 [0]
[36m(WorkerDict pid=594837)[0m notebook-56ece9ef
[36m(WorkerDict pid=594835)[0m notebook-56ece9efd1a0-worker-0:594835:597089 [0
[36m(WorkerDict pid=594834)[0m After FSDP, memory allocated (GB): 30.82, memory reserved (GB): 50.79, device memory used/total (GB): 51.96/95.07
[36m(WorkerDict pid=594834)[0m Total steps: 1, num_warmup_steps: 0
[36m(WorkerDict pid=594835)[0m Monkey patch _flash_attention_forward in transformers.integrations.flash_attention
[36m(WorkerDict pid=594835)[0m Skipping monkey patch for Qwen3ForCausalLM as use_fused_kernels is False or fused_kernels_backend is torch
[36m(WorkerDict pid=594835)[0m notebook-56ece9efd1a0-worker-0:594835:596005 [0] NCCL INFO Bootstrap: Using eth0:11.24.227.166<0>[32m [repeated 3x across cluster][0m
[36m(WorkerDict pid=594835)[0m notebook-56ece9efd1a0-worker-0:594835:596005 [0] NCCL INFO cudaDriverVersion 13000[32m [repeated 3x across cluster][0m
[36m(WorkerDict pid=594835)[0m notebook-56ece9efd1a0-worker-0:594835:596005 [0] NCCL INFO NCCL version 2.27.3+cuda12.9[32m [repeated 3x across cluster][0m
[36m(WorkerDict pid=594835)[0m notebook-56ece9efd1a0-worker-0:594835:596005 [0] NCCL INFO Comm config Blocking set to 1[32m [repeated 3x across cluster][0m
[36m(WorkerDict pid=594835)[0m notebook-56ece9efd1a0-worker-0:594835:597049 [0] NCCL INFO NET/Plugin: Could not find: libnccl-net-none.so. [32m [repeated 3x across cluster][0m
[36m(WorkerDict pid=594835)[0m notebook-56ece9efd1a0-worker-0:594835:597049 [0] NCCL INFO NET/IB : No device found.[32m [repeated 3x across cluster][0m
[36m(WorkerDict pid=594835)[0m notebook-56ece9efd1a0-worker-0:594835:597049 [0] NCCL INFO NET/IB : Using [RO]; OOB eth0:11.24.227.166<0>[32m [repeated 3x across cluster][0m
[36m(WorkerDict pid=594835)[0m notebook-56ece9efd1a0-worker-0:594835:597049 [0] NCCL INFO NET/Socket : Using [0]eth0:11.24.227.166<0> [1]veth1:11.24.227.166<0>[32m [repeated 3x across cluster][0m
[36m(WorkerDict pid=594835)[0m notebook-56ece9efd1a0-worker-0:594835:597049 [0] NCCL INFO Initialized NET plugin Socket[32m [repeated 3x across cluster][0m
[36m(WorkerDict pid=594835)[0m notebook-56ece9efd1a0-worker-0:594835:597049 [0] NCCL INFO Assigned NET plugin Socket to comm[32m [repeated 3x across cluster][0m
[36m(WorkerDict pid=594835)[0m notebook-56ece9efd1a0-worker-0:594835:597049 [0] NCCL INFO Using network Socket[32m [repeated 3x across cluster][0m
[36m(WorkerDict pid=594835)[0m notebook-56ece9efd1a0-worker-0:594835:597049 [0] NCCL INFO ncclCommInitRankConfig comm 0x7f30589e14b0 rank 1 nranks 4 cudaDev 0 nvmlDev 2 busId a2000 commId 0x55c4c1bc6797b311 - Init START[32m [repeated 3x across cluster][0m
[36m(WorkerDict pid=594835)[0m notebook-56ece9efd1a0-worker-0:594835:597049 [0] NCCL INFO RAS client listening socket at 127.0.0.1<28028>[32m [repeated 3x across cluster][0m
[36m(WorkerDict pid=594835)[0m notebook-56ece9efd1a0-worker-0:594835:597049 [0] NCCL INFO Bootstrap timings total 0.002962 (create 0.000027, send 0.000121, recv 0.002360, ring 0.000087, delay 0.000000)[32m [repeated 3x across cluster][0m
[36m(WorkerDict pid=594835)[0m notebook-56ece9efd1a0-worker-0:594835:597049 [0] NCCL INFO MNNVL busId 0xa2000 fabric UUID 0.0 cliqueId 0x0 state 3 healthMask 0x0[32m [repeated 3x across cluster][0m
[36m(WorkerDict pid=594835)[0m notebook-56ece9efd1a0-worker-0:594835:597049 [0] NCCL INFO Setting affinity for GPU 2 to 0-47,96-143[32m [repeated 3x across cluster][0m
[36m(WorkerDict pid=594835)[0m notebook-56ece9efd1a0-worker-0:594835:597049 [0] NCCL INFO NVLS multicast support is available on dev 0 (NVLS_NCHANNELS 16)[32m [repeated 3x across cluster][0m
[36m(WorkerDict pid=594835)[0m notebook-56ece9efd1a0-worker-0:594835:597049 [0] NCCL INFO comm 0x7f30589e14b0 rank 1 nRanks 4 nNodes 1 localRanks 4 localRank 1 MNNVL 0[32m [repeated 3x across cluster][0m
[36m(WorkerDict pid=594835)[0m notebook-56ece9efd1a0-worker-0:594835:597049 [0] NCCL INFO Trees [0] 2/-1/-1->1->0 [1] 2/-1/-1->1->0 [2] 2/-1/-1->1->0 [3] 2/-1/-1->1->0 [4] 2/-1/-1->1->0 [5] 2/-1/-1->1->0 [6] 2/-1/-1->1->0 [7] 2/-1/-1->1->0 [8] 2/-1/-1->1->0 [9] 2/-1/-1->1->0 [10] 2/-1/-1->1->0 [11] 2/-1/-1->1->0 [12] 2/-1/-1->1->0 [13] 2/-1/-1->1->0 [14] 2/-1/-1->1->0 [15] 2/-1/-1->1->0 [16] 2/-1/-1->1->0 [17] 2/-1/-1->1->0 [18] 2/-1/-1->1->0 [19] 2/-1/-1->1->0 [20] 2/-1/-1->1->0 [21] 2/-1/-1->1->0 [22] 2/-1/-1->1->0 [23] 2/-1/-1->1->0[32m [repeated 3x across cluster][0m
[36m(WorkerDict pid=594835)[0m notebook-56ece9efd1a0-worker-0:594835:597049 [0] NCCL INFO P2P Chunksize set to 524288[32m [repeated 3x across cluster][0m
[36m(WorkerDict pid=594835)[0m notebook-56ece9efd1a0-worker-0:594835:597049 [0] NCCL INFO PROFILER/Plugin: Could not find: libnccl-profiler.so. [32m [repeated 3x across cluster][0m
[36m(WorkerDict pid=594835)[0m notebook-56ece9efd1a0-worker-0:594835:597080 [0] NCCL INFO [Proxy Service] Device 0 CPU core 8[32m [repeated 3x across cluster][0m
[36m(WorkerDict pid=594835)[0m notebook-56ece9efd1a0-worker-0:594835:597084 [0] NCCL INFO [Proxy Service UDS] Device 0 CPU core 11[32m [repeated 3x across cluster][0m
[36m(WorkerDict pid=594835)[0m notebook-56ece9efd1a0-worker-0:594835:597049 [0] NCCL INFO threadThresholds 8/8/64 | 32/8/64 | 512 | 512[32m [repeated 3x across cluster][0m
[36m(WorkerDict pid=594835)[0m notebook-56ece9efd1a0-worker-0:594835:597049 [0] NCCL INFO 24 coll channels, 24 collnet channels, 16 nvls channels, 32 p2p channels, 32 p2p channels per peer[32m [repeated 3x across cluster][0m
[36m(WorkerDict pid=594835)[0m notebook-56ece9efd1a0-worker-0:594835:597049 [0] NCCL INFO TUNER/Plugin: Could not find: libnccl-tuner.so. Using internal tuner plugin.[32m [repeated 3x across cluster][0m
[36m(WorkerDict pid=594835)[0m notebook-56ece9efd1a0-worker-0:594835:597049 [0] NCCL INFO ncclCommInitRankConfig comm 0x7f30589e14b0 rank 1 nranks 4 cudaDev 0 nvmlDev 2 busId a2000 commId 0x55c4c1bc6797b311 - Init COMPLETE[32m [repeated 3x across cluster][0m
[36m(WorkerDict pid=594835)[0m notebook-56ece9efd1a0-worker-0:594835:597049 [0] NCCL INFO Init timings - ncclCommInitRankConfig: rank 1 nranks 4 total 1.45 (kernels 0.23, alloc 0.83, bootstrap 0.00, allgathers 0.01, topo 0.04, graphs 0.01, connections 0.21, rest 0.12)[32m [repeated 3x across cluster][0m
[36m(WorkerDict pid=594835)[0m notebook-56ece9efd1a0-worker-0:594835:597089 [0] NCCL INFO Channel 02/0 : 1[2] -> 2[3] via P2P/CUMEM[32m [repeated 9x across cluster][0m
[36m(WorkerDict pid=594837)[0m notebook-56ece9efd1a0-worker-0:594837:597086 [0] NCCL INFO Connected all rings, use ring PXN 0 GDR 1
[36m(WorkerDict pid=594837)[0m [Gloo] Rank 0 is connected to 0 peer ranks. Expected number of connected peer ranks is : 0
[36m(WorkerDict pid=594837)[0m notebook-56ece9efd1a0-worker-0:594837:597086 [0] NCCL INFO Channel 23/0 : 3[4] -> 0[1] via P2P/CUMEM[32m [repeated 21x across cluster][0m[36m(WorkerDict pid=594837)[0m WARNING:2026-08-16 17:06:42,376:Setting the sleep level to 1 may cause a memory overflow.
[36m(WorkerDict pid=594834)[0m /home/liuyanlin.lyl/.venvs/expectation-step-rl/lib/python3.12/site-packages/torch/distributed/fsdp/fully_sharded_data_parallel.py:678: FutureWarning: FSDP.state_dict_type() and FSDP.set_state_dict_type() are being deprecated. Please use APIs, get_state_dict() and set_state_dict(), which can support different parallelisms, FSDP1, FSDP2, DDP. API doc: https://pytorch.org/docs/stable/distributed.checkpoint.html#torch.distributed.checkpoint.state_dict.get_state_dict .Tutorial: https://pytorch.org/tutorials/recipes/distributed_checkpoint_recipe.html .[32m [repeated 3x across cluster][0m
[36m(WorkerDict pid=594834)[0m   warnings.warn([32m [repeated 3x across cluster][0m
[36m(pid=598849)[0m /home/liuyanlin.lyl/.venvs/expectation-step-rl/lib/python3.12/site-packages/torch/cuda/__init__.py:63: FutureWarning: The pynvml package is deprecated. Please install nvidia-ml-py instead. If you did not install pynvml directly, please report this to the maintainers of the package that installed pynvml for you.
[36m(pid=598849)[0m   import pynvml  # type: ignore[import]
[36m(vLLMHttpServer pid=598852)[0m WARNING:2026-08-16 17:07:07,525:agent loop only support torch and npu profiler, got None
[36m(vLLMHttpServer pid=598852)[0m INFO:2026-08-16 17:07:07,525:vLLMHttpServer, replica_rank: 0, node_rank: 0, CUDA_VISIBLE_DEVICES: 1,2,3,4, master_address: 11.24.227.166, master_port: 32955, data_parallel_rpc_port: 34953, data_parallel_master_port: 36425
[36m(vLLMHttpServer pid=598852)[0m INFO:2026-08-16 17:07:07,530:override_generation_config: {'temperature': 0.6, 'top_k': 20, 'top_p': 0.95, 'repetition_penalty': 1.0, 'max_new_tokens': 4096}
[36m(vLLMHttpServer pid=598852)[0m INFO:2026-08-16 17:07:07,530:enable_sleep_mode: True
[36m(WorkerDict pid=594835)[0m WARNING:2026-08-16 17:06:42,376:Setting the sleep level to 1 may cause a memory overflow.[32m [repeated 3x across cluster][0m
[36m(pid=598848)[0m /home/liuyanlin.lyl/.venvs/expectation-step-rl/lib/python3.12/site-packages/torch/cuda/__init__.py:63: FutureWarning: The pynvml package is deprecated. Please install nvidia-ml-py instead. If you did not install pynvml directly, please report this to the maintainers of the package that installed pynvml for you.[32m [repeated 8x across cluster][0m
[36m(pid=598848)[0m   import pynvml  # type: ignore[import][32m [repeated 8x across cluster][0m
[36m(vLLMHttpServer pid=598852)[0m `torch_dtype` is deprecated! Use `dtype` instead!
[36m(vLLMHttpServer pid=598852)[0m /home/liuyanlin.lyl/.venvs/expectation-step-rl/lib/python3.12/site-packages/torch/cuda/__init__.py:63: FutureWarning: The pynvml package is deprecated. Please install nvidia-ml-py instead. If you did not install pynvml directly, please report this to the maintainers of the package that installed pynvml for you.[32m [repeated 5x across cluster][0m
[36m(vLLMHttpServer pid=598852)[0m   import pynvml  # type: ignore[import][32m [repeated 5x across cluster][0m
[36m(vLLMHttpServer pid=598852)[0m W0816 17:07:40.665000 600970 torch/utils/cpp_extension.py:2425] TORCH_CUDA_ARCH_LIST is not set, all archs for visible cards are included for compilation. 
[36m(vLLMHttpServer pid=598852)[0m W0816 17:07:40.665000 600970 torch/utils/cpp_extension.py:2425] If this is not desired, please set os.environ['TORCH_CUDA_ARCH_LIST'] to specific architectures.
[36m(vLLMHttpServer pid=598852)[0m W0816 17:07:40.665000 600969 torch/utils/cpp_extension.py:2425] TORCH_CUDA_ARCH_LIST is not set, all archs for visible cards are included for compilation. 
[36m(vLLMHttpServer pid=598852)[0m W0816 17:07:40.665000 600969 torch/utils/cpp_extension.py:2425] If this is not desired, please set os.environ['TORCH_CUDA_ARCH_LIST'] to specific architectures.
[36m(vLLMHttpServer pid=598852)[0m W0816 17:07:40.682000 600968 torch/utils/cpp_extension.py:2425] TORCH_CUDA_ARCH_LIST is not set, all archs for visible cards are included for compilation. 
[36m(vLLMHttpServer pid=598852)[0m W0816 17:07:40.682000 600968 torch/utils/cpp_extension.py:2425] If this is not desired, please set os.environ['TORCH_CUDA_ARCH_LIST'] to specific architectures.
[36m(vLLMHttpServer pid=598852)[0m W0816 17:07:40.695000 600967 torch/utils/cpp_extension.py:2425] TORCH_CUDA_ARCH_LIST is not set, all archs for visible cards are included for compilation. 
[36m(vLLMHttpServer pid=598852)[0m W0816 17:07:40.695000 600967 torch/utils/cpp_extension.py:2425] If this is not desired, please set os.environ['TORCH_CUDA_ARCH_LIST'] to specific architectures.

[36m(WorkerDict pid=594835)[0m ] NCCL INFO Channel 03/0 : 1[2] -> 2[3] via P2P/CUMEM
[36m(Tau2TaskRunner pid=593308)[0m WARNING 08-16 17:06:43 [api_server.py:1213] LoRA dynamic loading & unloading is enabled in the API server. This should ONLY be used for local development!
[36m(WorkerDict pid=594834)[0m notebook-56ece9efd1a0-worker-0:594834:597088 [0] NCCL INFO Connected all rings, use ring PXN 0 GDR 1[32m [repeated 3x across cluster][0m
[36m(WorkerDict pid=594835)[0m [Gloo] Rank 0 is connected to 0 peer ranks. Expected number of connected peer ranks is : 0[32m [repeated 11x across cluster][0m
[36m(WorkerDict pid=594834)[0m notebook-56ece9efd1a0-worker-0:594834:597088 [0] NCCL INFO Channel 23/0 : 0[1] -> 1[2] via P2P/CUMEM[32m [repeated 43x across cluster][0m
[36m(pid=598852)[0m WARNING 08-16 17:07:05 [api_server.py:1213] LoRA dynamic loading & unloading is enabled in the API server. This should ONLY be used for local development!
[36m(vLLMHttpServer pid=598852)[0m ['serve',
[36m(vLLMHttpServer pid=598852)[0m  '/data/oss_bucket_0/yanlin/tau2/models/Qwen3-32B',
[36m(vLLMHttpServer pid=598852)[0m  '--dtype',
[36m(vLLMHttpServer pid=598852)[0m  'bfloat16',
[36m(vLLMHttpServer pid=598852)[0m  '--load_format',
[36m(vLLMHttpServer pid=598852)[0m  'safetensors',
[36m(vLLMHttpServer pid=598852)[0m  '--distributed_executor_backend',
[36m(vLLMHttpServer pid=598852)[0m  'mp',
[36m(vLLMHttpServer pid=598852)[0m  '--worker_extension_cls',
[36m(vLLMHttpServer pid=598852)[0m  'verl.workers.rollout.vllm_rollout.utils.vLLMColocateWorkerExtension',
[36m(vLLMHttpServer pid=598852)[0m  '--max_model_len',
[36m(vLLMHttpServer pid=598852)[0m  '40960',
[36m(vLLMHttpServer pid=598852)[0m  '--max_num_seqs',
[36m(vLLMHttpServer pid=598852)[0m  '1024',
[36m(vLLMHttpServer pid=598852)[0m  '--enable_chunked_prefill',
[36m(vLLMHttpServer pid=598852)[0m  '--max_num_batched_tokens',
[36m(vLLMHttpServer pid=598852)[0m  '8192',
[36m(vLLMHttpServer pid=598852)[0m  '--enable_prefix_caching',
[36m(vLLMHttpServer pid=598852)[0m  '--enable_sleep_mode',
[36m(vLLMHttpServer pid=598852)[0m  '--logprobs_mode',
[36m(vLLMHttpServer pid=598852)[0m  'processed_logprobs',
[36m(vLLMHttpServer pid=598852)[0m  '--enforce_eager',
[36m(vLLMHttpServer pid=598852)[0m  '--gpu_memory_utilization',
[36m(vLLMHttpServer pid=598852)[0m  '0.3',
[36m(vLLMHttpServer pid=598852)[0m  '--disable_log_stats',
[36m(vLLMHttpServer pid=598852)[0m  '--tensor_parallel_size',
[36m(vLLMHttpServer pid=598852)[0m  '4',
[36m(vLLMHttpServer pid=598852)[0m  '--seed',
[36m(vLLMHttpServer pid=598852)[0m  '0',
[36m(vLLMHttpServer pid=598852)[0m  '--override_generation_config',
[36m(vLLMHttpServer pid=598852)[0m  '{"temperature": 0.6, "top_k": 20, "top_p": 0.95, "repetition_penalty": 1.0, '
[36m(vLLMHttpServer pid=598852)[0m  '"max_new_tokens": 4096}',
[36m(vLLMHttpServer pid=598852)[0m  '--hf_overrides',
[36m(vLLMHttpServer pid=598852)[0m  '{}',
[36m(vLLMHttpServer pid=598852)[0m  '--scheduling_policy',
[36m(vLLMHttpServer pid=598852)[0m  'fcfs',
[36m(vLLMHttpServer pid=598852)[0m  '--compilation_config',
[36m(vLLMHttpServer pid=598852)[0m  '{"cudagraph_mode": "FULL_AND_PIECEWISE"}',
[36m(vLLMHttpServer pid=598852)[0m  '--enable_lora',
[36m(vLLMHttpServer pid=598852)[0m  '--max_loras',
[36m(vLLMHttpServer pid=598852)[0m  '1',
[36m(vLLMHttpServer pid=598852)[0m  '--max_lora_rank',
[36m(vLLMHttpServer pid=598852)[0m  '32']
[36m(vLLMHttpServer pid=598852)[0m WARNING 08-16 17:07:07 [lora.py:92] `lora_extra_vocab_size` is deprecated and will be removed in v0.12.0. Additional vocabulary support for LoRA adapters is being phased out.
[36m(vLLMHttpServer pid=598852)[0m WARNING 08-16 17:07:08 [__init__.py:3036] We must use the `spawn` multiprocessing start method. Overriding VLLM_WORKER_MULTIPROC_METHOD to 'spawn'. See https://docs.vllm.ai/en/latest/usage/troubleshooting.html#python-multiprocessing for more information. Reasons: In a Ray actor and can only be spawned; CUDA is initialized
[36m(vLLMHttpServer pid=598852)[0m [Gloo] Rank 0 is connected to 3 peer ranks. Expected number of connected peer ranks is : 3
[36m(vLLMHttpServer pid=598852)[0m [Gloo] Rank 1 is connected to 3 peer ranks. Expected number of connected peer ranks is : 3
[36m(vLLMHttpServer pid=598852)[0m [Gloo] Rank 2 is connected to 3 peer ranks. Expected number of connected peer ranks is : 3
[36m(vLLMHttpServer pid=598852)[0m [Gloo] Rank 3 is connected to 3 peer ranks. Expected number of connected peer ranks is : 3
[36m(vLLMHttpServer pid=598852)[0m [Gloo] Rank 3 is connected to 3 peer ranks. Expected number of connected peer ranks is : 3
[36m(vLLMHttpServer pid=598852)[0m [Gloo] Rank 1 is connected to 3 peer ranks. Expected number of connected peer ranks is : 3
[36m(vLLMHttpServer pid=598852)[0m [Gloo] Rank 0 is connected to 3 peer ranks. Expected number of connected peer ranks is : 3
[36m(vLLMHttpServer pid=598852)[0m [Gloo] Rank 2 is connected to 3 peer ranks. Expected number of connected peer ranks is : 3
[36m(vLLMHttpServer pid=598852)[0m notebook-56ece9efd1a0-worker-0:600967:600967 [0] NCCL INFO Bootstrap: Using eth0:11.24.227.166<0>
[36m(vLLMHttpServer pid=598852)[0m notebook-56ece9efd1a0-worker-0:600967:600967 [0] NCCL INFO cudaDriverVersion 13000
[36m(vLLMHttpServer pid=598852)[0m notebook-56ece9efd1a0-worker-0:600967:600967 [0] NCCL INFO NCCL version 2.27.3+cuda12.9
[36m(vLLMHttpServer pid=598852)[0m notebook-56ece9efd1a0-worker-0:600967:600967 [0] NCCL INFO NET/Plugin: Could not find: libnccl-net-none.so. 
[36m(vLLMHttpServer pid=598852)[0m notebook-56ece9efd1a0-worker-0:600967:600967 [0] NCCL INFO NET/IB : No device found.
[36m(vLLMHttpServer pid=598852)[0m notebook-56ece9efd1a0-worker-0:600967:600967 [0] NCCL INFO NET/IB : Using [RO]; OOB eth0:11.24.227.166<0>
[36m(vLLMHttpServer pid=598852)[0m notebook-56ece9efd1a0-worker-0:600967:600967 [0] NCCL INFO NET/Socket : Using [0]eth0:11.24.227.166<0> [1]veth1:11.24.227.166<0>
[36m(vLLMHttpServer pid=598852)[0m notebook-56ece9efd1a0-worker-0:600967:600967 [0] NCCL INFO Initialized NET plugin Socket
[36m(vLLMHttpServer pid=598852)[0m notebook-56ece9efd1a0-worker-0:600967:600967 [0] NCCL INFO Assigned NET plugin Socket to comm
[36m(vLLMHttpServer pid=598852)[0m notebook-56ece9efd1a0-worker-0:600967:600967 [0] NCCL INFO Using network Socket
[36m(vLLMHttpServer pid=598852)[0m notebook-56ece9efd1a0-worker-0:600967:600967 [0] NCCL INFO ncclCommInitRank comm 0x10d30a00 rank 0 nranks 4 cudaDev 0 nvmlDev 1 busId 7e000 commId 0x302ff866ea491d3d - Init START
[36m(vLLMHttpServer pid=598852)[0m notebook-56ece9efd1a0-worker-0:600967:600967 [0] NCCL INFO RAS client listening socket at 127.0.0.1<28028>
[36m(vLLMHttpServer pid=598852)[0m notebook-56ece9efd1a0-worker-0:600967:600967 [0] NCCL INFO Bootstrap timings total 0.005256 (create 0.000022, send 0.000119, recv 0.004623, ring 0.000090, delay 0.000000)
[36m(vLLMHttpServer pid=598852)[0m notebook-56ece9efd1a0-worker-0:600967:600967 [0] NCCL INFO NCCL_CUMEM_ENABLE set by environment to 0.
[36m(vLLMHttpServer pid=598852)[0m notebook-56ece9efd1a0-worker-0:600967:600967 [0] NCCL INFO MNNVL busId 0x7e000 fabric UUID 0.0 cliqueId 0x0 state 3 healthMask 0x0
[36m(vLLMHttpServer pid=598852)[0m notebook-56ece9efd1a0-worker-0:600967:600967 [0] NCCL INFO Setting affinity for GPU 1 to 0-47,96-143
[36m(vLLMHttpServer pid=598852)[0m notebook-56ece9efd1a0-worker-0:600967:600967 [0] NCCL INFO NVLS multicast support is available on dev 0 (NVLS_NCHANNELS 16)
[36m(vLLMHttpServer pid=598852)[0m notebook-56ece9efd1a0-worker-0:600967:600967 [0] NCCL INFO comm 0x10d30a00 rank 0 nRanks 4 nNodes 1 localRanks 4 localRank 0 MNNVL 0
[36m(vLLMHttpServer pid=598852)[0m notebook-56ece9efd1a0-worker-0:600967:600967 [0] NCCL INFO Channel 00/24 : 0 1 2 3
[36m(vLLMHttpServer pid=598852)[0m notebook-56ece9efd1a0-worker-0:600967:600967 [0] NCCL INFO Channel 01/24 : 0 1 2 3
[36m(vLLMHttpServer pid=598852)[0m notebook-56ece9efd1a0-worker-0:600967:600967 [0] NCCL INFO Channel 02/24 : 0 1 2 3
[36m(vLLMHttpServer pid=598852)[0m notebook-56ece9efd1a0-worker-0:600967:600967 [0] NCCL INFO Channel 03/24 : 0 1 2 3
[36m(vLLMHttpServer pid=598852)[0m notebook-56ece9efd1a0-worker-0:600967:600967 [0] NCCL INFO Channel 04/24 : 0 1 2 3
[36m(vLLMHttpServer pid=598852)[0m notebook-56ece9efd1a0-worker-0:600967:600967 [0] NCCL INFO Channel 05/24 : 0 1 2 3
[36m(vLLMHttpServer pid=598852)[0m notebook-56ece9efd1a0-worker-0:600967:600967 [0] NCCL INFO Channel 06/24 : 0 1 2 3
[36m(vLLMHttpServer pid=598852)[0m notebook-56ece9efd1a0-worker-0:600967:600967 [0] NCCL INFO Channel 07/24 : 0 1 2 3
[36m(vLLMHttpServer pid=598852)[0m notebook-56ece9efd1a0-worker-0:600967:600967 [0] NCCL INFO Channel 08/24 : 0 1 2 3
[36m(vLLMHttpServer pid=598852)[0m notebook-56ece9efd1a0-worker-0:600967:600967 [0] NCCL INFO Channel 09/24 : 0 1 2 3
[36m(vLLMHttpServer pid=598852)[0m notebook-56ece9efd1a0-worker-0:600967:600967 [0] NCCL INFO Channel 10/24 : 0 1 2 3
[36m(vLLMHttpServer pid=598852)[0m notebook-56ece9efd1a0-worker-0:600967:600967 [0] NCCL INFO Channel 11/24 : 0 1 2 3
[36m(vLLMHttpServer pid=598852)[0m notebook-56ece9efd1a0-worker-0:600967:600967 [0] NCCL INFO Channel 12/24 : 0 1 2 3
[36m(vLLMHttpServer pid=598852)[0m notebook-56ece9efd1a0-worker-0:600967:600967 [0] NCCL INFO Channel 13/24 : 0 1 2 3
[36m(vLLMHttpServer pid=598852)[0m notebook-56ece9efd1a0-worker-0:600967:600967 [0] NCCL INFO Channel 14/24 : 0 1 2 3
[36m(vLLMHttpServer pid=598852)[0m notebook-56ece9efd1a0-worker-0:600967:600967 [0] NCCL INFO Channel 15/24 : 0 1 2 3
[36m(vLLMHttpServer pid=598852)[0m notebook-56ece9efd1a0-worker-0:600967:600967 [0] NCCL INFO Channel 16/24 : 0 1 2 3
[36m(vLLMHttpServer pid=598852)[0m notebook-56ece9efd1a0-worker-0:600967:600967 [0] NCCL INFO Channel 17/24 : 0 1 2 3
[36m(vLLMHttpServer pid=598852)[0m notebook-56ece9efd1a0-worker-0:600967:600967 [0] NCCL INFO Channel 18/24 : 0 1 2 3
[36m(vLLMHttpServer pid=598852)[0m notebook-56ece9efd1a0-worker-0:600967:600967 [0] NCCL INFO Channel 19/24 : 0 1 2 3
[36m(vLLMHttpServer pid=598852)[0m notebook-56ece9efd1a0-worker-0:600967:600967 [0] NCCL INFO Channel 20/24 : 0 1 2 3
[36m(vLLMHttpServer pid=598852)[0m notebook-56ece9efd1a0-worker-0:600967:600967 [0] NCCL INFO Channel 21/24 : 0 1 2 3
[36m(vLLMHttpServer pid=598852)[0m notebook-56ece9efd1a0-worker-0:600967:600967 [0] NCCL INFO Channel 22/24 : 0 1 2 3
[36m(vLLMHttpServer pid=598852)[0m notebook-56ece9efd1a0-worker-0:600967:600967 [0] NCCL INFO Channel 23/24 : 0 1 2 3
[36m(vLLMHttpServer pid=598852)[0m notebook-56ece9efd1a0-worker-0:600967:600967 [0] NCCL INFO Trees [0] 1/-1/-1->0->-1 [1] 1/-1/-1notebook-56ece9efd1a0-worker-0:600968:600968 [1] NCCL INFO cudaDriverVersion 13000
[36m(vLLMHttpServer pid=598852)[0m notebook-56ece9efd1a0-worker-0:600968:600968 [1] NCCL INFO Bootstrap: Using eth0:11.24.227.166<0>
[36m(vLLMHttpServer pid=598852)[0m notebook-56ece9efd1a0-worker-0:600968:600968 [1] NCCL INFO NCCL version 2.27.3+cuda12.9
[36m(vLLMHttpServer pid=598852)[0m notebook-56ece9efd1a0-worker-0:600968:600968 [1] NCCL INFO NET/Plugin: Could not find: libnccl-net-none.so. 
[36m(vLLMHttpServer pid=598852)[0m notebook-56ece9efd1a0-worker-0:600968:600968 [1] NCCL INFO NET/IB : No device found.
[36m(vLLMHttpServer pid=598852)[0m notebook-56ece9efd1a0-worker-0:600968:600968 [1] NCCL INFO NET/IB : Using [RO]; OOB eth0:11.24.227.166<0>
[36m(vLLMHttpServer pid=598852)[0m notebook-56ece9efd1a0-worker-0:600968:600968 [1] NCCL INFO NET/Socket : Using [0]eth0:11.24.227.166<0> [1]veth1:11.24.227.166<0>
[36m(vLLMHttpServer pid=598852)[0m notebook-56ece9efd1a0-worker-0:600968:600968 [1] NCCL INFO Initialized NET plugin Socket
[36m(vLLMHttpServer pid=598852)[0m notebook-56ece9efd1a0-worker-0:600968:600968 [1] NCCL INFO Assigned NET plugin Socket to comm
[36m(vLLMHttpServer pid=598852)[0m notebook-56ece9efd1a0-worker-0:600968:600968 [1] NCCL INFO Using network Socket
[36m(vLLMHttpServer pid=598852)[0m notebook-56ece9efd1a0-worker-0:600968:600968 [1] NCCL INFO ncclCommInitRank comm 0x10d10600 rank 1 nranks 4 cudaDev 1 nvmlDev 2 busId a2000 commId 0x302ff866ea491d3d - Init START
[36m(vLLMHttpServer pid=598852)[0m notebook-56ece9efd1a0-worker-0:600968:600968 [1] NCCL INFO RAS client listening socket at 127.0.0.1<28028>
[36m(vLLMHttpServer pid=598852)[0m notebook-56ece9efd1a0-worker-0:600968:600968 [1] NCCL INFO Bootstrap timings total 0.000867 (create 0.000025, send 0.000189, recv 0.000166, ring 0.000077, delay 0.000000)
[36m(vLLMHttpServer pid=598852)[0m notebook-56ece9efd1a0-worker-0:600968:600968 [1] NCCL INFO NCCL_CUMEM_ENABLE set by environment to 0.
[36m(vLLMHttpServer pid=598852)[0m notebook-56ece9efd1a0-worker-0:600968:600968 [1] NCCL INFO MNNVL busId 0xa2000 fabric UUID 0.0 cliqueId 0x0 state 3 healthMask 0x0
[36m(vLLMHttpServer pid=598852)[0m notebook-56ece9efd1a0-worker-0:600968:600968 [1] NCCL INFO Setting affinity for GPU 2 to 0-47,96-143
[36m(vLLMHttpServer pid=598852)[0m notebook-56ece9efd1a0-worker-0:600968:600968 [1] NCCL INFO NVLS multicast support is available on dev 1 (NVLS_NCHANNELS 16)
[36m(vLLMHttpServer pid=598852)[0m notebook-56ece9efd1a0-worker-0:600968:600968 [1] NCCL INFO comm 0x10d10600 rank 1 nRanks 4 nNodes 1 localRanks 4 localRank 1 MNNVL 0
[36m(vLLMHttpServer pid=598852)[0m notebook-56ece9efd1a0-worker-0:600968:600968 [1] NCCL INFO Trees [0] 2/-1/-1->1->0 [1] 2/-1/-1->1->0 [2] 2/-1/-1->1->0 [3] 2/-1/-1->1->0 [4] 2/-1/-1->1->0 [5] 2/-1/-1->1->0 [6] 2/-1/-1->1->0 [7] 2/-1/-1->1->0 [8] 2/-1/-1->1->0 [9] 2/-1/-1->1->0 [10] 2/-1/-1->1->0 [11] 2/-1/-1->1->0 [12] 2/-1/-1->1->0 [13] 2/-1/-1->1->0 [14] 2/-1/-1->1->0 [15] 2/-1/-1->1->0 [16] 2/-1/-1->1->0 [17] 2/-1/-1->1->0 [18] 2/-1/-1->1->0 [19] 2/-1/-1->1->0 [20] 2/-1/-1->1->0 [21] 2/-1/-1->1->0 [22] 2/-1/-1->1->0 [23] 2/-1/-1->1->0
[36m(vLLMHttpServer pid=598852)[0m notebook-56ece9efd1a0-worker-0:600968:600968 [1] NCCL INFO P2P Chunksize set to 524288
[36m(vLLMHttpServer pid=598852)[0m notebook-56ece9efd1a0-worker-0:600968:600968 [1] NCCL INFO PROFILER/Plugin: Could not find: libnccl-profiler.so. 
[36m(vLLMHttpServer pid=598852)[0m notebook-56ece9efd1a0-worker-0:600968:602051 [1] NCCL INFO [Proxy Service] Device 1 CPU core 2
[36m(vLLMHttpServer pid=598852)[0m notebook-56ece9efd1a0-worker-0:600968:602056 [1] NCCL INFO [Proxy Service UDS] Device 1 CPU core 3
[36m(vLLMHttpServer pid=598852)[0m notebook-56ece9efd1a0-worker-0:600968:600968 [1] NCCL INFO Channel 00/0 : 1[2] -> 2[3] via P2P/IPC
[36m(vLLMHttpServer pid=598852)[0m notebook-56ece9efd1a0-worker-0:600968:600968 [1] NCCL INFO Channel 01/0 : 1[2] -> 2[3] via P2P/IPC
[36m(vLLMHttpServer pid=598852)[0m notebook-56ece9efd1a0-worker-0:600968:600968 [1] NCCL INFO Channel 02/0 : 1[2] -> 2[3] via P2P/IPC
[36m(vLLMHttpServer pid=598852)[0m notebook-56ece9efd1a0-worker-0:600968:600968 [1] NCCL INFO Channel 03/0 : 1[2] -> 2[3] via P2P/IPC
[36m(vLLMHttpServer pid=598852)[0m notebook-56ece9efd1a0-worker-0:600968:600968 [1] NCCL INFO Channel 04/0 : 1[2] -> 2[3] via P2P/IPC
[36m(vLLMHttpServer pid=598852)[0m notebook-56ece9efd1a0-worker-0:600968:600968 [1] NCCL INFO Channel 05/0 : 1[2] -> 2[3] via P2P/IPC
[36m(vLLMHttpServer pid=598852)[0m notebook-56ece9efd1a0-worker-0:600968:600968 [1] NCCL INFO Channel 06/0 : 1[2] -> 2[3] via P2P/IPC
[36m(vLLMHttpServer pid=598852)[0m notebook-56ece9efd1a0-worker-0:600968:600968 [1] NCCL INFO Channel 07/0 : 1[2] -> 2[3] via P2P/IPC
[36m(vLLMHttpServer pid=598852)[0m notebook-56ece9efd1a0-worker-0:600968:600968 [1] NCCL INFO Channel 08/0 : 1[2] -> 2[3] via P2P/IPC
[36m(vLLMHttpServer pid=598852)[0m notebook-56ece9efd1a0-worker-0:600968:600968 [1] NCCL INFO Channel 09/0 : 1[2] -> 2[3] via P2P/IPC
[36m(vLLMHttpServer pid=598852)[0m notebook-56ece9efd1a0-worker-0:600968:600968 [1] NCCL INFO Channel 10/0 : 1[2] -> 2[3] via P2P/IPC
[36m(vLLMHttpServer pid=598852)[0m notebook-56ece9efd1a0-worker-0:600968:600968 [1] NCCL INFO Channel 11/0 : 1[2] -> 2[3] via Pnotebook-56ece9efd1a0-worker-0:600969:600969 [2] NCCL INFO cudaDriverVersion 13000
[36m(vLLMHttpServer pid=598852)[0m notebook-56ece9efd1a0-worker-0:600969:600969 [2] NCCL INFO Bootstrap: Using eth0:11.24.227.166<0>
[36m(vLLMHttpServer pid=598852)[0m notebook-56ece9efd1a0-worker-0:600969:600969 [2] NCCL INFO NCCL version 2.27.3+cuda12.9
[36m(vLLMHttpServer pid=598852)[0m notebook-56ece9efd1a0-worker-0:600969:600969 [2] NCCL INFO NET/Plugin: Could not find: libnccl-net-none.so. 
[36m(vLLMHttpServer pid=598852)[0m notebook-56ece9efd1a0-worker-0:600969:600969 [2] NCCL INFO NET/IB : No device found.
[36m(vLLMHttpServer pid=598852)[0m notebook-56ece9efd1a0-worker-0:600969:600969 [2] NCCL INFO NET/IB : Using [RO]; OOB eth0:11.24.227.166<0>
[36m(vLLMHttpServer pid=598852)[0m notebook-56ece9efd1a0-worker-0:600969:600969 [2] NCCL INFO NET/Socket : Using [0]eth0:11.24.227.166<0> [1]veth1:11.24.227.166<0>
[36m(vLLMHttpServer pid=598852)[0m notebook-56ece9efd1a0-worker-0:600969:600969 [2] NCCL INFO Initialized NET plugin Socket
[36m(vLLMHttpServer pid=598852)[0m notebook-56ece9efd1a0-worker-0:600969:600969 [2] NCCL INFO Assigned NET plugin Socket to comm
[36m(vLLMHttpServer pid=598852)[0m notebook-56ece9efd1a0-worker-0:600969:600969 [2] NCCL INFO Using network Socket
[36m(vLLMHttpServer pid=598852)[0m notebook-56ece9efd1a0-worker-0:600969:600969 [2] NCCL INFO ncclCommInitRank comm 0x10d311e0 rank 2 nranks 4 cudaDev 2 nvmlDev 3 busId c6000 commId 0x302ff866ea491d3d - Init START
[36m(vLLMHttpServer pid=598852)[0m notebook-56ece9efd1a0-worker-0:600969:600969 [2] NCCL INFO RAS client listening socket at 127.0.0.1<28028>
[36m(vLLMHttpServer pid=598852)[0m notebook-56ece9efd1a0-worker-0:600969:600969 [2] NCCL INFO Bootstrap timings total 0.005291 (create 0.000027, send 0.000131, recv 0.003270, ring 0.000146, delay 0.000000)
[36m(vLLMHttpServer pid=598852)[0m notebook-56ece9efd1a0-worker-0:600969:600969 [2] NCCL INFO NCCL_CUMEM_ENABLE set by environment to 0.
[36m(vLLMHttpServer pid=598852)[0m notebook-56ece9efd1a0-worker-0:600969:600969 [2] NCCL INFO MNNVL busId 0xc6000 fabric UUID 0.0 cliqueId 0x0 state 3 healthMask 0x0
[36m(vLLMHttpServer pid=598852)[0m notebook-56ece9efd1a0-worker-0:600969:600969 [2] NCCL INFO Setting affinity for GPU 3 to 0-47,96-143
[36m(vLLMHttpServer pid=598852)[0m notebook-56ece9efd1a0-worker-0:600969:600969 [2] NCCL INFO NVLS multicast support is available on dev 2 (NVLS_NCHANNELS 16)
[36m(vLLMHttpServer pid=598852)[0m notebook-56ece9efd1a0-worker-0:600969:600969 [2] NCCL INFO comm 0x10d311e0 rank 2 nRanks 4 nNodes 1 localRanks 4 localRank 2 MNNVL 0
[36m(vLLMHttpServer pid=598852)[0m notebook-56ece9efd1a0-worker-0:600969:600969 [2] NCCL INFO Trees [0] 3/-1/-1->2->1 [1] 3/-1/-1->2->1 [2] 3/-1/-1->2->1 [3] 3/-1/-1->2->1 [4] 3/-1/-1->2->1 [5] 3/-1/-1->2->1 [6] 3/-1/-1->2->1 [7] 3/-1/-1->2->1 [8] 3/-1/-1->2->1 [9] 3/-1/-1->2->1 [10] 3/-1/-1->2->1 [11] 3/-1/-1->2->1 [12] 3/-1/-1->2->1 [13] 3/-1/-1->2->1 [14] 3/-1/-1->2->1 [15] 3/-1/-1->2->1 [16] 3/-1/-1->2->1 [17] 3/-1/-1->2->1 [18] 3/-1/-1->2->1 [19] 3/-1/-1->2->1 [20] 3/-1/-1->2->1 [21] 3/-1/-1->2->1 [22] 3/-1/-1->2->1 [23] 3/-1/-1->2->1
[36m(vLLMHttpServer pid=598852)[0m notebook-56ece9efd1a0-worker-0:600969:600969 [2] NCCL INFO P2P Chunksize set to 524288
[36m(vLLMHttpServer pid=598852)[0m notebook-56ece9efd1a0-worker-0:600969:600969 [2] NCCL INFO PROFILER/Plugin: Could not find: libnccl-profiler.so. 
[36m(vLLMHttpServer pid=598852)[0m notebook-56ece9efd1a0-worker-0:600969:602050 [2] NCCL INFO [Proxy Service] Device 2 CPU core 123
[36m(vLLMHttpServer pid=598852)[0m notebook-56ece9efd1a0-worker-0:600969:602053 [2] NCCL INFO [Proxy Service UDS] Device 2 CPU core 124
[36m(vLLMHttpServer pid=598852)[0m notebook-56ece9efd1a0-worker-0:600969:600969 [2] NCCL INFO Channel 00/0 : 2[3] -> 3[4] via P2P/IPC
[36m(vLLMHttpServer pid=598852)[0m notebook-56ece9efd1a0-worker-0:600969:600969 [2] NCCL INFO Channel 01/0 : 2[3] -> 3[4] via P2P/IPC
[36m(vLLMHttpServer pid=598852)[0m notebook-56ece9efd1a0-worker-0:600969:600969 [2] NCCL INFO Channel 02/0 : 2[3] -> 3[4] via P2P/IPC
[36m(vLLMHttpServer pid=598852)[0m notebook-56ece9efd1a0-worker-0:600969:600969 [2] NCCL INFO Channel 03/0 : 2[3] -> 3[4] via P2P/IPC
[36m(vLLMHttpServer pid=598852)[0m notebook-56ece9efd1a0-worker-0:600969:600969 [2] NCCL INFO Channel 04/0 : 2[3] -> 3[4] via P2P/IPC
[36m(vLLMHttpServer pid=598852)[0m notebook-56ece9efd1a0-worker-0:600969:600969 [2] NCCL INFO Channel 05/0 : 2[3] -> 3[4] via P2P/IPC
[36m(vLLMHttpServer pid=598852)[0m notebook-56ece9efd1a0-worker-0:600969:600969 [2] NCCL INFO Channel 06/0 : 2[3] -> 3[4] via P2P/IPC
[36m(vLLMHttpServer pid=598852)[0m notebook-56ece9efd1a0-worker-0:600969:600969 [2] NCCL INFO Channel 07/0 : 2[3] -> 3[4] via P2P/IPC
[36m(vLLMHttpServer pid=598852)[0m notebook-56ece9efd1a0-worker-0:600969:600969 [2] NCCL INFO Channel 08/0 : 2[3] -> 3[4] via P2P/IPC
[36m(vLLMHttpServer pid=598852)[0m notebook-56ece9efd1a0-worker-0:600969:600969 [2] NCCL INFO Channel 09/0 : 2[3] -> 3[4] via P2P/IPC
[36m(vLLMHttpServer pid=598852)[0m notebook-56ece9efd1a0-worker-0:600969:600969 [2] NCCL INFO Channel 10/0 : 2[3] -> 3[4] via P2P/IPC
[36m(vLLMHttpServer pid=598852)[0m notebook-56ece9efd1a0-worker-0:600969:600969 [2] NCCL INFO Channel 11/0 : 2[3] -> 3[4] vnotebook-56ece9efd1a0-worker-0:600970:600970 [3] NCCL INFO cudaDriverVersion 13000
[36m(vLLMHttpServer pid=598852)[0m notebook-56ece9efd1a0-worker-0:600970:600970 [3] NCCL INFO Bootstrap: Using eth0:11.24.227.166<0>
[36m(vLLMHttpServer pid=598852)[0m notebook-56ece9efd1a0-worker-0:600970:600970 [3] NCCL INFO NCCL version 2.27.3+cuda12.9
[36m(vLLMHttpServer pid=598852)[0m notebook-56ece9efd1a0-worker-0:600970:600970 [3] NCCL INFO NET/Plugin: Could not find: libnccl-net-none.so. 
[36m(vLLMHttpServer pid=598852)[0m notebook-56ece9efd1a0-worker-0:600970:600970 [3] NCCL INFO NET/IB : No device found.
[36m(vLLMHttpServer pid=598852)[0m notebook-56ece9efd1a0-worker-0:600970:600970 [3] NCCL INFO NET/IB : Using [RO]; OOB eth0:11.24.227.166<0>
[36m(vLLMHttpServer pid=598852)[0m notebook-56ece9efd1a0-worker-0:600970:600970 [3] NCCL INFO NET/Socket : Using [0]eth0:11.24.227.166<0> [1]veth1:11.24.227.166<0>
[36m(vLLMHttpServer pid=598852)[0m notebook-56ece9efd1a0-worker-0:600970:600970 [3] NCCL INFO Initialized NET plugin Socket
[36m(vLLMHttpServer pid=598852)[0m notebook-56ece9efd1a0-worker-0:600970:600970 [3] NCCL INFO Assigned NET plugin Socket to comm
[36m(vLLMHttpServer pid=598852)[0m notebook-56ece9efd1a0-worker-0:600970:600970 [3] NCCL INFO Using network Socket
[36m(vLLMHttpServer pid=598852)[0m notebook-56ece9efd1a0-worker-0:600970:600970 [3] NCCL INFO ncclCommInitRank comm 0x10d10d40 rank 3 nranks 4 cudaDev 3 nvmlDev 4 busId 109000 commId 0x302ff866ea491d3d - Init START
[36m(vLLMHttpServer pid=598852)[0m notebook-56ece9efd1a0-worker-0:600970:600970 [3] NCCL INFO RAS client listening socket at 127.0.0.1<28028>
[36m(vLLMHttpServer pid=598852)[0m notebook-56ece9efd1a0-worker-0:600970:600970 [3] NCCL INFO Bootstrap timings total 0.002133 (create 0.000021, send 0.000113, recv 0.000190, ring 0.001504, delay 0.000000)
[36m(vLLMHttpServer pid=598852)[0m notebook-56ece9efd1a0-worker-0:600970:600970 [3] NCCL INFO NCCL_CUMEM_ENABLE set by environment to 0.
[36m(vLLMHttpServer pid=598852)[0m notebook-56ece9efd1a0-worker-0:600970:600970 [3] NCCL INFO MNNVL busId 0x109000 fabric UUID 0.0 cliqueId 0x0 state 3 healthMask 0x0
[36m(vLLMHttpServer pid=598852)[0m notebook-56ece9efd1a0-worker-0:600970:600970 [3] NCCL INFO Setting affinity for GPU 4 to 48-91,144-187
[36m(vLLMHttpServer pid=598852)[0m notebook-56ece9efd1a0-worker-0:600970:600970 [3] NCCL INFO NVLS multicast support is available on dev 3 (NVLS_NCHANNELS 16)
[36m(vLLMHttpServer pid=598852)[0m notebook-56ece9efd1a0-worker-0:600970:600970 [3] NCCL INFO comm 0x10d10d40 rank 3 nRanks 4 nNodes 1 localRanks 4 localRank 3 MNNVL 0
[36m(vLLMHttpServer pid=598852)[0m notebook-56ece9efd1a0-worker-0:600970:600970 [3] NCCL INFO Trees [0] -1/-1/-1->3->2 [1] -1/-1/-1->3->2 [2] -1/-1/-1->3->2 [3] -1/-1/-1->3->2 [4] -1/-1/-1->3->2 [5] -1/-1/-1->3->2 [6] -1/-1/-1->3->2 [7] -1/-1/-1->3->2 [8] -1/-1/-1->3->2 [9] -1/-1/-1->3->2 [10] -1/-1/-1->3->2 [11] -1/-1/-1->3->2 [12] -1/-1/-1->3->2 [13] -1/-1/-1->3->2 [14] -1/-1/-1->3->2 [15] -1/-1/-1->3->2 [16] -1/-1/-1->3->2 [17] -1/-1/-1->3->2 [18] -1/-1/-1->3->2 [19] -1/-1/-1->3->2 [20] -1/-1/-1->3->2 [21] -1/-1/-1->3->2 [22] -1/-1/-1->3->2 [23] -1/-1/-1->3->2
[36m(vLLMHttpServer pid=598852)[0m notebook-56ece9efd1a0-worker-0:600970:600970 [3] NCCL INFO P2P Chunksize set to 524288
[36m(vLLMHttpServer pid=598852)[0m notebook-56ece9efd1a0-worker-0:600970:600970 [3] NCCL INFO PROFILER/Plugin: Could not find: libnccl-profiler.so. 
[36m(vLLMHttpServer pid=598852)[0m notebook-56ece9efd1a0-worker-0:600970:602055 [3] NCCL INFO [Proxy Service] Device 3 CPU core 50
[36m(vLLMHttpServer pid=598852)[0m notebook-56ece9efd1a0-worker-0:600970:602057 [3] NCCL INFO [Proxy Service UDS] Device 3 CPU core 51
[36m(vLLMHttpServer pid=598852)[0m notebook-56ece9efd1a0-worker-0:600970:600970 [3] NCCL INFO Channel 00/0 : 3[4] -> 0[1] via P2P/IPC
[36m(vLLMHttpServer pid=598852)[0m notebook-56ece9efd1a0-worker-0:600970:600970 [3] NCCL INFO Channel 01/0 : 3[4] -> 0[1] via P2P/IPC
[36m(vLLMHttpServer pid=598852)[0m notebook-56ece9efd1a0-worker-0:600970:600970 [3] NCCL INFO Channel 02/0 : 3[4] -> 0[1] via P2P/IPC
[36m(vLLMHttpServer pid=598852)[0m notebook-56ece9efd1a0-worker-0:600970:600970 [3] NCCL INFO Channel 03/0 : 3[4] -> 0[1] via P2P/IPC
[36m(vLLMHttpServer pid=598852)[0m notebook-56ece9efd1a0-worker-0:600970:600970 [3] NCCL INFO Channel 04/0 : 3[4] -> 0[1] via P2P/IPC
[36m(vLLMHttpServer pid=598852)[0m notebook-56ece9efd1a0-worker-0:600970:600970 [3] NCCL INFO Channel 05/0 : 3[4] -> 0[1] via P2P/IPC
[36m(vLLMHttpServer pid=598852)[0m notebook-56ece9efd1a0-worker-0:600970:600970 [3] NCCL INFO Channel 06/0 : 3[4] -> 0[1] via P2P/IPC
[36m(vLLMHttpServer pid=598852)[0m notebook-56ece9efd1a0-worker-0:600970:600970 [3] NCCL INFO Channel 07/0 : 3[4] -> 0[1] via P2P/IPC
[36m(vLLMHttpServer pid=598852)[0m notebook-56ece9efd1a0-worker-0:600970:600970 [3] NCCL INFO Channel 08/0 : 3[4] -> 0[1] via P2P/IPC
[36m(vLLMHttpServer pid=598852)[0m notebook-56ece9efd1a0-worker-0:600970:600970 [3] NCCL INFO Channel 09/0 : 3[4] -> 0[1] via P2P/IPC
[36m(vLLMHttpServer pid=598852)[0m notebook-56ece9efd1a0-worker-0:600970:600970 [3] NCCL INFO Channel 10/0 : 3[4] -> 0[1] via P2P/IPC
[36m(vLLMHttpServer pid=598852)[0m notebook-56ece9efd1a0-worker-0:600970:600970 [3] NCCL INFO Cha
[36m(vLLMHttpServer pid=598852)[0m nnel 11/0 : 3[4] -> 0[1] via P2P/IPC
[36m(vLLMHttpServer pid=598852)[0m notebook-56ece9efd1a0-worker-0:600970:600970 [3] NCCL INFO Channel 12/0 : 3[4] -> 0[1] via P2P/IPC
[36m(vLLMHttpServer pid=598852)[0m notebook-56ece9efd1a0-worker-0:600970:600970 [3] NCCL INFO Channel 13/0 : 3[4] -> 0[1] via P2P/IPC
[36m(vLLMHttpServer pid=598852)[0m notebook-56ece9efd1a0-worker-0:600970:600970 [3] NCCL INFO Channel 14/0 : 3[4] -> 0[1] via P2P/IPC
[36m(vLLMHttpServer pid=598852)[0m notebook-56ece9efd1a0-worker-0:600970:600970 [3] NCCL INFO Channel 15/0 : 3[4] -> 0[1] via P2P/IPC
[36m(vLLMHttpServer pid=598852)[0m notebook-56ece9efd1a0-worker-0:600970:600970 [3] NCCL INFO Channel 16/0 : 3[4] -> 0[1] via P2P/IPC
[36m(vLLMHttpServer pid=598852)[0m notebook-56ece9efd1a0-worker-0:600970:600970 [3] NCCL INFO Channel 17/0 : 3[4] -> 0[1] via P2P/IPC
[36m(vLLMHttpServer pid=598852)[0m notebook-56ece9efd1a0-worker-0:600970:600970 [3] NCCL INFO Channel 18/0 : 3[4] -> 0[1] via P2P/IPC
[36m(vLLMHttpServer pid=598852)[0m notebook-56ece9efd1a0-worker-0:600970:600970 [3] NCCL INFO Channel 19/0 : 3[4] -> 0[1] via P2P/IPC
[36m(vLLMHttpServer pid=598852)[0m notebook-56ece9efd1a0-worker-0:600970:600970 [3] NCCL INFO Channel 20/0 : 3[4] -> 0[1] via P2P/IPC
[36m(vLLMHttpServer pid=598852)[0m notebook-56ece9efd1a0-worker-0:600970:600970 [3] NCCL INFO Channel 21/0 : 3[4] -> 0[1] via P2P/IPC
[36m(vLLMHttpServer pid=598852)[0m notebook-56ece9efd1a0-worker-0:600970:600970 [3] NCCL INFO Channel 22/0 : 3[4] -> 0[1] via P2P/IPC
[36m(vLLMHttpServer pid=598852)[0m notebook-56ece9efd1a0-worker-0:600970:600970 [3] NCCL INFO Channel 23/0 : 3[4] -> 0[1] via P2P/IPC
[36m(vLLMHttpServer pid=598852)[0m notebook-56ece9efd1a0-worker-0:600970:600970 [3] NCCL INFO Connected all rings, use ring PXN 0 GDR 1
[36m(vLLMHttpServer pid=598852)[0m notebook-56ece9efd1a0-worker-0:600970:600970 [3] NCCL INFO Channel 00/0 : 3[4] -> 2[3] via P2P/IPC
[36m(vLLMHttpServer pid=598852)[0m notebook-56ece9efd1a0-worker-0:600970:600970 [3] NCCL INFO Channel 01/0 : 3[4] -> 2[3] via P2P/IPC
[36m(vLLMHttpServer pid=598852)[0m notebook-56ece9efd1a0-worker-0:600970:600970 [3] NCCL INFO Channel 02/0 : 3[4] -> 2[3] via P2P/IPC
[36m(vLLMHttpServer pid=598852)[0m notebook-56ece9efd1a0-worker-0:600970:600970 [3] NCCL INFO Channel 03/0 : 3[4] -> 2[3] via P2P/IPC
[36m(vLLMHttpServer pid=598852)[0m notebook-56ece9efd1a0-worker-0:600970:600970 [3] NCCL INFO Channel 04/0 : 3[4] -> 2[3] via P2P/IPC
[36m(vLLMHttpServer pid=598852)[0m notebook-56ece9efd1a0-worker-0:600970:600970 [3] NCCL INFO Channel 05/0 : 3[4] -> 2[3] via P2P/IPC
[36m(vLLMHttpServer pid=598852)[0m notebook-56ece9efd1a0-worker-0:600970:600970 [3] NCCL INFO Channel 06/0 : 3[4] -> 2[3] via P2P/IPC
[36m(vLLMHttpServer pid=598852)[0m notebook-56ece9efd1a0-worker-0:600970:600970 [3] NCCL INFO Channel 07/0 : 3[4] -> 2[3] via P2P/IPC
[36m(vLLMHttpServer pid=598852)[0m notebook-56ece9efd1a0-worker-0:600970:600970 [3] NCCL INFO Channel 08/0 : 3[4] -> 2[3] via P2P/IPC
[36m(vLLMHttpServer pid=598852)[0m notebook-56ece9efd1a0-worker-0:600970:600970 [3] NCCL INFO Channel 09/0 : 3[4] -> 2[3] via P2P/IPC
[36m(vLLMHttpServer pid=598852)[0m notebook-56ece9efd1a0-worker-0:600970:600970 [3] NCCL INFO Channel 10/0 : 3[4] -> 2[3] via P2P/IPC
[36m(vLLMHttpServer pid=598852)[0m notebook-56ece9efd1a0-worker-0:600970:600970 [3] NCCL INFO Channel 11/0 : 3[4] -> 2[3] via P2P/IPC
[36m(vLLMHttpServer pid=598852)[0m notebook-56ece9efd1a0-worker-0:600970:600970 [3] NCCL INFO Channel 12/0 : 3[4] -> 2[3] via P2P/IPC
[36m(vLLMHttpServer pid=598852)[0m notebook-56ece9efd1a0-worker-0:600970:600970 [3] NCCL INFO Channel 13/0 : 3[4] -> 2[3] via P2P/IPC
[36m(vLLMHttpServer pid=598852)[0m notebook-56ece9efd1a0-worker-0:600970:600970 [3] NCCL INFO Channel 14/0 : 3[4] -> 2[3] via P2P/IPC
[36m(vLLMHttpServer pid=598852)[0m notebook-56ece9efd1a0-worker-0:600970:600970 [3] NCCL INFO Channel 15/0 : 3[4] -> 2[3] via P2P/IPC
[36m(vLLMHttpServer pid=598852)[0m notebook-56ece9efd1a0-worker-0:600970:600970 [3] NCCL INFO Channel 16/0 : 3[4] -> 2[3] via P2P/IPC
[36m(vLLMHttpServer pid=598852)[0m notebook-56ece9efd1a0-worker-0:600970:600970 [3] NCCL INFO Channel 17/0 : 3[4] -> 2[3] via P2P/IPC
[36m(vLLMHttpServer pid=598852)[0m notebook-56ece9efd1a0-worker-0:600970:600970 [3] NCCL INFO Channel 18/0 : 3[4] -> 2[3] via P2P/IPC
[36m(vLLMHttpServer pid=598852)[0m notebook-56ece9efd1a0-worker-0:600970:600970 [3] NCCL INFO Channel 19/0 : 3[4] -> 2[3] via P2P/IPC
[36m(vLLMHttpServer pid=598852)[0m notebook-56ece9efd1a0-worker-0:600970:600970 [3] NCCL INFO Channel 20/0 : 3[4] -> 2[3] via P2P/IPC
[36m(vLLMHttpServer pid=598852)[0m notebook-56ece9efd1a0-worker-0:600970:600970 [3] NCCL INFO Channel 21/0 : 3[4] -> 2[3] via P2P/IPC
[36m(vLLMHttpServer pid=598852)[0m notebook-56ece9efd1a0-worker-0:600970:600970 [3] NCCL INFO Channel 22/0 : 3[4] -> 2[3] via P2P/IPC
[36m(vLLMHttpServer pid=598852)[0m notebook-56ece9efd1a0-worker-0:600970:600970 [3] NCCL INFO Channel 23/0 : 3[4] -> 2[3] via P2P/IPC
[36m(vLLMHttpServer pid=598852)[0m notebook-56ece9efd1a0-worker-0:600970:600970 [3] NCCL INFO Connected all trees
[36m(vLLMHttpServer pid=598852)[0m notebook-56ece9efd1a0-worker-0:600970:600970 [3] NCCL INFO NVLS comm 0x10d10d40 headRank 3 nHeads 4 nvlsRanks 4 buffSize 1048576 nvlsPerRankSize 33554432 nvlsTotalSize 134217728
[36m(vLLMHttpServer pid=598852)[0m notebook-56ece9efd1a0-worker-0:600970:602063 [3] NCCL INFO [Proxy Progress] Device 3 CPU core 51
[36m(vLLMHttpServer pid=598852)[0m notebook-56ece9efd1a0-worker-0:600970:602P/IPC
[36m(vLLMHttpServer pid=598852)[0m notebook-56ece9efd1a0-worker-0:600968:600968 [1] NCCL INFO Channel 12/0 : 1[2] -> 2[3] via P2P/IPC
[36m(vLLMHttpServer pid=598852)[0m notebook-56ece9efd1a0-worker-0:600968:600968 [1] NCCL INFO Channel 13/0 : 1[2] -> 2[3] via P2P/IPC
[36m(vLLMHttpServer pid=598852)[0m notebook-56ece9efd1a0-worker-0:600968:600968 [1] NCCL INFO Channel 14/0 : 1[2] -> 2[3] via P2P/IPC
[36m(vLLMHttpServer pid=598852)[0m notebook-56ece9efd1a0-worker-0:600968:600968 [1] NCCL INFO Channel 15/0 : 1[2] -> 2[3] via P2P/IPC
[36m(vLLMHttpServer pid=598852)[0m notebook-56ece9efd1a0-worker-0:600968:600968 [1] NCCL INFO Channel 16/0 : 1[2] -> 2[3] via P2P/IPC
[36m(vLLMHttpServer pid=598852)[0m notebook-56ece9efd1a0-worker-0:600968:600968 [1] NCCL INFO Channel 17/0 : 1[2] -> 2[3] via P2P/IPC
[36m(vLLMHttpServer pid=598852)[0m notebook-56ece9efd1a0-worker-0:600968:600968 [1] NCCL INFO Channel 18/0 : 1[2] -> 2[3] via P2P/IPC
[36m(vLLMHttpServer pid=598852)[0m notebook-56ece9efd1a0-worker-0:600968:600968 [1] NCCL INFO Channel 19/0 : 1[2] -> 2[3] via P2P/IPC
[36m(vLLMHttpServer pid=598852)[0m notebook-56ece9efd1a0-worker-0:600968:600968 [1] NCCL INFO Channel 20/0 : 1[2] -> 2[3] via P2P/IPC
[36m(vLLMHttpServer pid=598852)[0m notebook-56ece9efd1a0-worker-0:600968:600968 [1] NCCL INFO Channel 21/0 : 1[2] -> 2[3] via P2P/IPC
[36m(vLLMHttpServer pid=598852)[0m notebook-56ece9efd1a0-worker-0:600968:600968 [1] NCCL INFO Channel 22/0 : 1[2] -> 2[3] via P2P/IPC
[36m(vLLMHttpServer pid=598852)[0m notebook-56ece9efd1a0-worker-0:600968:600968 [1] NCCL INFO Channel 23/0 : 1[2] -> 2[3] via P2P/IPC
[36m(vLLMHttpServer pid=598852)[0m notebook-56ece9efd1a0-worker-0:600968:600968 [1] NCCL INFO Connected all rings, use ring PXN 0 GDR 1
[36m(vLLMHttpServer pid=598852)[0m notebook-56ece9efd1a0-worker-0:600968:600968 [1] NCCL INFO Channel 00/0 : 1[2] -> 0[1] via P2P/IPC
[36m(vLLMHttpServer pid=598852)[0m notebook-56ece9efd1a0-worker-0:600968:600968 [1] NCCL INFO Channel 01/0 : 1[2] -> 0[1] via P2P/IPC
[36m(vLLMHttpServer pid=598852)[0m notebook-56ece9efd1a0-worker-0:600968:600968 [1] NCCL INFO Channel 02/0 : 1[2] -> 0[1] via P2P/IPC
[36m(vLLMHttpServer pid=598852)[0m notebook-56ece9efd1a0-worker-0:600968:600968 [1] NCCL INFO Channel 03/0 : 1[2] -> 0[1] via P2P/IPC
[36m(vLLMHttpServer pid=598852)[0m notebook-56ece9efd1a0-worker-0:600968:600968 [1] NCCL INFO Channel 04/0 : 1[2] -> 0[1] via P2P/IPC
[36m(vLLMHttpServer pid=598852)[0m notebook-56ece9efd1a0-worker-0:600968:600968 [1] NCCL INFO Channel 05/0 : 1[2] -> 0[1] via P2P/IPC
[36m(vLLMHttpServer pid=598852)[0m notebook-56ece9efd1a0-worker-0:600968:600968 [1] NCCL INFO Channel 06/0 : 1[2] -> 0[1] via P2P/IPC
[36m(vLLMHttpServer pid=598852)[0m notebook-56ece9efd1a0-worker-0:600968:600968 [1] NCCL INFO Channel 07/0 : 1[2] -> 0[1] via P2P/IPC
[36m(vLLMHttpServer pid=598852)[0m notebook-56ece9efd1a0-worker-0:600968:600968 [1] NCCL INFO Channel 08/0 : 1[2] -> 0[1] via P2P/IPC
[36m(vLLMHttpServer pid=598852)[0m notebook-56ece9efd1a0-worker-0:600968:600968 [1] NCCL INFO Channel 09/0 : 1[2] -> 0[1] via P2P/IPC
[36m(vLLMHttpServer pid=598852)[0m notebook-56ece9efd1a0-worker-0:600968:600968 [1] NCCL INFO Channel 10/0 : 1[2] -> 0[1] via P2P/IPC
[36m(vLLMHttpServer pid=598852)[0m notebook-56ece9efd1a0-worker-0:600968:600968 [1] NCCL INFO Channel 11/0 : 1[2] -> 0[1] via P2P/IPC
[36m(vLLMHttpServer pid=598852)[0m notebook-56ece9efd1a0-worker-0:600968:600968 [1] NCCL INFO Channel 12/0 : 1[2] -> 0[1] via P2P/IPC
[36m(vLLMHttpServer pid=598852)[0m notebook-56ece9efd1a0-worker-0:600968:600968 [1] NCCL INFO Channel 13/0 : 1[2] -> 0[1] via P2P/IPC
[36m(vLLMHttpServer pid=598852)[0m notebook-56ece9efd1a0-worker-0:600968:600968 [1] NCCL INFO Channel 14/0 : 1[2] -> 0[1] via P2P/IPC
[36m(vLLMHttpServer pid=598852)[0m notebook-56ece9efd1a0-worker-0:600968:600968 [1] NCCL INFO Channel 15/0 : 1[2] -> 0[1] via P2P/IPC
[36m(vLLMHttpServer pid=598852)[0m notebook-56ece9efd1a0-worker-0:600968:600968 [1] NCCL INFO Channel 16/0 : 1[2] -> 0[1] via P2P/IPC
[36m(vLLMHttpServer pid=598852)[0m notebook-56ece9efd1a0-worker-0:600968:600968 [1] NCCL INFO Channel 17/0 : 1[2] -> 0[1] via P2P/IPC
[36m(vLLMHttpServer pid=598852)[0m notebook-56ece9efd1a0-worker-0:600968:600968 [1] NCCL INFO Channel 18/0 : 1[2] -> 0[1] via P2P/IPC
[36m(vLLMHttpServer pid=598852)[0m notebook-56ece9efd1a0-worker-0:600968:600968 [1] NCCL INFO Channel 19/0 : 1[2] -> 0[1] via P2P/IPC
[36m(vLLMHttpServer pid=598852)[0m notebook-56ece9efd1a0-worker-0:600968:600968 [1] NCCL INFO Channel 20/0 : 1[2] -> 0[1] via P2P/IPC
[36m(vLLMHttpServer pid=598852)[0m notebook-56ece9efd1a0-worker-0:600968:600968 [1] NCCL INFO Channel 21/0 : 1[2] -> 0[1] via P2P/IPC
[36m(vLLMHttpServer pid=598852)[0m notebook-56ece9efd1a0-worker-0:600968:600968 [1] NCCL INFO Channel 22/0 : 1[2] -> 0[1] via P2P/IPC
[36m(vLLMHttpServer pid=598852)[0m notebook-56ece9efd1a0-worker-0:600968:600968 [1] NCCL INFO Channel 23/0 : 1[2] -> 0[1] via P2P/IPC
[36m(vLLMHttpServer pid=598852)[0m notebook-56ece9efd1a0-worker-0:600968:600968 [1] NCCL INFO Connected all trees
[36m(vLLMHttpServer pid=598852)[0m notebook-56ece9efd1a0-worker-0:600968:600968 [1] NCCL INFO NVLS comm 0x10d10600 headRank 1 nHeads 4 nvlsRanks 4 buffSize 1048576 nvlsPerRankSize 33554432 nvlsTotalSize 134217728
[36m(vLLMHttpServer pid=598852)[0m notebook-56ece9efd1a0-worker-0:600968:602065 [1] NCCL INFO [Proxy Progress] Device 1 CPU core 4
[36m(vLLMHttpServer pid=598852)[0m notebook-56ece9efd1a0-worker-0:600968:600968 [1] NCCL INFO threadThresh->0->-1 [2] 1/-1/-1->0->-1 [3] 1/-1/-1->0->-1 [4] 1/-1/-1->0->-1 [5] 1/-1/-1->0->-1 [6] 1/-1/-1->0->-1 [7] 1/-1/-1->0->-1 [8] 1/-1/-1->0->-1 [9] 1/-1/-1->0->-1 [10] 1/-1/-1->0->-1 [11] 1/-1/-1->0->-1 [12] 1/-1/-1->0->-1 [13] 1/-1/-1->0->-1 [14] 1/-1/-1->0->-1 [15] 1/-1/-1->0->-1 [16] 1/-1/-1->0->-1 [17] 1/-1/-1->0->-1 [18] 1/-1/-1->0->-1 [19] 1/-1/-1->0->-1 [20] 1/-1/-1->0->-1 [21] 1/-1/-1->0->-1 [22] 1/-1/-1->0->-1 [23] 1/-1/-1->0->-1
[36m(vLLMHttpServer pid=598852)[0m notebook-56ece9efd1a0-worker-0:600967:600967 [0] NCCL INFO P2P Chunksize set to 524288
[36m(vLLMHttpServer pid=598852)[0m notebook-56ece9efd1a0-worker-0:600967:600967 [0] NCCL INFO PROFILER/Plugin: Could not find: libnccl-profiler.so. 
[36m(vLLMHttpServer pid=598852)[0m notebook-56ece9efd1a0-worker-0:600967:600967 [0] NCCL INFO Check P2P Type isAllDirectP2p 1 directMode 0
[36m(vLLMHttpServer pid=598852)[0m notebook-56ece9efd1a0-worker-0:600967:602052 [0] NCCL INFO [Proxy Service] Device 0 CPU core 22
[36m(vLLMHttpServer pid=598852)[0m notebook-56ece9efd1a0-worker-0:600967:602054 [0] NCCL INFO [Proxy Service UDS] Device 0 CPU core 23
[36m(vLLMHttpServer pid=598852)[0m notebook-56ece9efd1a0-worker-0:600967:600967 [0] NCCL INFO Channel 00/0 : 0[1] -> 1[2] via P2P/IPC
[36m(vLLMHttpServer pid=598852)[0m notebook-56ece9efd1a0-worker-0:600967:600967 [0] NCCL INFO Channel 01/0 : 0[1] -> 1[2] via P2P/IPC
[36m(vLLMHttpServer pid=598852)[0m notebook-56ece9efd1a0-worker-0:600967:600967 [0] NCCL INFO Channel 02/0 : 0[1] -> 1[2] via P2P/IPC
[36m(vLLMHttpServer pid=598852)[0m notebook-56ece9efd1a0-worker-0:600967:600967 [0] NCCL INFO Channel 03/0 : 0[1] -> 1[2] via P2P/IPC
[36m(vLLMHttpServer pid=598852)[0m notebook-56ece9efd1a0-worker-0:600967:600967 [0] NCCL INFO Channel 04/0 : 0[1] -> 1[2] via P2P/IPC
[36m(vLLMHttpServer pid=598852)[0m notebook-56ece9efd1a0-worker-0:600967:600967 [0] NCCL INFO Channel 05/0 : 0[1] -> 1[2] via P2P/IPC
[36m(vLLMHttpServer pid=598852)[0m notebook-56ece9efd1a0-worker-0:600967:600967 [0] NCCL INFO Channel 06/0 : 0[1] -> 1[2] via P2P/IPC
[36m(vLLMHttpServer pid=598852)[0m notebook-56ece9efd1a0-worker-0:600967:600967 [0] NCCL INFO Channel 07/0 : 0[1] -> 1[2] via P2P/IPC
[36m(vLLMHttpServer pid=598852)[0m notebook-56ece9efd1a0-worker-0:600967:600967 [0] NCCL INFO Channel 08/0 : 0[1] -> 1[2] via P2P/IPC
[36m(vLLMHttpServer pid=598852)[0m notebook-56ece9efd1a0-worker-0:600967:600967 [0] NCCL INFO Channel 09/0 : 0[1] -> 1[2] via P2P/IPC
[36m(vLLMHttpServer pid=598852)[0m notebook-56ece9efd1a0-worker-0:600967:600967 [0] NCCL INFO Channel 10/0 : 0[1] -> 1[2] via P2P/IPC
[36m(vLLMHttpServer pid=598852)[0m notebook-56ece9efd1a0-worker-0:600967:600967 [0] NCCL INFO Channel 11/0 : 0[1] -> 1[2] via P2P/IPC
[36m(vLLMHttpServer pid=598852)[0m notebook-56ece9efd1a0-worker-0:600967:600967 [0] NCCL INFO Channel 12/0 : 0[1] -> 1[2] via P2P/IPC
[36m(vLLMHttpServer pid=598852)[0m notebook-56ece9efd1a0-worker-0:600967:600967 [0] NCCL INFO Channel 13/0 : 0[1] -> 1[2] via P2P/IPC
[36m(vLLMHttpServer pid=598852)[0m notebook-56ece9efd1a0-worker-0:600967:600967 [0] NCCL INFO Channel 14/0 : 0[1] -> 1[2] via P2P/IPC
[36m(vLLMHttpServer pid=598852)[0m notebook-56ece9efd1a0-worker-0:600967:600967 [0] NCCL INFO Channel 15/0 : 0[1] -> 1[2] via P2P/IPC
[36m(vLLMHttpServer pid=598852)[0m notebook-56ece9efd1a0-worker-0:600967:600967 [0] NCCL INFO Channel 16/0 : 0[1] -> 1[2] via P2P/IPC
[36m(vLLMHttpServer pid=598852)[0m notebook-56ece9efd1a0-worker-0:600967:600967 [0] NCCL INFO Channel 17/0 : 0[1] -> 1[2] via P2P/IPC
[36m(vLLMHttpServer pid=598852)[0m notebook-56ece9efd1a0-worker-0:600967:600967 [0] NCCL INFO Channel 18/0 : 0[1] -> 1[2] via P2P/IPC
[36m(vLLMHttpServer pid=598852)[0m notebook-56ece9efd1a0-worker-0:600967:600967 [0] NCCL INFO Channel 19/0 : 0[1] -> 1[2] via P2P/IPC
[36m(vLLMHttpServer pid=598852)[0m notebook-56ece9efd1a0-worker-0:600967:600967 [0] NCCL INFO Channel 20/0 : 0[1] -> 1[2] via P2P/IPC
[36m(vLLMHttpServer pid=598852)[0m notebook-56ece9efd1a0-worker-0:600967:600967 [0] NCCL INFO Channel 21/0 : 0[1] -> 1[2] via P2P/IPC
[36m(vLLMHttpServer pid=598852)[0m notebook-56ece9efd1a0-worker-0:600967:600967 [0] NCCL INFO Channel 22/0 : 0[1] -> 1[2] via P2P/IPC
[36m(vLLMHttpServer pid=598852)[0m notebook-56ece9efd1a0-worker-0:600967:600967 [0] NCCL INFO Channel 23/0 : 0[1] -> 1[2] via P2P/IPC
[36m(vLLMHttpServer pid=598852)[0m notebook-56ece9efd1a0-worker-0:600967:600967 [0] NCCL INFO Connected all rings, use ring PXN 0 GDR 1
[36m(vLLMHttpServer pid=598852)[0m notebook-56ece9efd1a0-worker-0:600967:600967 [0] NCCL INFO Connected all trees
[36m(vLLMHttpServer pid=598852)[0m notebook-56ece9efd1a0-worker-0:600967:600967 [0] NCCL INFO NVLS comm 0x10d30a00 headRank 0 nHeads 4 nvlsRanks 4 buffSize 1048576 nvlsPerRankSize 33554432 nvlsTotalSize 134217728
[36m(vLLMHttpServer pid=598852)[0m notebook-56ece9efd1a0-worker-0:600967:602064 [0] NCCL INFO [Proxy Progress] Device 0 CPU core 25
[36m(vLLMHttpServer pid=598852)[0m notebook-56ece9efd1a0-worker-0:600967:600967 [0] NCCL INFO threadThresholds 8/8/64 | 32/8/64 | 512 | 512
[36m(vLLMHttpServer pid=598852)[0m notebook-56ece9efd1a0-worker-0:600967:600967 [0] NCCL INFO 24 coll channels, 24 collnet channels, 16 nvls channels, 32 p2p channels, 32 p2p channels per peer
[36m(vLLMHttpServer pid=598852)[0m notebook-56ece9efd1a0-worker-0:600967:600967 [0] NCCL INFO CCia P2P/IPC
[36m(vLLMHttpServer pid=598852)[0m notebook-56ece9efd1a0-worker-0:600969:600969 [2] NCCL INFO Channel 12/0 : 2[3] -> 3[4] via P2P/IPC
[36m(vLLMHttpServer pid=598852)[0m notebook-56ece9efd1a0-worker-0:600969:600969 [2] NCCL INFO Channel 13/0 : 2[3] -> 3[4] via P2P/IPC
[36m(vLLMHttpServer pid=598852)[0m notebook-56ece9efd1a0-worker-0:600969:600969 [2] NCCL INFO Channel 14/0 : 2[3] -> 3[4] via P2P/IPC
[36m(vLLMHttpServer pid=598852)[0m notebook-56ece9efd1a0-worker-0:600969:600969 [2] NCCL INFO Channel 15/0 : 2[3] -> 3[4] via P2P/IPC
[36m(vLLMHttpServer pid=598852)[0m notebook-56ece9efd1a0-worker-0:600969:600969 [2] NCCL INFO Channel 16/0 : 2[3] -> 3[4] via P2P/IPC
[36m(vLLMHttpServer pid=598852)[0m notebook-56ece9efd1a0-worker-0:600969:600969 [2] NCCL INFO Channel 17/0 : 2[3] -> 3[4] via P2P/IPC
[36m(vLLMHttpServer pid=598852)[0m notebook-56ece9efd1a0-worker-0:600969:600969 [2] NCCL INFO Channel 18/0 : 2[3] -> 3[4] via P2P/IPC
[36m(vLLMHttpServer pid=598852)[0m notebook-56ece9efd1a0-worker-0:600969:600969 [2] NCCL INFO Channel 19/0 : 2[3] -> 3[4] via P2P/IPC
[36m(vLLMHttpServer pid=598852)[0m notebook-56ece9efd1a0-worker-0:600969:600969 [2] NCCL INFO Channel 20/0 : 2[3] -> 3[4] via P2P/IPC
[36m(vLLMHttpServer pid=598852)[0m notebook-56ece9efd1a0-worker-0:600969:600969 [2] NCCL INFO Channel 21/0 : 2[3] -> 3[4] via P2P/IPC
[36m(vLLMHttpServer pid=598852)[0m notebook-56ece9efd1a0-worker-0:600969:600969 [2] NCCL INFO Channel 22/0 : 2[3] -> 3[4] via P2P/IPC
[36m(vLLMHttpServer pid=598852)[0m notebook-56ece9efd1a0-worker-0:600969:600969 [2] NCCL INFO Channel 23/0 : 2[3] -> 3[4] via P2P/IPC
[36m(vLLMHttpServer pid=598852)[0m notebook-56ece9efd1a0-worker-0:600969:600969 [2] NCCL INFO Connected all rings, use ring PXN 0 GDR 1
[36m(vLLMHttpServer pid=598852)[0m notebook-56ece9efd1a0-worker-0:600969:600969 [2] NCCL INFO Channel 00/0 : 2[3] -> 1[2] via P2P/IPC
[36m(vLLMHttpServer pid=598852)[0m notebook-56ece9efd1a0-worker-0:600969:600969 [2] NCCL INFO Channel 01/0 : 2[3] -> 1[2] via P2P/IPC
[36m(vLLMHttpServer pid=598852)[0m notebook-56ece9efd1a0-worker-0:600969:600969 [2] NCCL INFO Channel 02/0 : 2[3] -> 1[2] via P2P/IPC
[36m(vLLMHttpServer pid=598852)[0m notebook-56ece9efd1a0-worker-0:600969:600969 [2] NCCL INFO Channel 03/0 : 2[3] -> 1[2] via P2P/IPC
[36m(vLLMHttpServer pid=598852)[0m notebook-56ece9efd1a0-worker-0:600969:600969 [2] NCCL INFO Channel 04/0 : 2[3] -> 1[2] via P2P/IPC
[36m(vLLMHttpServer pid=598852)[0m notebook-56ece9efd1a0-worker-0:600969:600969 [2] NCCL INFO Channel 05/0 : 2[3] -> 1[2] via P2P/IPC
[36m(vLLMHttpServer pid=598852)[0m notebook-56ece9efd1a0-worker-0:600969:600969 [2] NCCL INFO Channel 06/0 : 2[3] -> 1[2] via P2P/IPC
[36m(vLLMHttpServer pid=598852)[0m notebook-56ece9efd1a0-worker-0:600969:600969 [2] NCCL INFO Channel 07/0 : 2[3] -> 1[2] via P2P/IPC
[36m(vLLMHttpServer pid=598852)[0m notebook-56ece9efd1a0-worker-0:600969:600969 [2] NCCL INFO Channel 08/0 : 2[3] -> 1[2] via P2P/IPC
[36m(vLLMHttpServer pid=598852)[0m notebook-56ece9efd1a0-worker-0:600969:600969 [2] NCCL INFO Channel 09/0 : 2[3] -> 1[2] via P2P/IPC
[36m(vLLMHttpServer pid=598852)[0m notebook-56ece9efd1a0-worker-0:600969:600969 [2] NCCL INFO Channel 10/0 : 2[3] -> 1[2] via P2P/IPC
[36m(vLLMHttpServer pid=598852)[0m notebook-56ece9efd1a0-worker-0:600969:600969 [2] NCCL INFO Channel 11/0 : 2[3] -> 1[2] via P2P/IPC
[36m(vLLMHttpServer pid=598852)[0m notebook-56ece9efd1a0-worker-0:600969:600969 [2] NCCL INFO Channel 12/0 : 2[3] -> 1[2] via P2P/IPC
[36m(vLLMHttpServer pid=598852)[0m notebook-56ece9efd1a0-worker-0:600969:600969 [2] NCCL INFO Channel 13/0 : 2[3] -> 1[2] via P2P/IPC
[36m(vLLMHttpServer pid=598852)[0m notebook-56ece9efd1a0-worker-0:600969:600969 [2] NCCL INFO Channel 14/0 : 2[3] -> 1[2] via P2P/IPC
[36m(vLLMHttpServer pid=598852)[0m notebook-56ece9efd1a0-worker-0:600969:600969 [2] NCCL INFO Channel 15/0 : 2[3] -> 1[2] via P2P/IPC
[36m(vLLMHttpServer pid=598852)[0m notebook-56ece9efd1a0-worker-0:600969:600969 [2] NCCL INFO Channel 16/0 : 2[3] -> 1[2] via P2P/IPC
[36m(vLLMHttpServer pid=598852)[0m notebook-56ece9efd1a0-worker-0:600969:600969 [2] NCCL INFO Channel 17/0 : 2[3] -> 1[2] via P2P/IPC
[36m(vLLMHttpServer pid=598852)[0m notebook-56ece9efd1a0-worker-0:600969:600969 [2] NCCL INFO Channel 18/0 : 2[3] -> 1[2] via P2P/IPC
[36m(vLLMHttpServer pid=598852)[0m notebook-56ece9efd1a0-worker-0:600969:600969 [2] NCCL INFO Channel 19/0 : 2[3] -> 1[2] via P2P/IPC
[36m(vLLMHttpServer pid=598852)[0m notebook-56ece9efd1a0-worker-0:600969:600969 [2] NCCL INFO Channel 20/0 : 2[3] -> 1[2] via P2P/IPC
[36m(vLLMHttpServer pid=598852)[0m notebook-56ece9efd1a0-worker-0:600969:600969 [2] NCCL INFO Channel 21/0 : 2[3] -> 1[2] via P2P/IPC
[36m(vLLMHttpServer pid=598852)[0m notebook-56ece9efd1a0-worker-0:600969:600969 [2] NCCL INFO Channel 22/0 : 2[3] -> 1[2] via P2P/IPC
[36m(vLLMHttpServer pid=598852)[0m notebook-56ece9efd1a0-worker-0:600969:600969 [2] NCCL INFO Channel 23/0 : 2[3] -> 1[2] via P2P/IPC
[36m(vLLMHttpServer pid=598852)[0m notebook-56ece9efd1a0-worker-0:600969:600969 [2] NCCL INFO Connected all trees
[36m(vLLMHttpServer pid=598852)[0m notebook-56ece9efd1a0-worker-0:600969:600969 [2] NCCL INFO NVLS comm 0x10d311e0 headRank 2 nHeads 4 nvlsRanks 4 buffSize 1048576 nvlsPerRankSize 33554432 nvlsTotalSize 134217728
[36m(vLLMHttpServer pid=598852)[0m notebook-56ece9efd1a0-worker-0:600969:602066 [2] NCCL INFO [Proxy Progress] Device 2 CPU core 124
[36m(vLLMHttpServer pid=598852)[0m notebook-56ece9efd1a0-worker-0:600969:600969 [2] NCCL INFO thread
[36m(vLLMHttpServer pid=598852)[0m olds 8/8/64 | 32/8/64 | 512 | 512
[36m(vLLMHttpServer pid=598852)[0m notebook-56ece9efd1a0-worker-0:600968:600968 [1] NCCL INFO 24 coll channels, 24 collnet channels, 16 nvls channels, 32 p2p channels, 32 p2p channels per peer
[36m(vLLMHttpServer pid=598852)[0m notebook-56ece9efd1a0-worker-0:600968:600968 [1] NCCL INFO TUNER/Plugin: Could not find: libnccl-tuner.so. Using internal tuner plugin.
[36m(vLLMHttpServer pid=598852)[0m notebook-56ece9efd1a0-worker-0:600968:600968 [1] NCCL INFO ncclCommInitRank comm 0x10d10600 rank 1 nranks 4 cudaDev 1 nvmlDev 2 busId a2000 commId 0x302ff866ea491d3d - Init COMPLETE
[36m(vLLMHttpServer pid=598852)[0m notebook-56ece9efd1a0-worker-0:600968:600968 [1] NCCL INFO Init timings - ncclCommInitRank: rank 1 nranks 4 total 1.38 (kernels 0.21, alloc 0.70, bootstrap 0.00, allgathers 0.01, topo 0.07, graphs 0.01, connections 0.32, rest 0.06)
[36m(vLLMHttpServer pid=598852)[0m [Gloo] Rank 0 is connected to 0 peer ranks. Expected number of connected peer ranks is : 0
[36m(vLLMHttpServer pid=598852)[0m  Off, workFifoBytes 1048576
[36m(vLLMHttpServer pid=598852)[0m notebook-56ece9efd1a0-worker-0:600967:600967 [0] NCCL INFO TUNER/Plugin: Could not find: libnccl-tuner.so. Using internal tuner plugin.
[36m(vLLMHttpServer pid=598852)[0m notebook-56ece9efd1a0-worker-0:600967:600967 [0] NCCL INFO ncclCommInitRank comm 0x10d30a00 rank 0 nranks 4 cudaDev 0 nvmlDev 1 busId 7e000 commId 0x302ff866ea491d3d - Init COMPLETE
[36m(vLLMHttpServer pid=598852)[0m notebook-56ece9efd1a0-worker-0:600967:600967 [0] NCCL INFO Init timings - ncclCommInitRank: rank 0 nranks 4 total 1.40 (kernels 0.20, alloc 0.72, bootstrap 0.01, allgathers 0.01, topo 0.07, graphs 0.01, connections 0.32, rest 0.06)
[36m(vLLMHttpServer pid=598852)[0m [Gloo] Rank 0 is connected to 0 peer ranks. Expected number of connected peer ranks is : 0
[36m(vLLMHttpServer pid=598852)[0m Thresholds 8/8/64 | 32/8/64 | 512 | 512
[36m(vLLMHttpServer pid=598852)[0m notebook-56ece9efd1a0-worker-0:600969:600969 [2] NCCL INFO 24 coll channels, 24 collnet channels, 16 nvls channels, 32 p2p channels, 32 p2p channels per peer
[36m(vLLMHttpServer pid=598852)[0m notebook-56ece9efd1a0-worker-0:600969:600969 [2] NCCL INFO TUNER/Plugin: Could not find: libnccl-tuner.so. Using internal tuner plugin.
[36m(vLLMHttpServer pid=598852)[0m notebook-56ece9efd1a0-worker-0:600969:600969 [2] NCCL INFO ncclCommInitRank comm 0x10d311e0 rank 2 nranks 4 cudaDev 2 nvmlDev 3 busId c6000 commId 0x302ff866ea491d3d - Init COMPLETE
[36m(vLLMHttpServer pid=598852)[0m notebook-56ece9efd1a0-worker-0:600969:600969 [2] NCCL INFO Init timings - ncclCommInitRank: rank 2 nranks 4 total 1.39 (kernels 0.21, alloc 0.70, bootstrap 0.01, allgathers 0.01, topo 0.07, graphs 0.01, connections 0.33, rest 0.06)
[36m(vLLMHttpServer pid=598852)[0m [Gloo] Rank 0 is connected to 0 peer ranks. Expected number of connected peer ranks is : 0
[36m(vLLMHttpServer pid=598852)[0m 0970 [3] NCCL INFO threadThresholds 8/8/64 | 32/8/64 | 512 | 512
[36m(vLLMHttpServer pid=598852)[0m notebook-56ece9efd1a0-worker-0:600970:600970 [3] NCCL INFO 24 coll channels, 24 collnet channels, 16 nvls channels, 32 p2p channels, 32 p2p channels per peer
[36m(vLLMHttpServer pid=598852)[0m notebook-56ece9efd1a0-worker-0:600970:600970 [3] NCCL INFO TUNER/Plugin: Could not find: libnccl-tuner.so. Using internal tuner plugin.
[36m(vLLMHttpServer pid=598852)[0m notebook-56ece9efd1a0-worker-0:600970:600970 [3] NCCL INFO ncclCommInitRank comm 0x10d10d40 rank 3 nranks 4 cudaDev 3 nvmlDev 4 busId 109000 commId 0x302ff866ea491d3d - Init COMPLETE
[36m(vLLMHttpServer pid=598852)[0m notebook-56ece9efd1a0-worker-0:600970:600970 [3] NCCL INFO Init timings - ncclCommInitRank: rank 3 nranks 4 total 1.38 (kernels 0.21, alloc 0.70, bootstrap 0.00, allgathers 0.00, topo 0.07, graphs 0.01, connections 0.32, rest 0.07)
[36m(vLLMHttpServer pid=598852)[0m [Gloo] Rank 0 is connected to 0 peer ranks. Expected number of connected peer ranks is : 0
[36m(vLLMHttpServer pid=598852)[0m [Gloo] Rank 0 is connected to 0 peer ranks. Expected number of connected peer ranks is : 0
[36m(vLLMHttpServer pid=598852)[0m [Gloo] Rank 0 is connected to 0 peer ranks. Expected number of connected peer ranks is : 0
[36m(vLLMHttpServer pid=598852)[0m [Gloo] Rank 0 is connected to 0 peer ranks. Expected number of connected peer ranks is : 0
[36m(vLLMHttpServer pid=598852)[0m [Gloo] Rank 0 is connected to 0 peer ranks. Expected number of connected peer ranks is : 0
[36m(vLLMHttpServer pid=598852)[0m [Gloo] Rank 0 is connected to 0 peer ranks. Expected number of connected peer ranks is : 0
[36m(vLLMHttpServer pid=598852)[0m [Gloo] Rank 0 is connected to 0 peer ranks. Expected number of connected peer ranks is : 0
[36m(vLLMHttpServer pid=598852)[0m [Gloo] Rank 0 is connected to 0 peer ranks. Expected number of connected peer ranks is : 0
[36m(vLLMHttpServer pid=598852)[0m [Gloo] Rank 0 is connected to 0 peer ranks. Expected number of connected peer ranks is : 0
[36m(vLLMHttpServer pid=598852)[0m [Gloo] Rank 0 is connected to 3 peer ranks. Expected number of connected peer ranks is : 3
[36m(vLLMHttpServer pid=598852)[0m [Gloo] Rank 2 is connected to 3 peer ranks. Expected number of connected peer ranks is : 3
[36m(vLLMHttpServer pid=598852)[0m [Gloo] Rank 1 is connected to 3 peer ranks. Expected number of connected peer ranks is : 3
[36m(vLLMHttpServer pid=598852)[0m [Gloo] Rank 3 is connected to 3 peer ranks. Expected number of connected peer ranks is : 3
[36m(vLLMHttpServer pid=598852)[0m notebook-56ece9efd1a0-worker-0:600967:600967 [0] NCCL INFO Assigned NET plugin Socket to comm
[36m(vLLMHttpServer pid=598852)[0m notebook-56ece9efd1a0-worker-0:600967:600967 [0] NCCL INFO Using network Socket
[36m(vLLMHttpServer pid=598852)[0m notebook-56ece9efd1a0-worker-0:600967:600967 [0] NCCL INFO ncclCommInitRank comm 0x184cc500 rank 0 nranks 4 cudaDev 0 nvmlDev 1 busId 7e000 commId 0x354f1900c1ae01d8 - Init START
[36m(vLLMHttpServer pid=598852)[0m notebook-56ece9efd1a0-worker-0:600967:600967 [0] NCCL INFO Bootstrap timings total 0.001481 (create 0.000014, send 0.000104, recv 0.000768, ring 0.000088, delay 0.000000)
[36m(vLLMHttpServer pid=598852)[0m notebook-56ece9efd1a0-worker-0:600967:600967 [0] NCCL INFO MNNVL busId 0x7e000 fabric UUID 0.0 cliqueId 0x0 state 3 healthMask 0x0
[36m(vLLMHttpServer pid=598852)[0m notebook-56ece9efd1a0-worker-0:600967:600967 [0] NCCL INFO Setting affinity for GPU 1 to 0-47,96-143
[36m(vLLMHttpServer pid=598852)[0m notebook-56ece9efd1a0-worker-0:600967:600967 [0] NCCL INFO NVLS multicast support is available on dev 0 (NVLS_NCHANNELS 16)
[36m(vLLMHttpServer pid=598852)[0m notebook-56ece9efd1a0-worker-0:600967:600967 [0] NCCL INFO comm 0x184cc500 rank 0 nRanks 4 nNodes 1 localRanks 4 localRank 0 MNNVL 0
[36m(vLLMHttpServer pid=598852)[0m notebook-56ece9efd1a0-worker-0:600967:600967 [0] NCCL INFO Channel 00/24 : 0 1 2 3
[36m(vLLMHttpServer pid=598852)[0m notebook-56ece9efd1a0-worker-0:600967:600967 [0] NCCL INFO Channel 01/24 : 0 1 2 3
[36m(vLLMHttpServer pid=598852)[0m notebook-56ece9efd1a0-worker-0:600967:600967 [0] NCCL INFO Channel 02/24 : 0 1 2 3
[36m(vLLMHttpServer pid=598852)[0m notebook-56ece9efd1a0-worker-0:600967:600967 [0] NCCL INFO Channel 03/24 : 0 1 2 3
[36m(vLLMHttpServer pid=598852)[0m notebook-56ece9efd1a0-worker-0:600967:600967 [0] NCCL INFO Channel 04/24 : 0 1 2 3
[36m(vLLMHttpServer pid=598852)[0m notebook-56ece9efd1a0-worker-0:600967:600967 [0] NCCL INFO Channel 05/24 : 0 1 2 3
[36m(vLLMHttpServer pid=598852)[0m notebook-56ece9efd1a0-worker-0:600967:600967 [0] NCCL INFO Channel 06/24 : 0 1 2 3
[36m(vLLMHttpServer pid=598852)[0m notebook-56ece9efd1a0-worker-0:600967:600967 [0] NCCL INFO Channel 07/24 : 0 1 2 3
[36m(vLLMHttpServer pid=598852)[0m notebook-56ece9efd1a0-worker-0:600967:600967 [0] NCCL INFO Channel 08/24 : 0 1 2 3
[36m(vLLMHttpServer pid=598852)[0m notebook-56ece9efd1a0-worker-0:600967:600967 [0] NCCL INFO Channel 09/24 : 0 1 2 3
[36m(vLLMHttpServer pid=598852)[0m notebook-56ece9efd1a0-worker-0:600967:600967 [0] NCCL INFO Channel 10/24 : 0 1 2 3
[36m(vLLMHttpServer pid=598852)[0m notebook-56ece9efd1a0-worker-0:600967:600967 [0] NCCL INFO Channel 11/24 : 0 1 2 3
[36m(vLLMHttpServer pid=598852)[0m notebook-56ece9efd1a0-worker-0:600967:600967 [0] NCCL INFO Channel 12/24 : 0 1 2 3
[36m(vLLMHttpServer pid=598852)[0m notebook-56ece9efd1a0-worker-0:600967:600967 [0] NCCL INFO Channel 13/24 : 0 1 2 3
[36m(vLLMHttpServer pid=598852)[0m notebook-56ece9efd1a0-worker-0:600967:600967 [0] NCCL INFO Channel 14/24 : 0 1 2 3
[36m(vLLMHttpServer pid=598852)[0m notebook-56ece9efd1a0-worker-0:600967:600967 [0] NCCL INFO Channel 15/24 : 0 1 2 3
[36m(vLLMHttpServer pid=598852)[0m notebook-56ece9efd1a0-worker-0:600967:600967 [0] NCCL INFO Channel 16/24 : 0 1 2 3
[36m(vLLMHttpServer pid=598852)[0m notebook-56ece9efd1a0-worker-0:600967:600967 [0] NCCL INFO Channel 17/24 : 0 1 2 3
[36m(vLLMHttpServer pid=598852)[0m notebook-56ece9efd1a0-worker-0:600967:600967 [0] NCCL INFO Channel 18/24 : 0 1 2 3
[36m(vLLMHttpServer pid=598852)[0m notebook-56ece9efd1a0-worker-0:600967:600967 [0] NCCL INFO Channel 19/24 : 0 1 2 3
[36m(vLLMHttpServer pid=598852)[0m notebook-56ece9efd1a0-worker-0:600967:600967 [0] NCCL INFO Channel 20/24 : 0 1 2 3
[36m(vLLMHttpServer pid=598852)[0m notebook-56ece9efd1a0-worker-0:600967:600967 [0] NCCL INFO Channel 21/24 : 0 1 2 3
[36m(vLLMHttpServer pid=598852)[0m notebook-56ece9efd1a0-worker-0:600967:600967 [0] NCCL INFO Channel 22/24 : 0 1 2 3
[36m(vLLMHttpServer pid=598852)[0m notebook-56ece9efd1a0-worker-0:600967:600967 [0] NCCL INFO Channel 23/24 : 0 1 2 3
[36m(vLLMHttpServer pid=598852)[0m notebook-56ece9efd1a0-worker-0:600967:600967 [0] NCCL INFO Trees [0] 1/-1/-1->0->-1 [1] 1/-1/-1->0->-1 [2] 1/-1/-1->0->-1 [3] 1/-1/-1->0->-1 [4] 1/-1/-1->0->-1 [5] 1/-1/-1->0->-1 [6] 1/-1/-1->0->-1 [7] 1/-1/-1->0->-1 [8] 1/-1/-1->0->-1 [9] 1/-1/-1->0->-1 [10] 1/-1/-1->0->-1 [11] 1/-1/-1->0->-1 [12] 1/-1/-1->0->-1 [13] 1/-1/-1->0->-1 [14] 1/-1/-1->0->-1 [15] 1/-1/-1->0->-1 [16] 1/-1/-1->0->-1 [17] 1/-1/-1->0->-1 [18] 1/-1/-1->0->-1 [19] 1/-1/-1->0->-1 [20] 1/-1/-1->0->-1 [21] 1/-1/-1->0->-1 [22] 1/-1/-1->0->-1 [23] 1/-1/-1->0->-1
[36m(vLLMHttpServer pid=598852)[0m notebook-56ece9efd1a0-worker-0:600967:600967 [0] NCCL INFO P2P Chunksize set to 524288
[36m(vLLMHttpServer pid=598852)[0m notebook-56ece9efd1a0-worker-0:600967:600967 [0] NCCL INFO Check P2P Type isAllDirectP2p 1 directMode 0
[36m(vLLMHttpServer pid=598852)[0m notebook-56ece9efd1a0-worker-0:600967:602181 [0] NCCL INFO [Proxy Service] Device 0 CPU core 123
[36m(vLLMHttpServer pid=598852)[0m notebook-56ece9efd1a0-worker-0:600967:602184 [0] NCCL INFO [Proxy Service UDS] Device 0 CPU core 124
[36m(vLLMHttpServer pid=598852)[0m notebook-56ece9efd1a0-worker-0:600967:600967 [0] NCCL INFO Channel 00/0 : 0[1] -> 1[2] via P2P/IPC
[36m(vLLMHttpServer pid=598852)[0m notebook-56ece9efd1a0-worker-0:600967:600967 [0] NCCL INFO Channel 0notebook-56ece9efd1a0-worker-0:600968:600968 [1] NCCL INFO Assigned NET plugin Socket to comm
[36m(vLLMHttpServer pid=598852)[0m notebook-56ece9efd1a0-worker-0:600968:600968 [1] NCCL INFO Using network Socket
[36m(vLLMHttpServer pid=598852)[0m notebook-56ece9efd1a0-worker-0:600968:600968 [1] NCCL INFO ncclCommInitRank comm 0x184cc220 rank 1 nranks 4 cudaDev 1 nvmlDev 2 busId a2000 commId 0x354f1900c1ae01d8 - Init START
[36m(vLLMHttpServer pid=598852)[0m notebook-56ece9efd1a0-worker-0:600968:600968 [1] NCCL INFO Bootstrap timings total 0.000813 (create 0.000017, send 0.000116, recv 0.000138, ring 0.000423, delay 0.000000)
[36m(vLLMHttpServer pid=598852)[0m notebook-56ece9efd1a0-worker-0:600968:600968 [1] NCCL INFO MNNVL busId 0xa2000 fabric UUID 0.0 cliqueId 0x0 state 3 healthMask 0x0
[36m(vLLMHttpServer pid=598852)[0m notebook-56ece9efd1a0-worker-0:600968:600968 [1] NCCL INFO Setting affinity for GPU 2 to 0-47,96-143
[36m(vLLMHttpServer pid=598852)[0m notebook-56ece9efd1a0-worker-0:600968:600968 [1] NCCL INFO NVLS multicast support is available on dev 1 (NVLS_NCHANNELS 16)
[36m(vLLMHttpServer pid=598852)[0m notebook-56ece9efd1a0-worker-0:600968:600968 [1] NCCL INFO comm 0x184cc220 rank 1 nRanks 4 nNodes 1 localRanks 4 localRank 1 MNNVL 0
[36m(vLLMHttpServer pid=598852)[0m notebook-56ece9efd1a0-worker-0:600968:600968 [1] NCCL INFO Trees [0] 2/-1/-1->1->0 [1] 2/-1/-1->1->0 [2] 2/-1/-1->1->0 [3] 2/-1/-1->1->0 [4] 2/-1/-1->1->0 [5] 2/-1/-1->1->0 [6] 2/-1/-1->1->0 [7] 2/-1/-1->1->0 [8] 2/-1/-1->1->0 [9] 2/-1/-1->1->0 [10] 2/-1/-1->1->0 [11] 2/-1/-1->1->0 [12] 2/-1/-1->1->0 [13] 2/-1/-1->1->0 [14] 2/-1/-1->1->0 [15] 2/-1/-1->1->0 [16] 2/-1/-1->1->0 [17] 2/-1/-1->1->0 [18] 2/-1/-1->1->0 [19] 2/-1/-1->1->0 [20] 2/-1/-1->1->0 [21] 2/-1/-1->1->0 [22] 2/-1/-1->1->0 [23] 2/-1/-1->1->0
[36m(vLLMHttpServer pid=598852)[0m notebook-56ece9efd1a0-worker-0:600968:600968 [1] NCCL INFO P2P Chunksize set to 524288
[36m(vLLMHttpServer pid=598852)[0m notebook-56ece9efd1a0-worker-0:600968:602177 [1] NCCL INFO [Proxy Service] Device 1 CPU core 37
[36m(vLLMHttpServer pid=598852)[0m notebook-56ece9efd1a0-worker-0:600968:602180 [1] NCCL INFO [Proxy Service UDS] Device 1 CPU core 38
[36m(vLLMHttpServer pid=598852)[0m notebook-56ece9efd1a0-worker-0:600968:600968 [1] NCCL INFO Channel 00/0 : 1[2] -> 2[3] via P2P/IPC
[36m(vLLMHttpServer pid=598852)[0m notebook-56ece9efd1a0-worker-0:600968:600968 [1] NCCL INFO Channel 01/0 : 1[2] -> 2[3] via P2P/IPC
[36m(vLLMHttpServer pid=598852)[0m notebook-56ece9efd1a0-worker-0:600968:600968 [1] NCCL INFO Channel 02/0 : 1[2] -> 2[3] via P2P/IPC
[36m(vLLMHttpServer pid=598852)[0m notebook-56ece9efd1a0-worker-0:600968:600968 [1] NCCL INFO Channel 03/0 : 1[2] -> 2[3] via P2P/IPC
[36m(vLLMHttpServer pid=598852)[0m notebook-56ece9efd1a0-worker-0:600968:600968 [1] NCCL INFO Channel 04/0 : 1[2] -> 2[3] via P2P/IPC
[36m(vLLMHttpServer pid=598852)[0m notebook-56ece9efd1a0-worker-0:600968:600968 [1] NCCL INFO Channel 05/0 : 1[2] -> 2[3] via P2P/IPC
[36m(vLLMHttpServer pid=598852)[0m notebook-56ece9efd1a0-worker-0:600968:600968 [1] NCCL INFO Channel 06/0 : 1[2] -> 2[3] via P2P/IPC
[36m(vLLMHttpServer pid=598852)[0m notebook-56ece9efd1a0-worker-0:600968:600968 [1] NCCL INFO Channel 07/0 : 1[2] -> 2[3] via P2P/IPC
[36m(vLLMHttpServer pid=598852)[0m notebook-56ece9efd1a0-worker-0:600968:600968 [1] NCCL INFO Channel 08/0 : 1[2] -> 2[3] via P2P/IPC
[36m(vLLMHttpServer pid=598852)[0m notebook-56ece9efd1a0-worker-0:600968:600968 [1] NCCL INFO Channel 09/0 : 1[2] -> 2[3] via P2P/IPC
[36m(vLLMHttpServer pid=598852)[0m notebook-56ece9efd1a0-worker-0:600968:600968 [1] NCCL INFO Channel 10/0 : 1[2] -> 2[3] via P2P/IPC
[36m(vLLMHttpServer pid=598852)[0m notebook-56ece9efd1a0-worker-0:600968:600968 [1] NCCL INFO Channel 11/0 : 1[2] -> 2[3] via P2P/IPC
[36m(vLLMHttpServer pid=598852)[0m notebook-56ece9efd1a0-worker-0:600968:600968 [1] NCCL INFO Channel 12/0 : 1[2] -> 2[3] via P2P/IPC
[36m(vLLMHttpServer pid=598852)[0m notebook-56ece9efd1a0-worker-0:600968:600968 [1] NCCL INFO Channel 13/0 : 1[2] -> 2[3] via P2P/IPC
[36m(vLLMHttpServer pid=598852)[0m notebook-56ece9efd1a0-worker-0:600968:600968 [1] NCCL INFO Channel 14/0 : 1[2] -> 2[3] via P2P/IPC
[36m(vLLMHttpServer pid=598852)[0m notebook-56ece9efd1a0-worker-0:600968:600968 [1] NCCL INFO Channel 15/0 : 1[2] -> 2[3] via P2P/IPC
[36m(vLLMHttpServer pid=598852)[0m notebook-56ece9efd1a0-worker-0:600968:600968 [1] NCCL INFO Channel 16/0 : 1[2] -> 2[3] via P2P/IPC
[36m(vLLMHttpServer pid=598852)[0m notebook-56ece9efd1a0-worker-0:600968:600968 [1] NCCL INFO Channel 17/0 : 1[2] -> 2[3] via P2P/IPC
[36m(vLLMHttpServer pid=598852)[0m notebook-56ece9efd1a0-worker-0:600968:600968 [1] NCCL INFO Channel 18/0 : 1[2] -> 2[3] via P2P/IPC
[36m(vLLMHttpServer pid=598852)[0m notebook-56ece9efd1a0-worker-0:600968:600968 [1] NCCL INFO Channel 19/0 : 1[2] -> 2[3] via P2P/IPC
[36m(vLLMHttpServer pid=598852)[0m notebook-56ece9efd1a0-worker-0:600968:600968 [1] NCCL INFO Channel 20/0 : 1[2] -> 2[3] via P2P/IPC
[36m(vLLMHttpServer pid=598852)[0m notebook-56ece9efd1a0-worker-0:600968:600968 [1] NCCL INFO Channel 21/0 : 1[2] -> 2[3] via P2P/IPC
[36m(vLLMHttpServer pid=598852)[0m notebook-56ece9efd1a0-worker-0:600968:600968 [1] NCCL INFO Channel 22/0 : 1[2] -> 2[3] via P2P/IPC
[36m(vLLMHttpServer pid=598852)[0m notebook-56enotebook-56ece9efd1a0-worker-0:600969:600969 [2] NCCL INFO Assigned NET plugin Socket to comm
[36m(vLLMHttpServer pid=598852)[0m notebook-56ece9efd1a0-worker-0:600969:600969 [2] NCCL INFO Using network Socket
[36m(vLLMHttpServer pid=598852)[0m notebook-56ece9efd1a0-worker-0:600969:600969 [2] NCCL INFO ncclCommInitRank comm 0x184eccb0 rank 2 nranks 4 cudaDev 2 nvmlDev 3 busId c6000 commId 0x354f1900c1ae01d8 - Init START
[36m(vLLMHttpServer pid=598852)[0m notebook-56ece9efd1a0-worker-0:600969:600969 [2] NCCL INFO Bootstrap timings total 0.001524 (create 0.000015, send 0.000111, recv 0.001142, ring 0.000153, delay 0.000000)
[36m(vLLMHttpServer pid=598852)[0m notebook-56ece9efd1a0-worker-0:600969:600969 [2] NCCL INFO MNNVL busId 0xc6000 fabric UUID 0.0 cliqueId 0x0 state 3 healthMask 0x0
[36m(vLLMHttpServer pid=598852)[0m notebook-56ece9efd1a0-worker-0:600969:600969 [2] NCCL INFO Setting affinity for GPU 3 to 0-47,96-143
[36m(vLLMHttpServer pid=598852)[0m notebook-56ece9efd1a0-worker-0:600969:600969 [2] NCCL INFO NVLS multicast support is available on dev 2 (NVLS_NCHANNELS 16)
[36m(vLLMHttpServer pid=598852)[0m notebook-56ece9efd1a0-worker-0:600969:600969 [2] NCCL INFO comm 0x184eccb0 rank 2 nRanks 4 nNodes 1 localRanks 4 localRank 2 MNNVL 0
[36m(vLLMHttpServer pid=598852)[0m notebook-56ece9efd1a0-worker-0:600969:600969 [2] NCCL INFO Trees [0] 3/-1/-1->2->1 [1] 3/-1/-1->2->1 [2] 3/-1/-1->2->1 [3] 3/-1/-1->2->1 [4] 3/-1/-1->2->1 [5] 3/-1/-1->2->1 [6] 3/-1/-1->2->1 [7] 3/-1/-1->2->1 [8] 3/-1/-1->2->1 [9] 3/-1/-1->2->1 [10] 3/-1/-1->2->1 [11] 3/-1/-1->2->1 [12] 3/-1/-1->2->1 [13] 3/-1/-1->2->1 [14] 3/-1/-1->2->1 [15] 3/-1/-1->2->1 [16] 3/-1/-1->2->1 [17] 3/-1/-1->2->1 [18] 3/-1/-1->2->1 [19] 3/-1/-1->2->1 [20] 3/-1/-1->2->1 [21] 3/-1/-1->2->1 [22] 3/-1/-1->2->1 [23] 3/-1/-1->2->1
[36m(vLLMHttpServer pid=598852)[0m notebook-56ece9efd1a0-worker-0:600969:600969 [2] NCCL INFO P2P Chunksize set to 524288
[36m(vLLMHttpServer pid=598852)[0m notebook-56ece9efd1a0-worker-0:600969:602178 [2] NCCL INFO [Proxy Service] Device 2 CPU core 127
[36m(vLLMHttpServer pid=598852)[0m notebook-56ece9efd1a0-worker-0:600969:602182 [2] NCCL INFO [Proxy Service UDS] Device 2 CPU core 128
[36m(vLLMHttpServer pid=598852)[0m notebook-56ece9efd1a0-worker-0:600969:600969 [2] NCCL INFO Channel 00/0 : 2[3] -> 3[4] via P2P/IPC
[36m(vLLMHttpServer pid=598852)[0m notebook-56ece9efd1a0-worker-0:600969:600969 [2] NCCL INFO Channel 01/0 : 2[3] -> 3[4] via P2P/IPC
[36m(vLLMHttpServer pid=598852)[0m notebook-56ece9efd1a0-worker-0:600969:600969 [2] NCCL INFO Channel 02/0 : 2[3] -> 3[4] via P2P/IPC
[36m(vLLMHttpServer pid=598852)[0m notebook-56ece9efd1a0-worker-0:600969:600969 [2] NCCL INFO Channel 03/0 : 2[3] -> 3[4] via P2P/IPC
[36m(vLLMHttpServer pid=598852)[0m notebook-56ece9efd1a0-worker-0:600969:600969 [2] NCCL INFO Channel 04/0 : 2[3] -> 3[4] via P2P/IPC
[36m(vLLMHttpServer pid=598852)[0m notebook-56ece9efd1a0-worker-0:600969:600969 [2] NCCL INFO Channel 05/0 : 2[3] -> 3[4] via P2P/IPC
[36m(vLLMHttpServer pid=598852)[0m notebook-56ece9efd1a0-worker-0:600969:600969 [2] NCCL INFO Channel 06/0 : 2[3] -> 3[4] via P2P/IPC
[36m(vLLMHttpServer pid=598852)[0m notebook-56ece9efd1a0-worker-0:600969:600969 [2] NCCL INFO Channel 07/0 : 2[3] -> 3[4] via P2P/IPC
[36m(vLLMHttpServer pid=598852)[0m notebook-56ece9efd1a0-worker-0:600969:600969 [2] NCCL INFO Channel 08/0 : 2[3] -> 3[4] via P2P/IPC
[36m(vLLMHttpServer pid=598852)[0m notebook-56ece9efd1a0-worker-0:600969:600969 [2] NCCL INFO Channel 09/0 : 2[3] -> 3[4] via P2P/IPC
[36m(vLLMHttpServer pid=598852)[0m notebook-56ece9efd1a0-worker-0:600969:600969 [2] NCCL INFO Channel 10/0 : 2[3] -> 3[4] via P2P/IPC
[36m(vLLMHttpServer pid=598852)[0m notebook-56ece9efd1a0-worker-0:600969:600969 [2] NCCL INFO Channel 11/0 : 2[3] -> 3[4] via P2P/IPC
[36m(vLLMHttpServer pid=598852)[0m notebook-56ece9efd1a0-worker-0:600969:600969 [2] NCCL INFO Channel 12/0 : 2[3] -> 3[4] via P2P/IPC
[36m(vLLMHttpServer pid=598852)[0m notebook-56ece9efd1a0-worker-0:600969:600969 [2] NCCL INFO Channel 13/0 : 2[3] -> 3[4] via P2P/IPC
[36m(vLLMHttpServer pid=598852)[0m notebook-56ece9efd1a0-worker-0:600969:600969 [2] NCCL INFO Channel 14/0 : 2[3] -> 3[4] via P2P/IPC
[36m(vLLMHttpServer pid=598852)[0m notebook-56ece9efd1a0-worker-0:600969:600969 [2] NCCL INFO Channel 15/0 : 2[3] -> 3[4] via P2P/IPC
[36m(vLLMHttpServer pid=598852)[0m notebook-56ece9efd1a0-worker-0:600969:600969 [2] NCCL INFO Channel 16/0 : 2[3] -> 3[4] via P2P/IPC
[36m(vLLMHttpServer pid=598852)[0m notebook-56ece9efd1a0-worker-0:600969:600969 [2] NCCL INFO Channel 17/0 : 2[3] -> 3[4] via P2P/IPC
[36m(vLLMHttpServer pid=598852)[0m notebook-56ece9efd1a0-worker-0:600969:600969 [2] NCCL INFO Channel 18/0 : 2[3] -> 3[4] via P2P/IPC
[36m(vLLMHttpServer pid=598852)[0m notebook-56ece9efd1a0-worker-0:600969:600969 [2] NCCL INFO Channel 19/0 : 2[3] -> 3[4] via P2P/IPC
[36m(vLLMHttpServer pid=598852)[0m notebook-56ece9efd1a0-worker-0:600969:600969 [2] NCCL INFO Channel 20/0 : 2[3] -> 3[4] via P2P/IPC
[36m(vLLMHttpServer pid=598852)[0m notebook-56ece9efd1a0-worker-0:600969:600969 [2] NCCL INFO Channel 21/0 : 2[3] -> 3[4] via P2P/IPC
[36m(vLLMHttpServer pid=598852)[0m notebook-56ece9efd1a0-worker-0:600969:600969 [2] NCCL INFO Channel 22/0 : 2[3] -> 3[4] via P2P/IPC
[36m(vLLMHttpServer pid=598852)[0m notebook-5notebook-56ece9efd1a0-worker-0:600970:600970 [3] NCCL INFO Assigned NET plugin Socket to comm
[36m(vLLMHttpServer pid=598852)[0m notebook-56ece9efd1a0-worker-0:600970:600970 [3] NCCL INFO Using network Socket
[36m(vLLMHttpServer pid=598852)[0m notebook-56ece9efd1a0-worker-0:600970:600970 [3] NCCL INFO ncclCommInitRank comm 0x184b6930 rank 3 nranks 4 cudaDev 3 nvmlDev 4 busId 109000 commId 0x354f1900c1ae01d8 - Init START
[36m(vLLMHttpServer pid=598852)[0m notebook-56ece9efd1a0-worker-0:600970:600970 [3] NCCL INFO Bootstrap timings total 0.000492 (create 0.000026, send 0.000141, recv 0.000115, ring 0.000076, delay 0.000000)
[36m(vLLMHttpServer pid=598852)[0m notebook-56ece9efd1a0-worker-0:600970:600970 [3] NCCL INFO MNNVL busId 0x109000 fabric UUID 0.0 cliqueId 0x0 state 3 healthMask 0x0
[36m(vLLMHttpServer pid=598852)[0m notebook-56ece9efd1a0-worker-0:600970:600970 [3] NCCL INFO Setting affinity for GPU 4 to 48-91,144-187
[36m(vLLMHttpServer pid=598852)[0m notebook-56ece9efd1a0-worker-0:600970:600970 [3] NCCL INFO NVLS multicast support is available on dev 3 (NVLS_NCHANNELS 16)
[36m(vLLMHttpServer pid=598852)[0m notebook-56ece9efd1a0-worker-0:600970:600970 [3] NCCL INFO comm 0x184b6930 rank 3 nRanks 4 nNodes 1 localRanks 4 localRank 3 MNNVL 0
[36m(vLLMHttpServer pid=598852)[0m notebook-56ece9efd1a0-worker-0:600970:600970 [3] NCCL INFO Trees [0] -1/-1/-1->3->2 [1] -1/-1/-1->3->2 [2] -1/-1/-1->3->2 [3] -1/-1/-1->3->2 [4] -1/-1/-1->3->2 [5] -1/-1/-1->3->2 [6] -1/-1/-1->3->2 [7] -1/-1/-1->3->2 [8] -1/-1/-1->3->2 [9] -1/-1/-1->3->2 [10] -1/-1/-1->3->2 [11] -1/-1/-1->3->2 [12] -1/-1/-1->3->2 [13] -1/-1/-1->3->2 [14] -1/-1/-1->3->2 [15] -1/-1/-1->3->2 [16] -1/-1/-1->3->2 [17] -1/-1/-1->3->2 [18] -1/-1/-1->3->2 [19] -1/-1/-1->3->2 [20] -1/-1/-1->3->2 [21] -1/-1/-1->3->2 [22] -1/-1/-1->3->2 [23] -1/-1/-1->3->2
[36m(vLLMHttpServer pid=598852)[0m notebook-56ece9efd1a0-worker-0:600970:600970 [3] NCCL INFO P2P Chunksize set to 524288
[36m(vLLMHttpServer pid=598852)[0m notebook-56ece9efd1a0-worker-0:600970:602179 [3] NCCL INFO [Proxy Service] Device 3 CPU core 147
[36m(vLLMHttpServer pid=598852)[0m notebook-56ece9efd1a0-worker-0:600970:602183 [3] NCCL INFO [Proxy Service UDS] Device 3 CPU core 150
[36m(vLLMHttpServer pid=598852)[0m notebook-56ece9efd1a0-worker-0:600970:600970 [3] NCCL INFO Channel 00/0 : 3[4] -> 0[1] via P2P/IPC
[36m(vLLMHttpServer pid=598852)[0m notebook-56ece9efd1a0-worker-0:600970:600970 [3] NCCL INFO Channel 01/0 : 3[4] -> 0[1] via P2P/IPC
[36m(vLLMHttpServer pid=598852)[0m notebook-56ece9efd1a0-worker-0:600970:600970 [3] NCCL INFO Channel 02/0 : 3[4] -> 0[1] via P2P/IPC
[36m(vLLMHttpServer pid=598852)[0m notebook-56ece9efd1a0-worker-0:600970:600970 [3] NCCL INFO Channel 03/0 : 3[4] -> 0[1] via P2P/IPC
[36m(vLLMHttpServer pid=598852)[0m notebook-56ece9efd1a0-worker-0:600970:600970 [3] NCCL INFO Channel 04/0 : 3[4] -> 0[1] via P2P/IPC
[36m(vLLMHttpServer pid=598852)[0m notebook-56ece9efd1a0-worker-0:600970:600970 [3] NCCL INFO Channel 05/0 : 3[4] -> 0[1] via P2P/IPC[36m(vLLMHttpServer pid=598852)[0m [1;36m(Worker_TP0 pid=600967)[0;0m Loading safetensors checkpoint shards:   0% Completed | 0/17 [00:00<?, ?it/s]
[36m(vLLMHttpServer pid=598852)[0m [1;36m(Worker_TP0 pid=600967)[0;0m Loading safetensors checkpoint shards:   6% Completed | 1/17 [00:00<00:03,  5.32it/s]
[36m(vLLMHttpServer pid=598852)[0m [1;36m(Worker_TP0 pid=600967)[0;0m Loading safetensors checkpoint shards:  12% Completed | 2/17 [00:00<00:03,  4.80it/s]
[36m(vLLMHttpServer pid=598852)[0m [1;36m(Worker_TP0 pid=600967)[0;0m Loading safetensors checkpoint shards:  18% Completed | 3/17 [00:00<00:03,  4.52it/s]
[36m(vLLMHttpServer pid=598852)[0m [1;36m(Worker_TP0 pid=600967)[0;0m Loading safetensors checkpoint shards:  24% Completed | 4/17 [00:00<00:02,  4.44it/s]
[36m(vLLMHttpServer pid=598852)[0m [1;36m(Worker_TP0 pid=600967)[0;0m Loading safetensors checkpoint shards:  29% Completed | 5/17 [00:01<00:02,  4.39it/s]
[36m(vLLMHttpServer pid=598852)[0m [1;36m(Worker_TP0 pid=600967)[0;0m Loading safetensors checkpoint shards:  35% Completed | 6/17 [00:01<00:02,  4.30it/s]
[36m(vLLMHttpServer pid=598852)[0m [1;36m(Worker_TP0 pid=600967)[0;0m Loading safetensors checkpoint shards:  41% Completed | 7/17 [00:01<00:02,  4.22it/s]
[36m(vLLMHttpServer pid=598852)[0m [1;36m(Worker_TP0 pid=600967)[0;0m Loading safetensors checkpoint shards:  47% Completed | 8/17 [00:01<00:02,  4.18it/s]
[36m(vLLMHttpServer pid=598852)[0m [1;36m(Worker_TP0 pid=600967)[0;0m Loading safetensors checkpoint shards:  53% Completed | 9/17 [00:02<00:01,  4.18it/s]
[36m(vLLMHttpServer pid=598852)[0m [1;36m(Worker_TP0 pid=600967)[0;0m Loading safetensors checkpoint shards:  59% Completed | 10/17 [00:02<00:01,  4.18it/s]
[36m(vLLMHttpServer pid=598852)[0m [1;36m(Worker_TP0 pid=600967)[0;0m Loading safetensors checkpoint shards:  65% Completed | 11/17 [00:02<00:01,  4.18it/s]
[36m(vLLMHttpServer pid=598852)[0m [1;36m(Worker_TP0 pid=600967)[0;0m Loading safetensors checkpoint shards:  71% Completed | 12/17 [00:02<00:01,  4.09it/s]
[36m(vLLMHttpServer pid=598852)[0m [1;36m(Worker_TP0 pid=600967)[0;0m Loading safetensors checkpoint shards:  76% Completed | 13/17 [00:03<00:00,  4.08it/s]
[36m(vLLMHttpServer pid=598852)[0m [1;36m(Worker_TP0 pid=600967)[0;0m Loading safetensors checkpoint shards:  82% Completed | 14/17 [00:03<00:00,  4.03it/s]
[36m(vLLMHttpServer pid=598852)[0m [1;36m(Worker_TP0 pid=600967)[0;0m Loading safetensors checkpoint shards:  88% Completed | 15/17 [00:03<00:00,  4.14it/s]
[36m(vLLMHttpServer pid=598852)[0m [1;36m(Worker_TP0 pid=600967)[0;0m Loading safetensors checkpoint shards:  94% Completed | 16/17 [00:03<00:00,  4.17it/s]
[36m(vLLMHttpServer pid=598852)[0m [1;36m(Worker_TP0 pid=600967)[0;0m Loading safetensors checkpoint shards: 100% Completed | 17/17 [00:03<00:00,  4.52it/s]
[36m(vLLMHttpServer pid=598852)[0m [1;36m(Worker_TP0 pid=600967)[0;0m Loading safetensors checkpoint shards: 100% Completed | 17/17 [00:03<00:00,  4.29it/s]
[36m(vLLMHttpServer pid=598852)[0m [1;36m(Worker_TP0 pid=600967)[0;0m 

[36m(vLLMHttpServer pid=598852)[0m notebook-56ece9efd1a0-worker-0:600970:600970 [3] NCCL INFO Channel 06/0 : 3[4] -> 0[1] via P2P/IPC
[36m(vLLMHttpServer pid=598852)[0m notebook-56ece9efd1a0-worker-0:600970:600970 [3] NCCL INFO Channel 07/0 : 3[4] -> 0[1] via P2P/IPC
[36m(vLLMHttpServer pid=598852)[0m notebook-56ece9efd1a0-worker-0:600970:600970 [3] NCCL INFO Channel 08/0 : 3[4] -> 0[1] via P2P/IPC
[36m(vLLMHttpServer pid=598852)[0m notebook-56ece9efd1a0-worker-0:600970:600970 [3] NCCL INFO Channel 09/0 : 3[4] -> 0[1] via P2P/IPC
[36m(vLLMHttpServer pid=598852)[0m notebook-56ece9efd1a0-worker-0:600970:600970 [3] NCCL INFO Channel 10/0 : 3[4] -> 0[1] via P2P/IPC
[36m(vLLMHttpServer pid=598852)[0m notebook-56ece9efd1a0-worker-0:600970:600970 [3] NCCL INFO Channel 11/0 : 3[4] -> 0[1] via P2P/IPC
[36m(vLLMHttpServer pid=598852)[0m notebook-56ece9efd1a0-worker-0:600970:600970 [3] NCCL INFO Channel 12/0 : 3[4] -> 0[1] via P2P/IPC
[36m(vLLMHttpServer pid=598852)[0m notebook-56ece9efd1a0-worker-0:600970:600970 [3] NCCL INFO Channel 13/0 : 3[4] -> 0[1] via P2P/IPC
[36m(vLLMHttpServer pid=598852)[0m notebook-56ece9efd1a0-worker-0:600970:600970 [3] NCCL INFO Channel 14/0 : 3[4] -> 0[1] via P2P/IPC
[36m(vLLMHttpServer pid=598852)[0m notebook-56ece9efd1a0-worker-0:600970:600970 [3] NCCL INFO Channel 15/0 : 3[4] -> 0[1] via P2P/IPC
[36m(vLLMHttpServer pid=598852)[0m notebook-56ece9efd1a0-worker-0:600970:600970 [3] NCCL INFO Channel 16/0 : 3[4] -> 0[1] via P2P/IPC
[36m(vLLMHttpServer pid=598852)[0m notebook-56ece9efd1a0-worker-0:600970:600970 [3] NCCL INFO Channel 17/0 : 3[4] -> 0[1] via P2P/IPC
[36m(vLLMHttpServer pid=598852)[0m notebook-56ece9efd1a0-worker-0:600970:600970 [3] NCCL INFO Channel 18/0 : 3[4] -> 0[1] via P2P/IPC
[36m(vLLMHttpServer pid=598852)[0m notebook-56ece9efd1a0-worker-0:600970:600970 [3] NCCL INFO Channel 19/0 : 3[4] -> 0[1] via P2P/IPC
[36m(vLLMHttpServer pid=598852)[0m notebook-56ece9efd1a0-worker-0:600970:600970 [3] NCCL INFO Channel 20/0 : 3[4] -> 0[1] via P2P/IPC
[36m(vLLMHttpServer pid=598852)[0m notebook-56ece9efd1a0-worker-0:600970:600970 [3] NCCL INFO Channel 21/0 : 3[4] -> 0[1] via P2P/IPC
[36m(vLLMHttpServer pid=598852)[0m notebook-56ece9efd1a0-worker-0:600970:600970 [3] NCCL INFO Channel 22/0 : 3[4] ->
[36m(vLLMHttpServer pid=598852)[0m 6ece9efd1a0-worker-0:600969:600969 [2] NCCL INFO Channel 23/0 : 2[3] -> 3[4] via P2P/IPC
[36m(vLLMHttpServer pid=598852)[0m notebook-56ece9efd1a0-worker-0:600969:600969 [2] NCCL INFO Connected all rings, use ring PXN 0 GDR 1
[36m(vLLMHttpServer pid=598852)[0m notebook-56ece9efd1a0-worker-0:600969:600969 [2] NCCL INFO Channel 00/0 : 2[3] -> 1[2] via P2P/IPC
[36m(vLLMHttpServer pid=598852)[0m notebook-56ece9efd1a0-worker-0:600969:600969 [2] NCCL INFO Channel 01/0 : 2[3] -> 1[2] via P2P/IPC
[36m(vLLMHttpServer pid=598852)[0m notebook-56ece9efd1a0-worker-0:600969:600969 [2] NCCL INFO Channel 02/0 : 2[3] -> 1[2] via P2P/IPC
[36m(vLLMHttpServer pid=598852)[0m notebook-56ece9efd1a0-worker-0:600969:600969 [2] NCCL INFO Channel 03/0 : 2[3] -> 1[2] via P2P/IPC
[36m(vLLMHttpServer pid=598852)[0m notebook-56ece9efd1a0-worker-0:600969:600969 [2] NCCL INFO Channel 04/0 : 2[3] -> 1[2] via P2P/IPC
[36m(vLLMHttpServer pid=598852)[0m notebook-56ece9efd1a0-worker-0:600969:600969 [2] NCCL INFO Channel 05/0 : 2[3] -> 1[2] via P2P/IPC
[36m(vLLMHttpServer pid=598852)[0m notebook-56ece9efd1a0-worker-0:600969:600969 [2] NCCL INFO Channel 06/0 : 2[3] -> 1[2] via P2P/IPC
[36m(vLLMHttpServer pid=598852)[0m notebook-56ece9efd1a0-worker-0:600969:600969 [2] NCCL INFO Channel 07/0 : 2[3] -> 1[2] via P2P/IPC
[36m(vLLMHttpServer pid=598852)[0m notebook-56ece9efd1a0-worker-0:600969:600969 [2] NCCL INFO Channel 08/0 : 2[3] -> 1[2] via P2P/IPC
[36m(vLLMHttpServer pid=598852)[0m notebook-56ece9efd1a0-worker-0:600969:600969 [2] NCCL INFO Channel 09/0 : 2[3] -> 1[2] via P2P/IPC
[36m(vLLMHttpServer pid=598852)[0m notebook-56ece9efd1a0-worker-0:600969:600969 [2] NCCL INFO Channel 10/0 : 2[3] -> 1[2] via P2P/IPC
[36m(vLLMHttpServer pid=598852)[0m notebook-56ece9efd1a0-worker-0:600969:600969 [2] NCCL INFO Channel 11/0 : 2[3] -> 1[2] via P2P/IPC
[36m(vLLMHttpServer pid=598852)[0m notebook-56ece9efd1a0-worker-0:600969:600969 [2] NCCL INFO Channel 12/0 : 2[3] -> 1[2] via P2P/IPC
[36m(vLLMHttpServer pid=598852)[0m notebook-56ece9efd1a0-worker-0:600969:600969 [2] NCCL INFO Channel 13/0 : 2[3] -> 1[2] via P2P/IPC
[36m(vLLMHttpServer pid=598852)[0m notebook-56ece9efd1a0-worker-0:600969:600969 [2] NCCL INFO Channel 14/0 : 2[3] -> 1[2] via P2P/IPC
[36m(vLLMHttpServer pid=598852)[0m notebook-56ece9efd1a0-worker-0:600969:600969 [2] NCCL INFO Channel 15/0 : 2[3] -> 1[2] via P2P/IPC
[36m(vLLMHttpServer pid=598852)[0m notebook-56ece9efd1a0-worker-0:600969:600969 [2] NCCL INFO Channel 16/0 : 2[3] -> 1[2] via P2P/IPC
[36m(vLLMHttpServer pid=598852)[0m notebook-56ece9efd1a0-worker-0:600969:600969 [2] NCCL INFO Channel 17/0 : 2[3] -> 1[2] via P2P/IPC
[36m(vLLMHttpServer pid=598852)[0m notebook-56ece9efd1a0-worker-0:600969:600969 [2] NCCL INFO Channel 18/0 : 2[3] -> 1[2] via P2P/IPC
[36m(vLLMHttpServer pid=598852)[0m notebook-56ece9efd1a0-worker-0:600969:600969 [2] NCCL INFO Channel 19/0 : 2[3] -> 1[2] via P2P/IPC
[36m(vLLMHttpServer pid=598852)[0m notebook-56ece9efd1a0-worker-0:600969:600969 [2] NCCL INFO Channel 20/0 : 2[3] -> 1[2] via P2P/IPC
[36m(vLLMHttpServer pid=598852)[0m notebook-56ece9efd1a0-worker-0:600969:600969 [2] NCCL INFO Channel 21/0 : 2[3] -> 1[2] via P2P/IPC
[36m(vLLMHttpServer pid=598852)[0m notebook-56ece9efd1a0-worker-0:600969:600969 [2] NCCL INFO Channel 22/0 : 2[3] -> 1[2] via P2P/IPC
[36m(vLLMHttpServer pid=598852)[0m notebook-56ece9efd1a0-worker-0:600969:600969 [2] NCCL INFO Channel 23/0 : 2[3] -> 1[2] via P2P/IPC
[36m(vLLMHttpServer pid=598852)[0m notebook-56ece9efd1a0-worker-0:600969:600969 [2] NCCL INFO Connected all trees
[36m(vLLMHttpServer pid=598852)[0m notebook-56ece9efd1a0-worker-0:600969:600969 [2] NCCL INFO NVLS comm 0x184eccb0 headRank 2 nHeads 4 nvlsRanks 4 buffSize 1048576 nvlsPerRankSize 33554432 nvlsTotalSize 134217728
[36m(vLLMHttpServer pid=598852)[0m notebook-56ece9efd1a0-worker-0:600969:602188 [2] NCCL INFO [Proxy Progress] Device 2 CPU core 128
[36m(vLLMHttpServer pid=598852)[0m notebook-56ece9efd1a0-worker-0:600969:600969 [2] NCCL INFO threadThresholds 8/8/64 | 32/8/64 | 512 | 512
[36m(vLLMHttpServer pid=598852)[0m notebook-56ece9efd1a0-worker-0:600969:600969 [2] NCCL INFO 24 coll channels, 24 collnet channels, 16 nvls channels, 32 p2p channels, 32 p2p channels per peer
[36m(vLLMHttpServer pid=598852)[0m notebook-56ece9efd1a0-worker-0:600969:600969 [2] NCCL INFO ncclCommInitRank comm 0x184eccb0 rank 2 nranks 4 cudaDev 2 nvmlDev 3 busId c6000 commId 0x354f1900c1ae01d8 - Init COMPLETE
[36m(vLLMHttpServer pid=598852)[0m notebook-56ece9efd1a0-worker-0:600969:600969 [2] NCCL INFO Init timings - ncclCommInitRank: rank 2 nranks 4 total 0.35 (kernels 0.00, alloc 0.00, bootstrap 0.00, allgathers 0.01, topo 0.02, graphs 0.01, connections 0.31, rest 0.00)
[36m(vLLMHttpServer pid=598852)[0m notebook-56ece9efd1a0-worker-0:600969:600969 [2] NCCL INFO Comm config Blocking set to 1
[36m(vLLMHttpServer pid=598852)[0m notebook-56ece9efd1a0-worker-0:600969:602776 [2] NCCL INFO Assigned NET plugin Socket to comm
[36m(vLLMHttpServer pid=598852)[0m notebook-56ece9efd1a0-worker-0:600969:602776 [2] NCCL INFO Using network Socket
[36m(vLLMHttpServer pid=598852)[0m notebook-56ece9efd1a0-worker-0:600969:602776 [2] NCCL INFO ncclCommInitRankConfig comm 0x3aaf4c50 rank 2 nranks 4 cudaDev 2 nvmlDev 3 busId c6000 commId 0x4b6e773e3224ebf8 - Init START
[36m(vLLMHttpServer pid=598852)[0m notebook-56ece9efd1a0-worker-0:600969:602776 [2] Nce9efd1a0-worker-0:600968:600968 [1] NCCL INFO Channel 23/0 : 1[2] -> 2[3] via P2P/IPC
[36m(vLLMHttpServer pid=598852)[0m notebook-56ece9efd1a0-worker-0:600968:600968 [1] NCCL INFO Connected all rings, use ring PXN 0 GDR 1
[36m(vLLMHttpServer pid=598852)[0m notebook-56ece9efd1a0-worker-0:600968:600968 [1] NCCL INFO Channel 00/0 : 1[2] -> 0[1] via P2P/IPC
[36m(vLLMHttpServer pid=598852)[0m notebook-56ece9efd1a0-worker-0:600968:600968 [1] NCCL INFO Channel 01/0 : 1[2] -> 0[1] via P2P/IPC
[36m(vLLMHttpServer pid=598852)[0m notebook-56ece9efd1a0-worker-0:600968:600968 [1] NCCL INFO Channel 02/0 : 1[2] -> 0[1] via P2P/IPC
[36m(vLLMHttpServer pid=598852)[0m notebook-56ece9efd1a0-worker-0:600968:600968 [1] NCCL INFO Channel 03/0 : 1[2] -> 0[1] via P2P/IPC
[36m(vLLMHttpServer pid=598852)[0m notebook-56ece9efd1a0-worker-0:600968:600968 [1] NCCL INFO Channel 04/0 : 1[2] -> 0[1] via P2P/IPC
[36m(vLLMHttpServer pid=598852)[0m notebook-56ece9efd1a0-worker-0:600968:600968 [1] NCCL INFO Channel 05/0 : 1[2] -> 0[1] via P2P/IPC
[36m(vLLMHttpServer pid=598852)[0m notebook-56ece9efd1a0-worker-0:600968:600968 [1] NCCL INFO Channel 06/0 : 1[2] -> 0[1] via P2P/IPC
[36m(vLLMHttpServer pid=598852)[0m notebook-56ece9efd1a0-worker-0:600968:600968 [1] NCCL INFO Channel 07/0 : 1[2] -> 0[1] via P2P/IPC
[36m(vLLMHttpServer pid=598852)[0m notebook-56ece9efd1a0-worker-0:600968:600968 [1] NCCL INFO Channel 08/0 : 1[2] -> 0[1] via P2P/IPC
[36m(vLLMHttpServer pid=598852)[0m notebook-56ece9efd1a0-worker-0:600968:600968 [1] NCCL INFO Channel 09/0 : 1[2] -> 0[1] via P2P/IPC
[36m(vLLMHttpServer pid=598852)[0m notebook-56ece9efd1a0-worker-0:600968:600968 [1] NCCL INFO Channel 10/0 : 1[2] -> 0[1] via P2P/IPC
[36m(vLLMHttpServer pid=598852)[0m notebook-56ece9efd1a0-worker-0:600968:600968 [1] NCCL INFO Channel 11/0 : 1[2] -> 0[1] via P2P/IPC
[36m(vLLMHttpServer pid=598852)[0m notebook-56ece9efd1a0-worker-0:600968:600968 [1] NCCL INFO Channel 12/0 : 1[2] -> 0[1] via P2P/IPC
[36m(vLLMHttpServer pid=598852)[0m notebook-56ece9efd1a0-worker-0:600968:600968 [1] NCCL INFO Channel 13/0 : 1[2] -> 0[1] via P2P/IPC
[36m(vLLMHttpServer pid=598852)[0m notebook-56ece9efd1a0-worker-0:600968:600968 [1] NCCL INFO Channel 14/0 : 1[2] -> 0[1] via P2P/IPC
[36m(vLLMHttpServer pid=598852)[0m notebook-56ece9efd1a0-worker-0:600968:600968 [1] NCCL INFO Channel 15/0 : 1[2] -> 0[1] via P2P/IPC
[36m(vLLMHttpServer pid=598852)[0m notebook-56ece9efd1a0-worker-0:600968:600968 [1] NCCL INFO Channel 16/0 : 1[2] -> 0[1] via P2P/IPC
[36m(vLLMHttpServer pid=598852)[0m notebook-56ece9efd1a0-worker-0:600968:600968 [1] NCCL INFO Channel 17/0 : 1[2] -> 0[1] via P2P/IPC
[36m(vLLMHttpServer pid=598852)[0m notebook-56ece9efd1a0-worker-0:600968:600968 [1] NCCL INFO Channel 18/0 : 1[2] -> 0[1] via P2P/IPC
[36m(vLLMHttpServer pid=598852)[0m notebook-56ece9efd1a0-worker-0:600968:600968 [1] NCCL INFO Channel 19/0 : 1[2] -> 0[1] via P2P/IPC
[36m(vLLMHttpServer pid=598852)[0m notebook-56ece9efd1a0-worker-0:600968:600968 [1] NCCL INFO Channel 20/0 : 1[2] -> 0[1] via P2P/IPC
[36m(vLLMHttpServer pid=598852)[0m notebook-56ece9efd1a0-worker-0:600968:600968 [1] NCCL INFO Channel 21/0 : 1[2] -> 0[1] via P2P/IPC
[36m(vLLMHttpServer pid=598852)[0m notebook-56ece9efd1a0-worker-0:600968:600968 [1] NCCL INFO Channel 22/0 : 1[2] -> 0[1] via P2P/IPC
[36m(vLLMHttpServer pid=598852)[0m notebook-56ece9efd1a0-worker-0:600968:600968 [1] NCCL INFO Channel 23/0 : 1[2] -> 0[1] via P2P/IPC
[36m(vLLMHttpServer pid=598852)[0m notebook-56ece9efd1a0-worker-0:600968:600968 [1] NCCL INFO Connected all trees
[36m(vLLMHttpServer pid=598852)[0m notebook-56ece9efd1a0-worker-0:600968:600968 [1] NCCL INFO NVLS comm 0x184cc220 headRank 1 nHeads 4 nvlsRanks 4 buffSize 1048576 nvlsPerRankSize 33554432 nvlsTotalSize 134217728
[36m(vLLMHttpServer pid=598852)[0m notebook-56ece9efd1a0-worker-0:600968:602186 [1] NCCL INFO [Proxy Progress] Device 1 CPU core 38
[36m(vLLMHttpServer pid=598852)[0m notebook-56ece9efd1a0-worker-0:600968:600968 [1] NCCL INFO threadThresholds 8/8/64 | 32/8/64 | 512 | 512
[36m(vLLMHttpServer pid=598852)[0m notebook-56ece9efd1a0-worker-0:600968:600968 [1] NCCL INFO 24 coll channels, 24 collnet channels, 16 nvls channels, 32 p2p channels, 32 p2p channels per peer
[36m(vLLMHttpServer pid=598852)[0m notebook-56ece9efd1a0-worker-0:600968:600968 [1] NCCL INFO ncclCommInitRank comm 0x184cc220 rank 1 nranks 4 cudaDev 1 nvmlDev 2 busId a2000 commId 0x354f1900c1ae01d8 - Init COMPLETE
[36m(vLLMHttpServer pid=598852)[0m notebook-56ece9efd1a0-worker-0:600968:600968 [1] NCCL INFO Init timings - ncclCommInitRank: rank 1 nranks 4 total 0.35 (kernels 0.00, alloc 0.00, bootstrap 0.00, allgathers 0.00, topo 0.02, graphs 0.01, connections 0.31, rest 0.00)
[36m(vLLMHttpServer pid=598852)[0m notebook-56ece9efd1a0-worker-0:600968:600968 [1] NCCL INFO Comm config Blocking set to 1
[36m(vLLMHttpServer pid=598852)[0m notebook-56ece9efd1a0-worker-0:600968:602777 [1] NCCL INFO Assigned NET plugin Socket to comm
[36m(vLLMHttpServer pid=598852)[0m notebook-56ece9efd1a0-worker-0:600968:602777 [1] NCCL INFO Using network Socket
[36m(vLLMHttpServer pid=598852)[0m notebook-56ece9efd1a0-worker-0:600968:602777 [1] NCCL INFO ncclCommInitRankConfig comm 0x3a95dce0 rank 1 nranks 4 cudaDev 1 nvmlDev 2 busId a2000 commId 0x4b6e773e3224ebf8 - Init START
[36m(vLLMHttpServer pid=598852)[0m notebook-56ece9efd1a0-worker-0:600968:602777 [1] NCCL 0[1] via P2P/IPC
[36m(vLLMHttpServer pid=598852)[0m notebook-56ece9efd1a0-worker-0:600970:600970 [3] NCCL INFO Channel 23/0 : 3[4] -> 0[1] via P2P/IPC
[36m(vLLMHttpServer pid=598852)[0m notebook-56ece9efd1a0-worker-0:600970:600970 [3] NCCL INFO Connected all rings, use ring PXN 0 GDR 1
[36m(vLLMHttpServer pid=598852)[0m notebook-56ece9efd1a0-worker-0:600970:600970 [3] NCCL INFO Channel 00/0 : 3[4] -> 2[3] via P2P/IPC
[36m(vLLMHttpServer pid=598852)[0m notebook-56ece9efd1a0-worker-0:600970:600970 [3] NCCL INFO Channel 01/0 : 3[4] -> 2[3] via P2P/IPC
[36m(vLLMHttpServer pid=598852)[0m notebook-56ece9efd1a0-worker-0:600970:600970 [3] NCCL INFO Channel 02/0 : 3[4] -> 2[3] via P2P/IPC
[36m(vLLMHttpServer pid=598852)[0m notebook-56ece9efd1a0-worker-0:600970:600970 [3] NCCL INFO Channel 03/0 : 3[4] -> 2[3] via P2P/IPC
[36m(vLLMHttpServer pid=598852)[0m notebook-56ece9efd1a0-worker-0:600970:600970 [3] NCCL INFO Channel 04/0 : 3[4] -> 2[3] via P2P/IPC
[36m(vLLMHttpServer pid=598852)[0m notebook-56ece9efd1a0-worker-0:600970:600970 [3] NCCL INFO Channel 05/0 : 3[4] -> 2[3] via P2P/IPC
[36m(vLLMHttpServer pid=598852)[0m notebook-56ece9efd1a0-worker-0:600970:600970 [3] NCCL INFO Channel 06/0 : 3[4] -> 2[3] via P2P/IPC
[36m(vLLMHttpServer pid=598852)[0m notebook-56ece9efd1a0-worker-0:600970:600970 [3] NCCL INFO Channel 07/0 : 3[4] -> 2[3] via P2P/IPC
[36m(vLLMHttpServer pid=598852)[0m notebook-56ece9efd1a0-worker-0:600970:600970 [3] NCCL INFO Channel 08/0 : 3[4] -> 2[3] via P2P/IPC
[36m(vLLMHttpServer pid=598852)[0m notebook-56ece9efd1a0-worker-0:600970:600970 [3] NCCL INFO Channel 09/0 : 3[4] -> 2[3] via P2P/IPC
[36m(vLLMHttpServer pid=598852)[0m notebook-56ece9efd1a0-worker-0:600970:600970 [3] NCCL INFO Channel 10/0 : 3[4] -> 2[3] via P2P/IPC
[36m(vLLMHttpServer pid=598852)[0m notebook-56ece9efd1a0-worker-0:600970:600970 [3] NCCL INFO Channel 11/0 : 3[4] -> 2[3] via P2P/IPC
[36m(vLLMHttpServer pid=598852)[0m notebook-56ece9efd1a0-worker-0:600970:600970 [3] NCCL INFO Channel 12/0 : 3[4] -> 2[3] via P2P/IPC
[36m(vLLMHttpServer pid=598852)[0m notebook-56ece9efd1a0-worker-0:600970:600970 [3] NCCL INFO Channel 13/0 : 3[4] -> 2[3] via P2P/IPC
[36m(vLLMHttpServer pid=598852)[0m notebook-56ece9efd1a0-worker-0:600970:600970 [3] NCCL INFO Channel 14/0 : 3[4] -> 2[3] via P2P/IPC
[36m(vLLMHttpServer pid=598852)[0m notebook-56ece9efd1a0-worker-0:600970:600970 [3] NCCL INFO Channel 15/0 : 3[4] -> 2[3] via P2P/IPC
[36m(vLLMHttpServer pid=598852)[0m notebook-56ece9efd1a0-worker-0:600970:600970 [3] NCCL INFO Channel 16/0 : 3[4] -> 2[3] via P2P/IPC
[36m(vLLMHttpServer pid=598852)[0m notebook-56ece9efd1a0-worker-0:600970:600970 [3] NCCL INFO Channel 17/0 : 3[4] -> 2[3] via P2P/IPC
[36m(vLLMHttpServer pid=598852)[0m notebook-56ece9efd1a0-worker-0:600970:600970 [3] NCCL INFO Channel 18/0 : 3[4] -> 2[3] via P2P/IPC
[36m(vLLMHttpServer pid=598852)[0m notebook-56ece9efd1a0-worker-0:600970:600970 [3] NCCL INFO Channel 19/0 : 3[4] -> 2[3] via P2P/IPC
[36m(vLLMHttpServer pid=598852)[0m notebook-56ece9efd1a0-worker-0:600970:600970 [3] NCCL INFO Channel 20/0 : 3[4] -> 2[3] via P2P/IPC
[36m(vLLMHttpServer pid=598852)[0m notebook-56ece9efd1a0-worker-0:600970:600970 [3] NCCL INFO Channel 21/0 : 3[4] -> 2[3] via P2P/IPC
[36m(vLLMHttpServer pid=598852)[0m notebook-56ece9efd1a0-worker-0:600970:600970 [3] NCCL INFO Channel 22/0 : 3[4] -> 2[3] via P2P/IPC
[36m(vLLMHttpServer pid=598852)[0m notebook-56ece9efd1a0-worker-0:600970:600970 [3] NCCL INFO Channel 23/0 : 3[4] -> 2[3] via P2P/IPC
[36m(vLLMHttpServer pid=598852)[0m notebook-56ece9efd1a0-worker-0:600970:600970 [3] NCCL INFO Connected all trees
[36m(vLLMHttpServer pid=598852)[0m notebook-56ece9efd1a0-worker-0:600970:600970 [3] NCCL INFO NVLS comm 0x184b6930 headRank 3 nHeads 4 nvlsRanks 4 buffSize 1048576 nvlsPerRankSize 33554432 nvlsTotalSize 134217728
[36m(vLLMHttpServer pid=598852)[0m notebook-56ece9efd1a0-worker-0:600970:602185 [3] NCCL INFO [Proxy Progress] Device 3 CPU core 152
[36m(vLLMHttpServer pid=598852)[0m notebook-56ece9efd1a0-worker-0:600970:600970 [3] NCCL INFO threadThresholds 8/8/64 | 32/8/64 | 512 | 512
[36m(vLLMHttpServer pid=598852)[0m notebook-56ece9efd1a0-worker-0:600970:600970 [3] NCCL INFO 24 coll channels, 24 collnet channels, 16 nvls channels, 32 p2p channels, 32 p2p channels per peer
[36m(vLLMHttpServer pid=598852)[0m notebook-56ece9efd1a0-worker-0:600970:600970 [3] NCCL INFO ncclCommInitRank comm 0x184b6930 rank 3 nranks 4 cudaDev 3 nvmlDev 4 busId 109000 commId 0x354f1900c1ae01d8 - Init COMPLETE
[36m(vLLMHttpServer pid=598852)[0m notebook-56ece9efd1a0-worker-0:600970:600970 [3] NCCL INFO Init timings - ncclCommInitRank: rank 3 nranks 4 total 0.35 (kernels 0.00, alloc 0.00, bootstrap 0.00, allgathers 0.00, topo 0.03, graphs 0.01, connections 0.31, rest 0.00)
[36m(vLLMHttpServer pid=598852)[0m notebook-56ece9efd1a0-worker-0:600970:600970 [3] NCCL INFO Comm config Blocking set to 1
[36m(vLLMHttpServer pid=598852)[0m notebook-56ece9efd1a0-worker-0:600970:602778 [3] NCCL INFO Assigned NET plugin Socket to comm
[36m(vLLMHttpServer pid=598852)[0m notebook-56ece9efd1a0-worker-0:600970:602778 [3] NCCL INFO Using network Socket
[36m(vLLMHttpServer pid=598852)[0m notebook-56ece9efd1a0-worker-0:600970:602778 [3] NCCL INFO ncclCommInitRankConfig comm 0x3a92fa00 rank 3 nranks 4 cudaDev 3 nvmlDev 4 busId 109000 commId 0x4b6e773e3224ebf8 - Init START
[36m(vLLMHttpServer pid=598852)[0m notebook-56ece9efd1a1/0 : 0[1] -> 1[2] via P2P/IPC
[36m(vLLMHttpServer pid=598852)[0m notebook-56ece9efd1a0-worker-0:600967:600967 [0] NCCL INFO Channel 02/0 : 0[1] -> 1[2] via P2P/IPC
[36m(vLLMHttpServer pid=598852)[0m notebook-56ece9efd1a0-worker-0:600967:600967 [0] NCCL INFO Channel 03/0 : 0[1] -> 1[2] via P2P/IPC
[36m(vLLMHttpServer pid=598852)[0m notebook-56ece9efd1a0-worker-0:600967:600967 [0] NCCL INFO Channel 04/0 : 0[1] -> 1[2] via P2P/IPC
[36m(vLLMHttpServer pid=598852)[0m notebook-56ece9efd1a0-worker-0:600967:600967 [0] NCCL INFO Channel 05/0 : 0[1] -> 1[2] via P2P/IPC
[36m(vLLMHttpServer pid=598852)[0m notebook-56ece9efd1a0-worker-0:600967:600967 [0] NCCL INFO Channel 06/0 : 0[1] -> 1[2] via P2P/IPC
[36m(vLLMHttpServer pid=598852)[0m notebook-56ece9efd1a0-worker-0:600967:600967 [0] NCCL INFO Channel 07/0 : 0[1] -> 1[2] via P2P/IPC
[36m(vLLMHttpServer pid=598852)[0m notebook-56ece9efd1a0-worker-0:600967:600967 [0] NCCL INFO Channel 08/0 : 0[1] -> 1[2] via P2P/IPC
[36m(vLLMHttpServer pid=598852)[0m notebook-56ece9efd1a0-worker-0:600967:600967 [0] NCCL INFO Channel 09/0 : 0[1] -> 1[2] via P2P/IPC
[36m(vLLMHttpServer pid=598852)[0m notebook-56ece9efd1a0-worker-0:600967:600967 [0] NCCL INFO Channel 10/0 : 0[1] -> 1[2] via P2P/IPC
[36m(vLLMHttpServer pid=598852)[0m notebook-56ece9efd1a0-worker-0:600967:600967 [0] NCCL INFO Channel 11/0 : 0[1] -> 1[2] via P2P/IPC
[36m(vLLMHttpServer pid=598852)[0m notebook-56ece9efd1a0-worker-0:600967:600967 [0] NCCL INFO Channel 12/0 : 0[1] -> 1[2] via P2P/IPC
[36m(vLLMHttpServer pid=598852)[0m notebook-56ece9efd1a0-worker-0:600967:600967 [0] NCCL INFO Channel 13/0 : 0[1] -> 1[2] via P2P/IPC
[36m(vLLMHttpServer pid=598852)[0m notebook-56ece9efd1a0-worker-0:600967:600967 [0] NCCL INFO Channel 14/0 : 0[1] -> 1[2] via P2P/IPC
[36m(vLLMHttpServer pid=598852)[0m notebook-56ece9efd1a0-worker-0:600967:600967 [0] NCCL INFO Channel 15/0 : 0[1] -> 1[2] via P2P/IPC
[36m(vLLMHttpServer pid=598852)[0m notebook-56ece9efd1a0-worker-0:600967:600967 [0] NCCL INFO Channel 16/0 : 0[1] -> 1[2] via P2P/IPC
[36m(vLLMHttpServer pid=598852)[0m notebook-56ece9efd1a0-worker-0:600967:600967 [0] NCCL INFO Channel 17/0 : 0[1] -> 1[2] via P2P/IPC
[36m(vLLMHttpServer pid=598852)[0m notebook-56ece9efd1a0-worker-0:600967:600967 [0] NCCL INFO Channel 18/0 : 0[1] -> 1[2] via P2P/IPC
[36m(vLLMHttpServer pid=598852)[0m notebook-56ece9efd1a0-worker-0:600967:600967 [0] NCCL INFO Channel 19/0 : 0[1] -> 1[2] via P2P/IPC
[36m(vLLMHttpServer pid=598852)[0m notebook-56ece9efd1a0-worker-0:600967:600967 [0] NCCL INFO Channel 20/0 : 0[1] -> 1[2] via P2P/IPC
[36m(vLLMHttpServer pid=598852)[0m notebook-56ece9efd1a0-worker-0:600967:600967 [0] NCCL INFO Channel 21/0 : 0[1] -> 1[2] via P2P/IPC
[36m(vLLMHttpServer pid=598852)[0m notebook-56ece9efd1a0-worker-0:600967:600967 [0] NCCL INFO Channel 22/0 : 0[1] -> 1[2] via P2P/IPC
[36m(vLLMHttpServer pid=598852)[0m notebook-56ece9efd1a0-worker-0:600967:600967 [0] NCCL INFO Channel 23/0 : 0[1] -> 1[2] via P2P/IPC
[36m(vLLMHttpServer pid=598852)[0m notebook-56ece9efd1a0-worker-0:600967:600967 [0] NCCL INFO Connected all rings, use ring PXN 0 GDR 1
[36m(vLLMHttpServer pid=598852)[0m notebook-56ece9efd1a0-worker-0:600967:600967 [0] NCCL INFO Connected all trees
[36m(vLLMHttpServer pid=598852)[0m notebook-56ece9efd1a0-worker-0:600967:600967 [0] NCCL INFO NVLS comm 0x184cc500 headRank 0 nHeads 4 nvlsRanks 4 buffSize 1048576 nvlsPerRankSize 33554432 nvlsTotalSize 134217728
[36m(vLLMHttpServer pid=598852)[0m notebook-56ece9efd1a0-worker-0:600967:602187 [0] NCCL INFO [Proxy Progress] Device 0 CPU core 143
[36m(vLLMHttpServer pid=598852)[0m notebook-56ece9efd1a0-worker-0:600967:600967 [0] NCCL INFO threadThresholds 8/8/64 | 32/8/64 | 512 | 512
[36m(vLLMHttpServer pid=598852)[0m notebook-56ece9efd1a0-worker-0:600967:600967 [0] NCCL INFO 24 coll channels, 24 collnet channels, 16 nvls channels, 32 p2p channels, 32 p2p channels per peer
[36m(vLLMHttpServer pid=598852)[0m notebook-56ece9efd1a0-worker-0:600967:600967 [0] NCCL INFO CC Off, workFifoBytes 1048576
[36m(vLLMHttpServer pid=598852)[0m notebook-56ece9efd1a0-worker-0:600967:600967 [0] NCCL INFO ncclCommInitRank comm 0x184cc500 rank 0 nranks 4 cudaDev 0 nvmlDev 1 busId 7e000 commId 0x354f1900c1ae01d8 - Init COMPLETE
[36m(vLLMHttpServer pid=598852)[0m notebook-56ece9efd1a0-worker-0:600967:600967 [0] NCCL INFO Init timings - ncclCommInitRank: rank 0 nranks 4 total 0.35 (kernels 0.00, alloc 0.00, bootstrap 0.00, allgathers 0.00, topo 0.03, graphs 0.01, connections 0.31, rest 0.00)
[36m(vLLMHttpServer pid=598852)[0m notebook-56ece9efd1a0-worker-0:600967:600967 [0] NCCL INFO Comm config Blocking set to 1
[36m(vLLMHttpServer pid=598852)[0m notebook-56ece9efd1a0-worker-0:600967:602775 [0] NCCL INFO Assigned NET plugin Socket to comm
[36m(vLLMHttpServer pid=598852)[0m notebook-56ece9efd1a0-worker-0:600967:602775 [0] NCCL INFO Using network Socket
[36m(vLLMHttpServer pid=598852)[0m notebook-56ece9efd1a0-worker-0:600967:602775 [0] NCCL INFO ncclCommInitRankConfig comm 0x3aee06a0 rank 0 nranks 4 cudaDev 0 nvmlDev 1 busId 7e000 commId 0x4b6e773e3224ebf8 - Init START
[36m(vLLMHttpServer pid=598852)[0m notebook-56ece9efd1a0-worker-0:600967:602775 [0] NCCL INFO Bootstrap timings total 0.002578 (create 0.000017, send 0.000109, recv 0.000701, ring 0.000074, delay 0.000000)
[36m(vLLMHttpServer pid=598852)[0m notebook-56ece9efd1a0-worker-0:600967:602775 [
[36m(vLLMHttpServer pid=598852)[0m 0] NCCL INFO MNNVL busId 0x7e000 fabric UUID 0.0 cliqueId 0x0 state 3 healthMask 0x0
[36m(vLLMHttpServer pid=598852)[0m notebook-56ece9efd1a0-worker-0:600967:602775 [0] NCCL INFO Setting affinity for GPU 1 to 0-47,96-143
[36m(vLLMHttpServer pid=598852)[0m notebook-56ece9efd1a0-worker-0:600967:602775 [0] NCCL INFO NVLS multicast support is available on dev 0 (NVLS_NCHANNELS 16)
[36m(vLLMHttpServer pid=598852)[0m notebook-56ece9efd1a0-worker-0:600967:602775 [0] NCCL INFO comm 0x3aee06a0 rank 0 nRanks 4 nNodes 1 localRanks 4 localRank 0 MNNVL 0
[36m(vLLMHttpServer pid=598852)[0m notebook-56ece9efd1a0-worker-0:600967:602775 [0] NCCL INFO Channel 00/24 : 0 1 2 3
[36m(vLLMHttpServer pid=598852)[0m notebook-56ece9efd1a0-worker-0:600967:602775 [0] NCCL INFO Channel 01/24 : 0 1 2 3
[36m(vLLMHttpServer pid=598852)[0m notebook-56ece9efd1a0-worker-0:600967:602775 [0] NCCL INFO Channel 02/24 : 0 1 2 3
[36m(vLLMHttpServer pid=598852)[0m notebook-56ece9efd1a0-worker-0:600967:602775 [0] NCCL INFO Channel 03/24 : 0 1 2 3
[36m(vLLMHttpServer pid=598852)[0m notebook-56ece9efd1a0-worker-0:600967:602775 [0] NCCL INFO Channel 04/24 : 0 1 2 3
[36m(vLLMHttpServer pid=598852)[0m notebook-56ece9efd1a0-worker-0:600967:602775 [0] NCCL INFO Channel 05/24 : 0 1 2 3
[36m(vLLMHttpServer pid=598852)[0m notebook-56ece9efd1a0-worker-0:600967:602775 [0] NCCL INFO Channel 06/24 : 0 1 2 3
[36m(vLLMHttpServer pid=598852)[0m notebook-56ece9efd1a0-worker-0:600967:602775 [0] NCCL INFO Channel 07/24 : 0 1 2 3
[36m(vLLMHttpServer pid=598852)[0m notebook-56ece9efd1a0-worker-0:600967:602775 [0] NCCL INFO Channel 08/24 : 0 1 2 3
[36m(vLLMHttpServer pid=598852)[0m notebook-56ece9efd1a0-worker-0:600967:602775 [0] NCCL INFO Channel 09/24 : 0 1 2 3
[36m(vLLMHttpServer pid=598852)[0m notebook-56ece9efd1a0-worker-0:600967:602775 [0] NCCL INFO Channel 10/24 : 0 1 2 3
[36m(vLLMHttpServer pid=598852)[0m notebook-56ece9efd1a0-worker-0:600967:602775 [0] NCCL INFO Channel 11/24 : 0 1 2 3
[36m(vLLMHttpServer pid=598852)[0m notebook-56ece9efd1a0-worker-0:600967:602775 [0] NCCL INFO Channel 12/24 : 0 1 2 3
[36m(vLLMHttpServer pid=598852)[0m notebook-56ece9efd1a0-worker-0:600967:602775 [0] NCCL INFO Channel 13/24 : 0 1 2 3
[36m(vLLMHttpServer pid=598852)[0m notebook-56ece9efd1a0-worker-0:600967:602775 [0] NCCL INFO Channel 14/24 : 0 1 2 3
[36m(vLLMHttpServer pid=598852)[0m notebook-56ece9efd1a0-worker-0:600967:602775 [0] NCCL INFO Channel 15/24 : 0 1 2 3
[36m(vLLMHttpServer pid=598852)[0m notebook-56ece9efd1a0-worker-0:600967:602775 [0] NCCL INFO Channel 16/24 : 0 1 2 3
[36m(vLLMHttpServer pid=598852)[0m notebook-56ece9efd1a0-worker-0:600967:602775 [0] NCCL INFO Channel 17/24 : 0 1 2 3
[36m(vLLMHttpServer pid=598852)[0m notebook-56ece9efd1a0-worker-0:600967:602775 [0] NCCL INFO Channel 18/24 : 0 1 2 3
[36m(vLLMHttpServer pid=598852)[0m notebook-56ece9efd1a0-worker-0:600967:602775 [0] NCCL INFO Channel 19/24 : 0 1 2 3
[36m(vLLMHttpServer pid=598852)[0m notebook-56ece9efd1a0-worker-0:600967:602775 [0] NCCL INFO Channel 20/24 : 0 1 2 3
[36m(vLLMHttpServer pid=598852)[0m notebook-56ece9efd1a0-worker-0:600967:602775 [0] NCCL INFO Channel 21/24 : 0 1 2 3
[36m(vLLMHttpServer pid=598852)[0m notebook-56ece9efd1a0-worker-0:600967:602775 [0] NCCL INFO Channel 22/24 : 0 1 2 3
[36m(vLLMHttpServer pid=598852)[0m notebook-56ece9efd1a0-worker-0:600967:602775 [0] NCCL INFO Channel 23/24 : 0 1 2 3
[36m(vLLMHttpServer pid=598852)[0m notebook-56ece9efd1a0-worker-0:600967:602775 [0] NCCL INFO Trees [0] 1/-1/-1->0->-1 [1] 1/-1/-1->0->-1 [2] 1/-1/-1->0->-1 [3] 1/-1/-1->0->-1 [4] 1/-1/-1->0->-1 [5] 1/-1/-1->0->-1 [6] 1/-1/-1->0->-1 [7] 1/-1/-1->0->-1 [8] 1/-1/-1->0->-1 [9] 1/-1/-1->0->-1 [10] 1/-1/-1->0->-1 [11] 1/-1/-1->0->-1 [12] 1/-1/-1->0->-1 [13] 1/-1/-1->0->-1 [14] 1/-1/-1->0->-1 [15] 1/-1/-1->0->-1 [16] 1/-1/-1->0->-1 [17] 1/-1/-1->0->-1 [18] 1/-1/-1->0->-1 [19] 1/-1/-1->0->-1 [20] 1/-1/-1->0->-1 [21] 1/-1/-1->0->-1 [22] 1/-1/-1->0->-1 [23] 1/-1/-1->0->-1
[36m(vLLMHttpServer pid=598852)[0m notebook-56ece9efd1a0-worker-0:600967:602775 [0] NCCL INFO P2P Chunksize set to 524288
[36m(vLLMHttpServer pid=598852)[0m notebook-56ece9efd1a0-worker-0:600967:602775 [0] NCCL INFO Check P2P Type isAllDirectP2p 1 directMode 0
[36m(vLLMHttpServer pid=598852)[0m notebook-56ece9efd1a0-worker-0:600967:602779 [0] NCCL INFO [Proxy Service] Device 0 CPU core 137
[36m(vLLMHttpServer pid=598852)[0m notebook-56ece9efd1a0-worker-0:600967:602782 [0] NCCL INFO [Proxy Service UDS] Device 0 CPU core 138
[36m(vLLMHttpServer pid=598852)[0m notebook-56ece9efd1a0-worker-0:600967:602775 [0] NCCL INFO Channel 00/0 : 0[1] -> 1[2] via P2P/IPC
[36m(vLLMHttpServer pid=598852)[0m notebook-56ece9efd1a0-worker-0:600967:602775 [0] NCCL INFO Channel 01/0 : 0[1] -> 1[2] via P2P/IPC
[36m(vLLMHttpServer pid=598852)[0m notebook-56ece9efd1a0-worker-0:600967:602775 [0] NCCL INFO Channel 02/0 : 0[1] -> 1[2] via P2P/IPC
[36m(vLLMHttpServer pid=598852)[0m notebook-56ece9efd1a0-worker-0:600967:602775 [0] NCCL INFO Channel 03/0 : 0[1] -> 1[2] via P2P/IPC
[36m(vLLMHttpServer pid=598852)[0m notebook-56ece9efd1a0-worker-0:600967:602775 [0] NCCL INFO Channel 04/0 : 0[1] -> 1[2] via P2P/IPC
[36m(vLLMHttpServer pid=598852)[0m notebook-56ece9efd1a0-worker-0:600967:602775 [0] NCCL INFO Channel 05/0 : 0[1] -> 1[2] via P2P/IPC
[36m(vLLMHttpServer pid=598852)[0m notebook-56ece9efd1a0-worker-0:600967:602775 [0] NCCL INFO Channel 06/0 : 0[1] -> 1[2] via P2P/IPC
[36m(vLLMHttpServer pid=598852)[0m notebook-56ece9efd1a0-worker-0:600967:6027750-worker-0:600970:602778 [3] NCCL INFO Bootstrap timings total 0.000497 (create 0.000021, send 0.000121, recv 0.000161, ring 0.000068, delay 0.000000)
[36m(vLLMHttpServer pid=598852)[0m notebook-56ece9efd1a0-worker-0:600970:602778 [3] NCCL INFO MNNVL busId 0x109000 fabric UUID 0.0 cliqueId 0x0 state 3 healthMask 0x0
[36m(vLLMHttpServer pid=598852)[0m notebook-56ece9efd1a0-worker-0:600970:602778 [3] NCCL INFO Setting affinity for GPU 4 to 48-91,144-187
[36m(vLLMHttpServer pid=598852)[0m notebook-56ece9efd1a0-worker-0:600970:602778 [3] NCCL INFO NVLS multicast support is available on dev 3 (NVLS_NCHANNELS 16)
[36m(vLLMHttpServer pid=598852)[0m notebook-56ece9efd1a0-worker-0:600970:602778 [3] NCCL INFO comm 0x3a92fa00 rank 3 nRanks 4 nNodes 1 localRanks 4 localRank 3 MNNVL 0
[36m(vLLMHttpServer pid=598852)[0m notebook-56ece9efd1a0-worker-0:600970:602778 [3] NCCL INFO Trees [0] -1/-1/-1->3->2 [1] -1/-1/-1->3->2 [2] -1/-1/-1->3->2 [3] -1/-1/-1->3->2 [4] -1/-1/-1->3->2 [5] -1/-1/-1->3->2 [6] -1/-1/-1->3->2 [7] -1/-1/-1->3->2 [8] -1/-1/-1->3->2 [9] -1/-1/-1->3->2 [10] -1/-1/-1->3->2 [11] -1/-1/-1->3->2 [12] -1/-1/-1->3->2 [13] -1/-1/-1->3->2 [14] -1/-1/-1->3->2 [15] -1/-1/-1->3->2 [16] -1/-1/-1->3->2 [17] -1/-1/-1->3->2 [18] -1/-1/-1->3->2 [19] -1/-1/-1->3->2 [20] -1/-1/-1->3->2 [21] -1/-1/-1->3->2 [22] -1/-1/-1->3->2 [23] -1/-1/-1->3->2
[36m(vLLMHttpServer pid=598852)[0m notebook-56ece9efd1a0-worker-0:600970:602778 [3] NCCL INFO P2P Chunksize set to 524288
[36m(vLLMHttpServer pid=598852)[0m notebook-56ece9efd1a0-worker-0:600970:602783 [3] NCCL INFO [Proxy Service] Device 3 CPU core 178
[36m(vLLMHttpServer pid=598852)[0m notebook-56ece9efd1a0-worker-0:600970:602786 [3] NCCL INFO [Proxy Service UDS] Device 3 CPU core 179
[36m(vLLMHttpServer pid=598852)[0m notebook-56ece9efd1a0-worker-0:600970:602778 [3] NCCL INFO Channel 00/0 : 3[4] -> 0[1] via P2P/IPC
[36m(vLLMHttpServer pid=598852)[0m notebook-56ece9efd1a0-worker-0:600970:602778 [3] NCCL INFO Channel 01/0 : 3[4] -> 0[1] via P2P/IPC
[36m(vLLMHttpServer pid=598852)[0m notebook-56ece9efd1a0-worker-0:600970:602778 [3] NCCL INFO Channel 02/0 : 3[4] -> 0[1] via P2P/IPC
[36m(vLLMHttpServer pid=598852)[0m notebook-56ece9efd1a0-worker-0:600970:602778 [3] NCCL INFO Channel 03/0 : 3[4] -> 0[1] via P2P/IPC
[36m(vLLMHttpServer pid=598852)[0m notebook-56ece9efd1a0-worker-0:600970:602778 [3] NCCL INFO Channel 04/0 : 3[4] -> 0[1] via P2P/IPC
[36m(vLLMHttpServer pid=598852)[0m notebook-56ece9efd1a0-worker-0:600970:602778 [3] NCCL INFO Channel 05/0 : 3[4] -> 0[1] via P2P/IPC
[36m(vLLMHttpServer pid=598852)[0m notebook-56ece9efd1a0-worker-0:600970:602778 [3] NCCL INFO Channel 06/0 : 3[4] -> 0[1] via P2P/IPC
[36m(vLLMHttpServer pid=598852)[0m notebook-56ece9efd1a0-worker-0:600970:602778 [3] NCCL INFO Channel 07/0 : 3[4] -> 0[1] via P2P/IPC
[36m(vLLMHttpServer pid=598852)[0m notebook-56ece9efd1a0-worker-0:600970:602778 [3] NCCL INFO Channel 08/0 : 3[4] -> 0[1] via P2P/IPC
[36m(vLLMHttpServer pid=598852)[0m notebook-56ece9efd1a0-worker-0:600970:602778 [3] NCCL INFO Channel 09/0 : 3[4] -> 0[1] via P2P/IPC
[36m(vLLMHttpServer pid=598852)[0m notebook-56ece9efd1a0-worker-0:600970:602778 [3] NCCL INFO Channel 10/0 : 3[4] -> 0[1] via P2P/IPC
[36m(vLLMHttpServer pid=598852)[0m notebook-56ece9efd1a0-worker-0:600970:602778 [3] NCCL INFO Channel 11/0 : 3[4] -> 0[1] via P2P/IPC
[36m(vLLMHttpServer pid=598852)[0m notebook-56ece9efd1a0-worker-0:600970:602778 [3] NCCL INFO Channel 12/0 : 3[4] -> 0[1] via P2P/IPC
[36m(vLLMHttpServer pid=598852)[0m notebook-56ece9efd1a0-worker-0:600970:602778 [3] NCCL INFO Channel 13/0 : 3[4] -> 0[1] via P2P/IPC
[36m(vLLMHttpServer pid=598852)[0m notebook-56ece9efd1a0-worker-0:600970:602778 [3] NCCL INFO Channel 14/0 : 3[4] -> 0[1] via P2P/IPC
[36m(vLLMHttpServer pid=598852)[0m notebook-56ece9efd1a0-worker-0:600970:602778 [3] NCCL INFO Channel 15/0 : 3[4] -> 0[1] via P2P/IPC
[36m(vLLMHttpServer pid=598852)[0m notebook-56ece9efd1a0-worker-0:600970:602778 [3] NCCL INFO Channel 16/0 : 3[4] -> 0[1] via P2P/IPC
[36m(vLLMHttpServer pid=598852)[0m notebook-56ece9efd1a0-worker-0:600970:602778 [3] NCCL INFO Channel 17/0 : 3[4] -> 0[1] via P2P/IPC
[36m(vLLMHttpServer pid=598852)[0m notebook-56ece9efd1a0-worker-0:600970:602778 [3] NCCL INFO Channel 18/0 : 3[4] -> 0[1] via P2P/IPC
[36m(vLLMHttpServer pid=598852)[0m notebook-56ece9efd1a0-worker-0:600970:602778 [3] NCCL INFO Channel 19/0 : 3[4] -> 0[1] via P2P/IPC
[36m(vLLMHttpServer pid=598852)[0m notebook-56ece9efd1a0-worker-0:600970:602778 [3] NCCL INFO Channel 20/0 : 3[4] -> 0[1] via P2P/IPC
[36m(vLLMHttpServer pid=598852)[0m notebook-56ece9efd1a0-worker-0:600970:602778 [3] NCCL INFO Channel 21/0 : 3[4] -> 0[1] via P2P/IPC
[36m(vLLMHttpServer pid=598852)[0m notebook-56ece9efd1a0-worker-0:600970:602778 [3] NCCL INFO Channel 22/0 : 3[4] -> 0[1] via P2P/IPC
[36m(vLLMHttpServer pid=598852)[0m notebook-56ece9efd1a0-worker-0:600970:602778 [3] NCCL INFO Channel 23/0 : 3[4] -> 0[1] via P2P/IPC
[36m(vLLMHttpServer pid=598852)[0m notebook-56ece9efd1a0-worker-0:600970:602778 [3] NCCL INFO Connected all rings, use ring PXN 0 GDR 1
[36m(vLLMHttpServer pid=598852)[0m notebook-56ece9efd1a0-worker-0:600970:602778 [3] NCCL INFO Channel 00/0 : 3[4] -> 2[3] via P2P/IPC
[36m(vLLMHttpServer pid=598852)[0m notebook-56ece9efd1a0-worker-0:600970:602778 [3] NCCL INFCCL INFO Bootstrap timings total 0.002502 (create 0.000016, send 0.000120, recv 0.002112, ring 0.000137, delay 0.000000)
[36m(vLLMHttpServer pid=598852)[0m notebook-56ece9efd1a0-worker-0:600969:602776 [2] NCCL INFO MNNVL busId 0xc6000 fabric UUID 0.0 cliqueId 0x0 state 3 healthMask 0x0
[36m(vLLMHttpServer pid=598852)[0m notebook-56ece9efd1a0-worker-0:600969:602776 [2] NCCL INFO Setting affinity for GPU 3 to 0-47,96-143
[36m(vLLMHttpServer pid=598852)[0m notebook-56ece9efd1a0-worker-0:600969:602776 [2] NCCL INFO NVLS multicast support is available on dev 2 (NVLS_NCHANNELS 16)
[36m(vLLMHttpServer pid=598852)[0m notebook-56ece9efd1a0-worker-0:600969:602776 [2] NCCL INFO comm 0x3aaf4c50 rank 2 nRanks 4 nNodes 1 localRanks 4 localRank 2 MNNVL 0
[36m(vLLMHttpServer pid=598852)[0m notebook-56ece9efd1a0-worker-0:600969:602776 [2] NCCL INFO Trees [0] 3/-1/-1->2->1 [1] 3/-1/-1->2->1 [2] 3/-1/-1->2->1 [3] 3/-1/-1->2->1 [4] 3/-1/-1->2->1 [5] 3/-1/-1->2->1 [6] 3/-1/-1->2->1 [7] 3/-1/-1->2->1 [8] 3/-1/-1->2->1 [9] 3/-1/-1->2->1 [10] 3/-1/-1->2->1 [11] 3/-1/-1->2->1 [12] 3/-1/-1->2->1 [13] 3/-1/-1->2->1 [14] 3/-1/-1->2->1 [15] 3/-1/-1->2->1 [16] 3/-1/-1->2->1 [17] 3/-1/-1->2->1 [18] 3/-1/-1->2->1 [19] 3/-1/-1->2->1 [20] 3/-1/-1->2->1 [21] 3/-1/-1->2->1 [22] 3/-1/-1->2->1 [23] 3/-1/-1->2->1
[36m(vLLMHttpServer pid=598852)[0m notebook-56ece9efd1a0-worker-0:600969:602776 [2] NCCL INFO P2P Chunksize set to 524288
[36m(vLLMHttpServer pid=598852)[0m notebook-56ece9efd1a0-worker-0:600969:602780 [2] NCCL INFO [Proxy Service] Device 2 CPU core 97
[36m(vLLMHttpServer pid=598852)[0m notebook-56ece9efd1a0-worker-0:600969:602784 [2] NCCL INFO [Proxy Service UDS] Device 2 CPU core 98
[36m(vLLMHttpServer pid=598852)[0m notebook-56ece9efd1a0-worker-0:600969:602776 [2] NCCL INFO Channel 00/0 : 2[3] -> 3[4] via P2P/IPC
[36m(vLLMHttpServer pid=598852)[0m notebook-56ece9efd1a0-worker-0:600969:602776 [2] NCCL INFO Channel 01/0 : 2[3] -> 3[4] via P2P/IPC
[36m(vLLMHttpServer pid=598852)[0m notebook-56ece9efd1a0-worker-0:600969:602776 [2] NCCL INFO Channel 02/0 : 2[3] -> 3[4] via P2P/IPC
[36m(vLLMHttpServer pid=598852)[0m notebook-56ece9efd1a0-worker-0:600969:602776 [2] NCCL INFO Channel 03/0 : 2[3] -> 3[4] via P2P/IPC
[36m(vLLMHttpServer pid=598852)[0m notebook-56ece9efd1a0-worker-0:600969:602776 [2] NCCL INFO Channel 04/0 : 2[3] -> 3[4] via P2P/IPC
[36m(vLLMHttpServer pid=598852)[0m notebook-56ece9efd1a0-worker-0:600969:602776 [2] NCCL INFO Channel 05/0 : 2[3] -> 3[4] via P2P/IPC
[36m(vLLMHttpServer pid=598852)[0m notebook-56ece9efd1a0-worker-0:600969:602776 [2] NCCL INFO Channel 06/0 : 2[3] -> 3[4] via P2P/IPC
[36m(vLLMHttpServer pid=598852)[0m notebook-56ece9efd1a0-worker-0:600969:602776 [2] NCCL INFO Channel 07/0 : 2[3] -> 3[4] via P2P/IPC
[36m(vLLMHttpServer pid=598852)[0m notebook-56ece9efd1a0-worker-0:600969:602776 [2] NCCL INFO Channel 08/0 : 2[3] -> 3[4] via P2P/IPC
[36m(vLLMHttpServer pid=598852)[0m notebook-56ece9efd1a0-worker-0:600969:602776 [2] NCCL INFO Channel 09/0 : 2[3] -> 3[4] via P2P/IPC
[36m(vLLMHttpServer pid=598852)[0m notebook-56ece9efd1a0-worker-0:600969:602776 [2] NCCL INFO Channel 10/0 : 2[3] -> 3[4] via P2P/IPC
[36m(vLLMHttpServer pid=598852)[0m notebook-56ece9efd1a0-worker-0:600969:602776 [2] NCCL INFO Channel 11/0 : 2[3] -> 3[4] via P2P/IPC
[36m(vLLMHttpServer pid=598852)[0m notebook-56ece9efd1a0-worker-0:600969:602776 [2] NCCL INFO Channel 12/0 : 2[3] -> 3[4] via P2P/IPC
[36m(vLLMHttpServer pid=598852)[0m notebook-56ece9efd1a0-worker-0:600969:602776 [2] NCCL INFO Channel 13/0 : 2[3] -> 3[4] via P2P/IPC
[36m(vLLMHttpServer pid=598852)[0m notebook-56ece9efd1a0-worker-0:600969:602776 [2] NCCL INFO Channel 14/0 : 2[3] -> 3[4] via P2P/IPC
[36m(vLLMHttpServer pid=598852)[0m notebook-56ece9efd1a0-worker-0:600969:602776 [2] NCCL INFO Channel 15/0 : 2[3] -> 3[4] via P2P/IPC
[36m(vLLMHttpServer pid=598852)[0m notebook-56ece9efd1a0-worker-0:600969:602776 [2] NCCL INFO Channel 16/0 : 2[3] -> 3[4] via P2P/IPC
[36m(vLLMHttpServer pid=598852)[0m notebook-56ece9efd1a0-worker-0:600969:602776 [2] NCCL INFO Channel 17/0 : 2[3] -> 3[4] via P2P/IPC
[36m(vLLMHttpServer pid=598852)[0m notebook-56ece9efd1a0-worker-0:600969:602776 [2] NCCL INFO Channel 18/0 : 2[3] -> 3[4] via P2P/IPC
[36m(vLLMHttpServer pid=598852)[0m notebook-56ece9efd1a0-worker-0:600969:602776 [2] NCCL INFO Channel 19/0 : 2[3] -> 3[4] via P2P/IPC
[36m(vLLMHttpServer pid=598852)[0m notebook-56ece9efd1a0-worker-0:600969:602776 [2] NCCL INFO Channel 20/0 : 2[3] -> 3[4] via P2P/IPC
[36m(vLLMHttpServer pid=598852)[0m notebook-56ece9efd1a0-worker-0:600969:602776 [2] NCCL INFO Channel 21/0 : 2[3] -> 3[4] via P2P/IPC
[36m(vLLMHttpServer pid=598852)[0m notebook-56ece9efd1a0-worker-0:600969:602776 [2] NCCL INFO Channel 22/0 : 2[3] -> 3[4] via P2P/IPC
[36m(vLLMHttpServer pid=598852)[0m notebook-56ece9efd1a0-worker-0:600969:602776 [2] NCCL INFO Channel 23/0 : 2[3] -> 3[4] via P2P/IPC
[36m(vLLMHttpServer pid=598852)[0m notebook-56ece9efd1a0-worker-0:600969:602776 [2] NCCL INFO Connected all rings, use ring PXN 0 GDR 1
[36m(vLLMHttpServer pid=598852)[0m notebook-56ece9efd1a0-worker-0:600969:602776 [2] NCCL INFO Channel 00/0 : 2[3] -> 1[2] via P2P/IPC
[36m(vLLMHttpServer pid=598852)[0m notebook-56ece9efd1a0-worker-0:600969:602776 [2] NCCL INFO Channel 01/0 : 2[3] -> 1[2] via P2P/IPC
[36m(vLLMHttpServer pid=598852)[0m notebook-56ece9ef INFO Bootstrap timings total 0.001967 (create 0.000018, send 0.000122, recv 0.000137, ring 0.001584, delay 0.000000)
[36m(vLLMHttpServer pid=598852)[0m notebook-56ece9efd1a0-worker-0:600968:602777 [1] NCCL INFO MNNVL busId 0xa2000 fabric UUID 0.0 cliqueId 0x0 state 3 healthMask 0x0
[36m(vLLMHttpServer pid=598852)[0m notebook-56ece9efd1a0-worker-0:600968:602777 [1] NCCL INFO Setting affinity for GPU 2 to 0-47,96-143
[36m(vLLMHttpServer pid=598852)[0m notebook-56ece9efd1a0-worker-0:600968:602777 [1] NCCL INFO NVLS multicast support is available on dev 1 (NVLS_NCHANNELS 16)
[36m(vLLMHttpServer pid=598852)[0m notebook-56ece9efd1a0-worker-0:600968:602777 [1] NCCL INFO comm 0x3a95dce0 rank 1 nRanks 4 nNodes 1 localRanks 4 localRank 1 MNNVL 0[36m(vLLMHttpServer pid=598852)[0m [1;36m(Worker_TP0 pid=600967)[0;0m 2026-08-16 17:08:01,149 - INFO - autotuner.py:256 - flashinfer.jit: [Autotuner]: Autotuning process starts ...
[36m(vLLMHttpServer pid=598852)[0m [1;36m(Worker_TP2 pid=600969)[0;0m 2026-08-16 17:08:01,150 - INFO - autotuner.py:256 - flashinfer.jit: [Autotuner]: Autotuning process starts ...
[36m(vLLMHttpServer pid=598852)[0m [1;36m(Worker_TP1 pid=600968)[0;0m 2026-08-16 17:08:01,150 - INFO - autotuner.py:256 - flashinfer.jit: [Autotuner]: Autotuning process starts ...
[36m(vLLMHttpServer pid=598852)[0m [1;36m(Worker_TP3 pid=600970)[0;0m 2026-08-16 17:08:01,150 - INFO - autotuner.py:256 - flashinfer.jit: [Autotuner]: Autotuning process starts ...
[36m(vLLMHttpServer pid=598852)[0m [1;36m(Worker_TP1 pid=600968)[0;0m 2026-08-16 17:08:02,350 - INFO - autotuner.py:262 - flashinfer.jit: [Autotuner]: Autotuning process ends
[36m(vLLMHttpServer pid=598852)[0m [1;36m(Worker_TP2 pid=600969)[0;0m 2026-08-16 17:08:02,350 - INFO - autotuner.py:262 - flashinfer.jit: [Autotuner]: Autotuning process ends
[36m(vLLMHttpServer pid=598852)[0m [1;36m(Worker_TP0 pid=600967)[0;0m 2026-08-16 17:08:02,350 - INFO - autotuner.py:262 - flashinfer.jit: [Autotuner]: Autotuning process ends
[36m(vLLMHttpServer pid=598852)[0m [1;36m(Worker_TP3 pid=600970)[0;0m 2026-08-16 17:08:02,350 - INFO - autotuner.py:262 - flashinfer.jit: [Autotuner]: Autotuning process ends
[36m(vLLMHttpServer pid=598852)[0m INFO:2026-08-16 17:08:03,917:Initializing a V1 LLM engine with config: model='/data/oss_bucket_0/yanlin/tau2/models/Qwen3-32B', speculative_config=None, tokenizer='/data/oss_bucket_0/yanlin/tau2/models/Qwen3-32B', skip_tokenizer_init=False, tokenizer_mode=auto, revision=None, tokenizer_revision=None, trust_remote_code=False, dtype=torch.bfloat16, max_seq_len=40960, download_dir=None, load_format=safetensors, tensor_parallel_size=4, pipeline_parallel_size=1, data_parallel_size=1, disable_custom_all_reduce=False, quantization=None, enforce_eager=True, kv_cache_dtype=auto, device_config=cuda, structured_outputs_config=StructuredOutputsConfig(backend='auto', disable_fallback=False, disable_any_whitespace=False, disable_additional_properties=False, reasoning_parser=''), observability_config=ObservabilityConfig(show_hidden_metrics_for_version=None, otlp_traces_endpoint=None, collect_detailed_traces=None), seed=0, served_model_name=/data/oss_bucket_0/yanlin/tau2/models/Qwen3-32B, enable_prefix_caching=True, chunked_prefill_enabled=True, pooler_config=None, compilation_config={"level":0,"debug_dump_path":"","cache_dir":"","backend":"","custom_ops":[],"splitting_ops":null,"use_inductor":true,"compile_sizes":[],"inductor_compile_config":{"enable_auto_functionalized_v2":false},"inductor_passes":{},"cudagraph_mode":0,"use_cudagraph":true,"cudagraph_num_of_warmups":0,"cudagraph_capture_sizes":[],"cudagraph_copy_inputs":false,"full_cuda_graph":false,"use_inductor_graph_partition":false,"pass_config":{},"max_capture_size":0,"local_cache_dir":null}
[36m(pid=602874)[0m /home/liuyanlin.lyl/.venvs/expectation-step-rl/lib/python3.12/site-packages/torch/cuda/__init__.py:63: FutureWarning: The pynvml package is deprecated. Please install nvidia-ml-py instead. If you did not install pynvml directly, please report this to the maintainers of the package that installed pynvml for you.
[36m(pid=602874)[0m   import pynvml  # type: ignore[import]
[36m(WorkerDict pid=594834)[0m INFO:2026-08-16 17:08:31,193:update_weights done, time cost: 3.45s
[36m(pid=602876)[0m /home/liuyanlin.lyl/.venvs/expectation-step-rl/lib/python3.12/site-packages/torch/cuda/__init__.py:63: FutureWarning: The pynvml package is deprecated. Please install nvidia-ml-py instead. If you did not install pynvml directly, please report this to the maintainers of the package that installed pynvml for you.[32m [repeated 3x across cluster][0m
[36m(pid=602876)[0m   import pynvml  # type: ignore[import][32m [repeated 3x across cluster][0m
[36m(AgentLoopWorker pid=602874)[0m 2026-08-16 17:08:39.145 | WARNING  | tau2.utils.utils:<module>:15 - No .env file found
[36m(AgentLoopWorker pid=602874)[0m 2026-08-16 17:08:39.145 | INFO     | tau2.utils.utils:<module>:28 - Using data directory from source: /home/liuyanlin.lyl/notebook/lyl/tau2-bench/data
[36m(AgentLoopWorker pid=602874)[0m 2026-08-16 17:08:42.992 | INFO     | tau2.utils.llm_utils:<module>:102 - LiteLLM: Cache is disabled
[36m(AgentLoopWorker pid=602874)[0m 2026-08-16 17:08:43.246 | DEBUG    | tau2.registry:<module>:281 - Registering default components...
[36m(AgentLoopWorker pid=602874)[0m 2026-08-16 17:08:43.337 | DEBUG    | tau2.registry:<module>:292 - Voice dependencies not installed, skipping voice user registration
[36m(AgentLoopWorker pid=602874)[0m 2026-08-16 17:08:43.337 | DEBUG    | tau2.registry:<module>:350 - Default components registered successfully. Registry info: {
[36m(AgentLoopWorker pid=602874)[0m   "domains": [
[36m(AgentLoopWorker pid=602874)[0m     "mock",
[36m(AgentLoopWorker pid=602874)[0m     "airline",
[36m(AgentLoopWorker pid=602874)[0m     "retail",
[36m(AgentLoopWorker pid=602874)[0m     "telecom",
[36m(AgentLoopWorker pid=602874)[0m     "telecom-workflow",
[36m(AgentLoopWorker pid=602874)[0m     "banking_knowledge"
[36m(AgentLoopWorker pid=602874)[0m   ],
[36m(AgentLoopWorker pid=602874)[0m   "agents": [
[36m(AgentLoopWorker pid=602874)[0m     "llm_agent",
[36m(AgentLoopWorker pid=602874)[0m     "llm_agent_gt",
[36m(AgentLoopWorker pid=602874)[0m     "llm_agent_solo",
[36m(AgentLoopWorker pid=602874)[0m     "discrete_time_audio_native_agent"
[36m(AgentLoopWorker pid=602874)[0m   ],
[36m(AgentLoopWorker pid=602874)[0m   "users": [
[36m(AgentLoopWorker pid=602874)[0m     "user_simulator",
[36m(AgentLoopWorker pid=602874)[0m     "dummy_user"
[36m(AgentLoopWorker pid=602874)[0m   ],
[36m(AgentLoopWorker pid=602874)[0m   "task_sets": [
[36m(AgentLoopWorker pid=602874)[0m     "mock",
[36m(AgentLoopWorker pid=602874)[0m     "airline",
[36m(AgentLoopWorker pid=602874)[0m     "retail",
[36m(AgentLoopWorker pid=602874)[0m     "telecom_full",
[36m(AgentLoopWorker pid=602874)[0m     "telecom_small",
[36m(AgentLoopWorker pid=602874)[0m     "telecom",
[36m(AgentLoopWorker pid=602874)[0m     "telecom-workflow",
[36m(AgentLoopWorker pid=602874)[0m     "banking_knowledge"
[36m(AgentLoopWorker pid=602874)[0m   ]
[36m(AgentLoopWorker pid=602874)[0m }
[36m(AgentLoopWorker pid=602876)[0m [92m17:08:44 - LiteLLM:WARNING[0m: get_model_cost_map.py:271 - LiteLLM: Failed to fetch remote model cost map from https://raw.githubusercontent.com/BerriAI/litellm/main/model_prices_and_context_window.json: _ssl.c:993: The handshake operation timed out. Falling back to local backup.
[36m(AgentLoopWorker pid=602876)[0m WARNING:2026-08-16 17:08:44,837:LiteLLM: Failed to fetch remote model cost map from https://raw.githubusercontent.com/BerriAI/litellm/main/model_prices_and_context_window.json: _ssl.c:993: The handshake operation timed out. Falling back to local backup.
[36m(AgentLoopWorker pid=602876)[0m 2026-08-16 17:08:39.145 | WARNING  | tau2.utils.utils:<module>:15 - No .env file found[32m [repeated 3x across cluster][0m
[36m(AgentLoopWorker pid=602876)[0m 2026-08-16 17:08:39.145 | INFO     | tau2.utils.utils:<module>:28 - Using data directory from source: /home/liuyanlin.lyl/notebook/lyl/tau2-bench/data[32m [repeated 3x across cluster][0m
[36m(AgentLoopWorker pid=602876)[0m 2026-08-16 17:10:18.691 | DEBUG    | tau2.environment.environment:get_response:482 - Response: Error: Payment amount does not add up, total price is 375, but paid 359
[36m(AgentLoopWorker pid=602876)[0m You're using a Qwen2TokenizerFast tokenizer. Please note that with a fast tokenizer, using the `__call__` method is faster than using a method to encode the text followed by a call to the `pad` method to get a padded encoding.
[36m(AgentLoopWorker pid=602872)[0m 2026-08-16 17:08:46.830 | INFO     | tau2.utils.llm_utils:<module>:102 - LiteLLM: Cache is disabled[32m [repeated 3x across cluster][0m
[36m(AgentLoopWorker pid=602872)[0m 2026-08-16 17:08:46.904 | DEBUG    | tau2.registry:<module>:281 - Registering default components...[32m [repeated 3x across cluster][0m
[36m(AgentLoopWorker pid=602872)[0m 2026-08-16 17:08:46.907 | DEBUG    | tau2.registry:<module>:292 - Voice dependencies not installed, skipping voice user registration[32m [repeated 3x across cluster][0m
[36m(AgentLoopWorker pid=602872)[0m 2026-08-16 17:08:46.907 | DEBUG    | tau2.registry:<module>:350 - Default components registered successfully. Registry info: {[32m [repeated 3x across cluster][0m
[36m(AgentLoopWorker pid=602872)[0m   "domains": [[32m [repeated 3x across cluster][0m
[36m(AgentLoopWorker pid=602872)[0m     "mock",[32m [repeated 6x across cluster][0m
[36m(AgentLoopWorker pid=602872)[0m     "airline",[32m [repeated 6x across cluster][0m
[36m(AgentLoopWorker pid=602872)[0m     "retail",[32m [repeated 6x across cluster][0m
[36m(AgentLoopWorker pid=602872)[0m     "telecom",[32m [repeated 6x across cluster][0m
[36m(AgentLoopWorker pid=602872)[0m     "telecom-workflow",[32m [repeated 6x across cluster][0m
[36m(AgentLoopWorker pid=602872)[0m     "banking_knowledge"[32m [repeated 6x across cluster][0m
[36m(AgentLoopWorker pid=602872)[0m   ],[32m [repeated 9x across cluster][0m
[36m(AgentLoopWorker pid=602872)[0m   "agents": [[32m [repeated 3x across cluster][0m
[36m(AgentLoopWorker pid=602872)[0m     "llm_agent",[32m [repeated 3x across cluster][0m
[36m(AgentLoopWorker pid=602872)[0m     "llm_agent_gt",[32m [repeated 3x across cluster][0m
[36m(AgentLoopWorker pid=602872)[0m     "llm_agent_solo",[32m [repeated 3x across cluster][0m
[36m(AgentLoopWorker pid=602872)[0m     "discrete_time_audio_native_agent"[32m [repeated 3x across cluster][0m
[36m(AgentLoopWorker pid=602872)[0m   "users": [[32m [repeated 3x across cluster][0m
[36m(AgentLoopWorker pid=602872)[0m     "user_simulator",[32m [repeated 3x across cluster][0m
[36m(AgentLoopWorker pid=602872)[0m     "dummy_user"[32m [repeated 3x across cluster][0m
[36m(AgentLoopWorker pid=602872)[0m   "task_sets": [[32m [repeated 3x across cluster][0m
[36m(AgentLoopWorker pid=602872)[0m     "telecom_full",[32m [repeated 3x across cluster][0m
[36m(AgentLoopWorker pid=602872)[0m     "telecom_small",[32m [repeated 3x across cluster][0m
[36m(AgentLoopWorker pid=602872)[0m   ][32m [repeated 3x across cluster][0m
[36m(AgentLoopWorker pid=602872)[0m }[32m [repeated 3x across cluster][0m
[36m(AgentLoopWorker pid=602873)[0m 2026-08-16 17:10:42.798 | INFO     | tau2.domains.airline.tools:update_reservation_passengers:713 - 1
[36m(AgentLoopWorker pid=602873)[0m 2026-08-16 17:10:42.798 | INFO     | tau2.domains.airline.tools:update_reservation_passengers:714 - 2
[36m(AgentLoopWorker pid=602873)[0m 2026-08-16 17:10:42.798 | DEBUG    | tau2.environment.environment:get_response:482 - Response: Error: Number of passengers does not match
[36m(AgentLoopWorker pid=602873)[0m You're using a Qwen2TokenizerFast tokenizer. Please note that with a fast tokenizer, using the `__call__` method is faster than using a method to encode the text followed by a call to the `pad` method to get a padded encoding.
[36m(AgentLoopWorker pid=602874)[0m 2026-08-16 17:11:02.540 | DEBUG    | tau2.environment.environment:get_response:482 - Response: Error: Payment amount does not add up, total price is 375, but paid 359
[36m(AgentLoopWorker pid=602874)[0m You're using a Qwen2TokenizerFast tokenizer. Please note that with a fast tokenizer, using the `__call__` method is faster than using a method to encode the text followed by a call to the `pad` method to get a padded encoding.
[36m(Tau2TaskRunner pid=593308)[0m Training Progress:   0%|          | 0/1 [00:00<?, ?it/s]

[36m(vLLMHttpServer pid=598852)[0m notebook-56ece9efd1a0-worker-0:600968:602777 [1] NCCL INFO Trees [0] 2/-1/-1->1->0 [1] 2/-1/-1->1->0 [2] 2/-1/-1->1->0 [3] 2/-1/-1->1->0 [4] 2/-1/-1->1->0 [5] 2/-1/-1->1->0 [6] 2/-1/-1->1->0 [7] 2/-1/-1->1->0 [8] 2/-1/-1->1->0 [9] 2/-1/-1->1->0 [10] 2/-1/-1->1->0 [11] 2/-1/-1->1->0 [12] 2/-1/-1->1->0 [13] 2/-1/-1->1->0 [14] 2/-1/-1->1->0 [15] 2/-1/-1->1->0 [16] 2/-1/-1->1->0 [17] 2/-1/-1->1->0 [18] 2/-1/-1->1->0 [19] 2/-1/-1->1->0 [20] 2/-1/-1->1->0 [21] 2/-1/-1->1->0 [22] 2/-1/-1->1->0 [23] 2/-1/-1->1->0
[36m(vLLMHttpServer pid=598852)[0m notebook-56ece9efd1a0-worker-0:600968:602777 [1] NCCL INFO P2P Chunksize set to 524288
[36m(vLLMHttpServer pid=598852)[0m notebook-56ece9efd1a0-worker-0:600968:602781 [1] NCCL INFO [Proxy Service] Device 1 CPU core 132
[36m(vLLMHttpServer pid=598852)[0m notebook-56ece9efd1a0-worker-0:600968:602785 [1] NCCL INFO [Proxy Service UDS] Device 1 CPU core 133
[36m(vLLMHttpServer pid=598852)[0m notebook-56ece9efd1a0-worker-0:600968:602777 [1] NCCL INFO Channel 00/0 : 1[2] -> 2[3] via P2P/IPC
[36m(vLLMHttpServer pid=598852)[0m notebook-56ece9efd1a0-worker-0:600968:602777 [1] NCCL INFO Channel 01/0 : 1[2] -> 2[3] via P2P/IPC
[36m(vLLMHttpServer pid=598852)[0m notebook-56ece9efd1a0-worker-0:600968:602777 [1] NCCL INFO Channel 02/0 : 1[2] -> 2[3] via P2P/IPC
[36m(vLLMHttpServer pid=598852)[0m notebook-56ece9efd1a0-worker-0:600968:602777 [1] NCCL INFO Channel 03/0 : 1[2] -> 2[3] via P2P/IPC
[36m(vLLMHttpServer pid=598852)[0m notebook-56ece9efd1a0-worker-0:600968:602777 [1] NCCL INFO Channel 04/0 : 1[2] -> 2[3] via P2P/IPC
[36m(vLLMHttpServer pid=598852)[0m notebook-56ece9efd1a0-worker-0:600968:602777 [1] NCCL INFO Channel 05/0 : 1[2] -> 2[3] via P2P/IPC
[36m(vLLMHttpServer pid=598852)[0m notebook-56ece9efd1a0-worker-0:600968:602777 [1] NCCL INFO Channel 06/0 : 1[2] -> 2[3] via P2P/IPC
[36m(vLLMHttpServer pid=598852)[0m notebook-56ece9efd1a0-worker-0:600968:602777 [1] NCCL INFO Channel 07/0 : 1[2] -> 2[3] via P2P/IPC
[36m(vLLMHttpServer pid=598852)[0m notebook-56ece9efd1a0-worker-0:600968:602777 [1] NCCL INFO Channel 08/0 : 1[2] -> 2[3] via P2P/IPC
[36m(vLLMHttpServer pid=598852)[0m notebook-56ece9efd1a0-worker-0:600968:602777 [1] NCCL INFO Channel 09/0 : 1[2] -> 2[3] via P2P/IPC
[36m(vLLMHttpServer pid=598852)[0m notebook-56ece9efd1a0-worker-0:600968:602777 [1] NCCL INFO Channel 10/0 : 1[2] -> 2[3] via P2P/IPC
[36m(vLLMHttpServer pid=598852)[0m notebook-56ece9efd1a0-worker-0:600968:602777 [1] NCCL INFO Channel 11/0 : 1[2] -> 2[3] via P2P/IPC
[36m(vLLMHttpServer pid=598852)[0m notebook-56ece9efd1a0-worker-0:600968:602777 [1] NCCL INFO Channel 12/0 : 1[2] -> 2[3] via P2P/IPC
[36m(vLLMHttpServer pid=598852)[0m notebook-56ece9efd1a0-worker-0:600968:602777 [1] NCCL INFO Channel 13/0 : 1[2] -> 2[3] via P2P/IPC
[36m(vLLMHttpServer pid=598852)[0m notebook-56ece9efd1a0-worker-0:600968:602777 [1] NCCL INFO Channel 14/0 : 1[2] -> 2[3] via P2P/IPC
[36m(vLLMHttpServer pid=598852)[0m notebook-56ece9efd1a0-worker-0:600968:602777 [1] NCCL INFO Channel 15/0 : 1[2] -> 2[3] via P2P/IPC
[36m(vLLMHttpServer pid=598852)[0m notebook-56ece9efd1a0-worker-0:600968:602777 [1] NCCL INFO Channel 16/0 : 1[2] -> 2[3] via P2P/IPC
[36m(vLLMHttpServer pid=598852)[0m notebook-56ece9efd1a0-worker-0:600968:602777 [1] NCCL INFO Channel 17/0 : 1[2] -> 2[3] via P2P/IPC
[36m(vLLMHttpServer pid=598852)[0m notebook-56ece9efd1a0-worker-0:600968:602777 [1] NCCL INFO Channel 18/0 : 1[2] -> 2[3] via P2P/IPC
[36m(vLLMHttpServer pid=598852)[0m notebook-56ece9efd1a0-worker-0:600968:602777 [1] NCCL INFO Channel 19/0 : 1[2] -> 2[3] via P2P/IPC
[36m(vLLMHttpServer pid=598852)[0m notebook-56ece9efd1a0-worker-0:600968:602777 [1] NCCL INFO Channel 20/0 : 1[2] -> 2[3] via P2P/IPC
[36m(vLLMHttpServer pid=598852)[0m notebook-56ece9efd1a0-worker-0:600968:602777 [1] NCCL INFO Channel 21/0 : 1[2] -> 2[3] via P2P/IPC
[36m(vLLMHttpServer pid=598852)[0m notebook-56ece9efd1a0-worker-0:600968:602777 [1] NCCL INFO Channel 22/0 : 1[2] -> 2[3] via P2P/IPC
[36m(vLLMHttpServer pid=598852)[0m notebook-56ece9efd1a0-worker-0:600968:602777 [1] NCCL INFO Channel 23/0 : 1[2] -> 2[3] via P2P/IPC
[36m(vLLMHttpServer pid=598852)[0m notebook-56ece9efd1a0-worker-0:600968:602777 [1] NCCL INFO Connected all rings, use ring PXN 0 GDR 1
[36m(vLLMHttpServer pid=598852)[0m notebook-56ece9efd1a0-worker-0:600968:602777 [1] NCCL INFO Channel 00/0 : 1[2] -> 0[1] via P2P/IPC
[36m(vLLMHttpServer pid=598852)[0m notebook-56ece9efd1a0-worker-0:600968:602777 [1] NCCL INFO Channel 01/0 : 1[2] -> 0[1] via P2P/IPC
[36m(vLLMHttpServer pid=598852)[0m notebook-56ece9efd
[36m(vLLMHttpServer pid=598852)[0m [1;36m(Worker_TP3 pid=600970)[0;0m WARNING 08-16 17:08:02 [cudagraph_dispatcher.py:106] cudagraph dispatching keys are not initialized. No cudagraph will be used.
[36m(vLLMHttpServer pid=598852)[0m [1;36m(Worker_TP2 pid=600969)[0;0m WARNING 08-16 17:08:02 [cudagraph_dispatcher.py:106] cudagraph dispatching keys are not initialized. No cudagraph will be used.
[36m(vLLMHttpServer pid=598852)[0m [1;36m(Worker_TP0 pid=600967)[0;0m WARNING 08-16 17:08:02 [cudagraph_dispatcher.py:106] cudagraph dispatching keys are not initialized. No cudagraph will be used.
[36m(vLLMHttpServer pid=598852)[0m [1;36m(Worker_TP1 pid=600968)[0;0m WARNING 08-16 17:08:02 [cudagraph_dispatcher.py:106] cudagraph dispatching keys are not initialized. No cudagraph will be used.
[36m(vLLMHttpServer pid=598852)[0m WARNING 08-16 17:08:03 [model.py:1389] Default sampling parameters have been overridden by the model's Hugging Face generation config recommended from the model creator. If this is not intended, please relaunch vLLM instance with `--generation-config vllm`.
[36m(Tau2TaskRunner pid=593308)[0m AgentLoopManager: ['11.24.227.166:40909']
[36m(WorkerDict pid=594834)[0m WARNING 08-16 17:08:17 [api_server.py:1213] LoRA dynamic loading & unloading is enabled in the API server. This should ONLY be used for local development!
[36m(Tau2TaskRunner pid=593308)[0m test_gen_batch meta info: {'eos_token_id': 151645, 'pad_token_id': 151643, 'recompute_log_prob': False, 'do_sample': False, 'validate': True, 'global_steps': 0}
[36m(AgentLoopWorker pid=602874)[0m WARNING 08-16 17:08:37 [api_server.py:1213] LoRA dynamic loading & unloading is enabled in the API server. This should ONLY be used for local development!
[36m(AgentLoopWorker pid=602874)[0m Using dataset class: RLHFDataset
[36m(vLLMHttpServer pid=598852)[0m WARNING 08-16 17:08:43 [processor.py:215] vLLM has deprecated support for supporting different tokenizers for different LoRAs. By default, vLLM uses base model's tokenizer. If you are using a LoRA with its own tokenizer, consider specifying `--tokenizer [lora_path]` to use the LoRA tokenizer.
[36m(AgentLoopWorker pid=602873)[0m WARNING 08-16 17:08:37 [api_server.py:1213] LoRA dynamic loading & unloading is enabled in the API server. This should ONLY be used for local development![32m [repeated 3x across cluster][0m
[36m(Tau2TaskRunner pid=593308)[0m validation generation end
[36m(Tau2TaskRunner pid=593308)[0m ("Initial validation metrics: {'val-core/tau2_expectation_step/reward/mean@1': "
[36m(Tau2TaskRunner pid=593308)[0m  "np.float64(-4.0), 'val-aux/tau2_expectation_step/tool_error/mean@1': "
[36m(Tau2TaskRunner pid=593308)[0m  'np.float64(1.0), '
[36m(Tau2TaskRunner pid=593308)[0m  "'val-aux/tau2_expectation_step/contextual_min_k_deviation/mean@1': "
[36m(Tau2TaskRunner pid=593308)[0m  "np.float64(nan), 'val-aux/tau2_expectation_step/calibrated_z/mean@1': "
[36m(Tau2TaskRunner pid=593308)[0m  "np.float64(nan), 'val-aux/tau2_expectation_step/calibration_count/mean@1': "
[36m(Tau2TaskRunner pid=593308)[0m  "np.float64(nan), 'val-aux/tau2_expectation_step/suffix_token_count/mean@1': "
[36m(Tau2TaskRunner pid=593308)[0m  "np.float64(nan), 'val-aux/tau2_expectation_step/min_k_token_count/mean@1': "
[36m(Tau2TaskRunner pid=593308)[0m  "np.float64(nan), 'val-aux/num_turns/min': np.int32(2), "
[36m(Tau2TaskRunner pid=593308)[0m  "'val-aux/num_turns/max': np.int32(2), 'val-aux/num_turns/mean': "
[36m(Tau2TaskRunner pid=593308)[0m  'np.float64(2.0)}')[36m(AgentLoopWorker pid=602872)[0m 2026-08-16 17:11:17.208 | INFO     | tau2.domains.airline.tools:update_reservation_passengers:713 - 1
[36m(AgentLoopWorker pid=602872)[0m 2026-08-16 17:11:17.208 | INFO     | tau2.domains.airline.tools:update_reservation_passengers:714 - 2
[36m(AgentLoopWorker pid=602872)[0m 2026-08-16 17:11:17.208 | DEBUG    | tau2.environment.environment:get_response:482 - Response: Error: Number of passengers does not match
[36m(AgentLoopWorker pid=602872)[0m You're using a Qwen2TokenizerFast tokenizer. Please note that with a fast tokenizer, using the `__call__` method is faster than using a method to encode the text followed by a call to the `pad` method to get a padded encoding.
[36m(AgentLoopWorker pid=602874)[0m 2026-08-16 17:11:50.514 | DEBUG    | tau2.environment.environment:get_response:482 - Response: user_id='mia_li_3668' name=Name(first_name='Mia', last_name='Li') address=Address(address1='975 Sunset Drive', address2='Suite 217', city='Austin', country='USA', state='TX', zip='78750') email='mia.li3818@example.com' dob='1990-04-05' payment_methods={'credit_card_4421486': CreditCard(source='credit_card', id='credit_card_4421486', brand='visa', last_four='7447'), 'certificate_4856383': Certificate(source='certificate', id='certificate_4856383', amount=100.0), 'certificate_7504069': Certificate(source='certificate', id='certificate_7504069', amount=250.0), 'credit_card_1955700': CreditCard(source='credit_card', id='credit_card_1955700', brand='visa', last_four='1907')} saved_passengers=[Passenger(first_name='Amelia', last_name='Ahmed', dob='1957-03-21')] membership='gold' reservations=['NO6JO3', 'AIXC49', 'HKEG34']
[36m(AgentLoopWorker pid=602872)[0m 2026-08-16 17:11:58.854 | DEBUG    | tau2.environment.environment:get_response:482 - Response: user_id='mia_li_3668' name=Name(first_name='Mia', last_name='Li') address=Address(address1='975 Sunset Drive', address2='Suite 217', city='Austin', country='USA', state='TX', zip='78750') email='mia.li3818@example.com' dob='1990-04-05' payment_methods={'credit_card_4421486': CreditCard(source='credit_card', id='credit_card_4421486', brand='visa', last_four='7447'), 'certificate_4856383': Certificate(source='certificate', id='certificate_4856383', amount=100.0), 'certificate_7504069': Certificate(source='certificate', id='certificate_7504069', amount=250.0), 'credit_card_1955700': CreditCard(source='credit_card', id='credit_card_1955700', brand='visa', last_four='1907')} saved_passengers=[Passenger(first_name='Amelia', last_name='Ahmed', dob='1957-03-21')] membership='gold' reservations=['NO6JO3', 'AIXC49', 'HKEG34']
[36m(AgentLoopWorker pid=602876)[0m 2026-08-16 17:12:00.664 | DEBUG    | tau2.environment.environment:get_response:482 - Response: user_id='mia_li_3668' name=Name(first_name='Mia', last_name='Li') address=Address(address1='975 Sunset Drive', address2='Suite 217', city='Austin', country='USA', state='TX', zip='78750') email='mia.li3818@example.com' dob='1990-04-05' payment_methods={'credit_card_4421486': CreditCard(source='credit_card', id='credit_card_4421486', brand='visa', last_four='7447'), 'certificate_4856383': Certificate(source='certificate', id='certificate_4856383', amount=100.0), 'certificate_7504069': Certificate(source='certificate', id='certificate_7504069', amount=250.0), 'credit_card_1955700': CreditCard(source='credit_card', id='credit_card_1955700', brand='visa', last_four='1907')} saved_passengers=[Passenger(first_name='Amelia', last_name='Ahmed', dob='1957-03-21')] membership='gold' reservations=['NO6JO3', 'AIXC49', 'HKEG34']
[36m(AgentLoopWorker pid=602873)[0m 2026-08-16 17:12:06.536 | DEBUG    | tau2.environment.environment:get_response:482 - Response: user_id='mia_li_3668' name=Name(first_name='Mia', last_name='Li') address=Address(address1='975 Sunset Drive', address2='Suite 217', city='Austin', country='USA', state='TX', zip='78750') email='mia.li3818@example.com' dob='1990-04-05' payment_methods={'credit_card_4421486': CreditCard(source='credit_card', id='credit_card_4421486', brand='visa', last_four='7447'), 'certificate_4856383': Certificate(source='certificate', id='certificate_4856383', amount=100.0), 'certificate_7504069': Certificate(source='certificate', id='certificate_7504069', amount=250.0), 'credit_card_1955700': CreditCard(source='credit_card', id='credit_card_1955700', brand='visa', last_four='1907')} saved_passengers=[Passenger(first_name='Amelia', last_name='Ahmed', dob='1957-03-21')] membership='gold' reservations=['NO6JO3', 'AIXC49', 'HKEG34']
[36m(AgentLoopWorker pid=602873)[0m 2026-08-16 17:12:09.873 | DEBUG    | tau2.environment.environment:get_response:482 - Response: user_id='mia_li_3668' name=Name(first_name='Mia', last_name='Li') address=Address(address1='975 Sunset Drive', address2='Suite 217', city='Austin', country='USA', state='TX', zip='78750') email='mia.li3818@example.com' dob='1990-04-05' payment_methods={'credit_card_4421486': CreditCard(source='credit_card', id='credit_card_4421486', brand='visa', last_four='7447'), 'certificate_4856383': Certificate(source='certificate', id='certificate_4856383', amount=100.0), 'certificate_7504069': Certificate(source='certificate', id='certificate_7504069', amount=250.0), 'credit_card_1955700': CreditCard(source='credit_card', id='credit_card_1955700', brand='visa', last_four='1907')} saved_passengers=[Passenger(first_name='Amelia', last_name='Ahmed', dob='1957-03-21')] membership='gold' reservations=['NO6JO3', 'AIXC49', 'HKEG34']
[36m(AgentLoopWorker pid=602876)[0m 2026-08-16 17:12:35.813 | DEBUG    | tau2.environment.environment:get_response:482 - Response: user_id='mia_li_3668' name=Name(first_name='Mia', last_name='Li') address=Address(address1='975 Sunset Drive', address2='Suite 217', city='Austin', country='USA', state='TX', zip='78750') email='mia.li3818@example.com' dob='1990-04-05' payment_methods={'credit_card_4421486': CreditCard(source='credit_card', id='credit_card_4421486', brand='visa', last_four='7447'), 'certificate_4856383': Certificate(source='certificate', id='certificate_4856383', amount=100.0), 'certificate_7504069': Certificate(source='certificate', id='certificate_7504069', amount=250.0), 'credit_card_1955700': CreditCard(source='credit_card', id='credit_card_1955700', brand='visa', last_four='1907')} saved_passengers=[Passenger(first_name='Amelia', last_name='Ahmed', dob='1957-03-21')] membership='gold' reservations=['NO6JO3', 'AIXC49', 'HKEG34']
[36m(AgentLoopWorker pid=602872)[0m 2026-08-16 17:12:41.415 | DEBUG    | tau2.environment.environment:get_response:482 - Response: user_id='mia_li_3668' name=Name(first_name='Mia', last_name='Li') address=Address(address1='975 Sunset Drive', address2='Suite 217', city='Austin', country='USA', state='TX', zip='78750') email='mia.li3818@example.com' dob='1990-04-05' payment_methods={'credit_card_4421486': CreditCard(source='credit_card', id='credit_card_4421486', brand='visa', last_four='7447'), 'certificate_4856383': Certificate(source='certificate', id='certificate_4856383', amount=100.0), 'certificate_7504069': Certificate(source='certificate', id='certificate_7504069', amount=250.0), 'credit_card_1955700': CreditCard(source='credit_card', id='credit_card_1955700', brand='visa', last_four='1907')} saved_passengers=[Passenger(first_name='Amelia', last_name='Ahmed', dob='1957-03-21')] membership='gold' reservations=['NO6JO3', 'AIXC49', 'HKEG34']
[36m(AgentLoopWorker pid=602874)[0m 2026-08-16 17:13:09.182 | DEBUG    | tau2.environment.environment:get_response:482 - Response: user_id='mia_li_3668' name=Name(first_name='Mia', last_name='Li') address=Address(address1='975 Sunset Drive', address2='Suite 217', city='Austin', country='USA', state='TX', zip='78750') email='mia.li3818@example.com' dob='1990-04-05' payment_methods={'credit_card_4421486': CreditCard(source='credit_card', id='credit_card_4421486', brand='visa', last_four='7447'), 'certificate_4856383': Certificate(source='certificate', id='certificate_4856383', amount=100.0), 'certificate_7504069': Certificate(source='certificate', id='certificate_7504069', amount=250.0), 'credit_card_1955700': CreditCard(source='credit_card', id='credit_card_1955700', brand='visa', last_four='1907')} saved_passengers=[Passenger(first_name='Amelia', last_name='Ahmed', dob='1957-03-21')] membership='gold' reservations=['NO6JO3', 'AIXC49', 'HKEG34']
[36m(WorkerDict pid=594834)[0m INFO:2026-08-16 17:14:43,124:update_weights done, time cost: 1.48s

[36m(Tau2TaskRunner pid=593308)[0m step:0 - val-core/tau2_expectation_step/reward/mean@1:np.float64(-4.0) - val-aux/tau2_expectation_step/tool_error/mean@1:np.float64(1.0) - val-aux/tau2_expectation_step/contextual_min_k_deviation/mean@1:np.float64(nan) - val-aux/tau2_expectation_step/calibrated_z/mean@1:np.float64(nan) - val-aux/tau2_expectation_step/calibration_count/mean@1:np.float64(nan) - val-aux/tau2_expectation_step/suffix_token_count/mean@1:np.float64(nan) - val-aux/tau2_expectation_step/min_k_token_count/mean@1:np.float64(nan) - val-aux/num_turns/min:np.int32(2) - val-aux/num_turns/max:np.int32(2) - val-aux/num_turns/mean:np.float64(2.0)
[36m(AgentLoopWorker pid=602873)[0m Using dataset class: RLHFDataset[32m [repeated 3x across cluster][0m
[36m(Tau2TaskRunner pid=593308)[0m Dumped generations to /home/liuyanlin.lyl/notebook/lyl/tau2-bench/project/expectation_step_rl/outputs/smoke/rollouts/1.jsonl
[36m(Tau2TaskRunner pid=593308)[0m Training Progress: 100%|██████████| 1/1 [03:26<00:00, 206.28s/it]Training Progress: 100%|██████████| 1/1 [03:26<00:00, 206.28s/it]
[36m(Tau2TaskRunner pid=593308)[0m step:1 - global_seqlen/min:15590 - global_seqlen/max:16177 - global_seqlen/minmax_diff:587 - global_seqlen/balanced_min:15590 - global_seqlen/balanced_max:16177 - global_seqlen/mean:15882.25 - actor/entropy:0.19906331598758698 - perf/mfu/actor_infer:0.5038358379910981 - training/rollout_probs_diff_valid:1 - training/rollout_probs_diff_max:0.22514337301254272 - training/rollout_probs_diff_mean:0.013789736665785313 - training/rollout_probs_diff_std:0.02612062729895115 - training/rollout_actor_probs_pearson_corr:0.990964949131012 - rollout_corr/training_ppl:1.1849159002304077 - rollout_corr/training_log_ppl:0.1692138910293579 - rollout_corr/kl:0.00839536264538765 - rollout_corr/k3_kl:0.002545284805819392 - rollout_corr/rollout_ppl:1.175223469734192 - rollout_corr/rollout_log_ppl:0.16105200350284576 - rollout_corr/log_ppl_diff:0.008161894045770168 - rollout_corr/log_ppl_abs_diff:0.008161894045770168 - rollout_corr/log_ppl_diff_max:0.012362807989120483 - rollout_corr/log_ppl_diff_min:0.0014965906739234924 - rollout_corr/ppl_ratio:1.0082021951675415 - rollout_corr/chi2_token:-0.006576836109161377 - rollout_corr/chi2_seq:-0.9731335043907166 - actor/pg_clipfrac:np.float64(0.0) - actor/ppo_kl:np.float64(0.0) - actor/pg_clipfrac_lower:np.float64(0.0) - actor/pg_loss:np.float64(0.18999308999627829) - actor/kl_loss:np.float64(0.0) - actor/kl_coef:np.float64(0.001) - actor/loss:np.float64(0.18999308347702026) - actor/grad_norm:np.float64(0.04319131374359131) - actor/lr:np.float64(3e-06) - perf/mfu/actor:np.float64(0.6622400707785471) - training/global_step:1 - training/epoch:0 - critic/score/mean:-1.8071253299713135 - critic/score/max:-1.8071255683898926 - critic/score/min:-1.8071255683898926 - critic/rewards/mean:-1.8071253299713135 - critic/rewards/max:-1.8071255683898926 - critic/rewards/min:-1.8071255683898926 - critic/advantages/mean:-0.18999312818050385 - critic/advantages/max:-0.18999309837818146 - critic/advantages/min:-0.18999309837818146 - critic/returns/mean:-0.18999312818050385 - critic/returns/max:-0.18999309837818146 - critic/returns/min:-0.18999309837818146 - response_length/mean:803.125 - response_length/max:1476.0 - response_length/min:425.0 - response_length/clip_ratio:0.0 - response_length_non_aborted/mean:803.125 - response_length_non_aborted/max:1476.0 - response_length_non_aborted/min:425.0 - response_length_non_aborted/clip_ratio:0.0 - response/aborted_ratio:0.0 - prompt_length/mean:7138.0 - prompt_length/max:7138.0 - prompt_length/min:7138.0 - prompt_length/clip_ratio:0.0 - num_turns/min:np.int32(2) - num_turns/max:np.int32(2) - num_turns/mean:np.float64(2.0) - timing_s/start_profile:4.785507917404175e-05 - timing_s/agent_loop/num_preempted/min:np.int64(-1) - timing_s/agent_loop/num_preempted/max:np.int64(-1) - timing_s/agent_loop/num_preempted/mean:np.float64(-1.0) - timing_s/agent_loop/generate_sequences/min:np.float64(33.14773686230183) - timing_s/agent_loop/generate_sequences/max:np.float64(111.75826382637024) - timing_s/agent_loop/generate_sequences/mean:np.float64(61.732853999361396) - timing_s/agent_loop/tool_calls/min:np.float64(0.0) - timing_s/agent_loop/tool_calls/max:np.float64(0.0) - timing_s/agent_loop/tool_calls/mean:np.float64(0.0) - timing_s/agent_loop/slowest/generate_sequences:np.float64(111.75826382637024) - timing_s/agent_loop/slowest/tool_calls:np.float64(0.0) - timing_s/agent_loop/slowest/prompt_length:7138 - timing_s/agent_loop/slowest/response_length:1476 - timing_s/agent_loop/slowest/num_preempted:np.int64(-1) - timing_s/gen:121.81004758924246 - timing_s/reward:1.0222196578979492e-05 - timing_s/old_log_prob:19.929139651358128 - timing_s/ref:13.562807656824589 - timing_s/adv:0.0074778273701667786 - timing_s/update_actor:40.17052382975817 - timing_s/update_weights:10.754735372960567 - timing_s/dump_rollout_generations:0.031039029359817505 - timing_s/step:206.2722608745098 - timing_s/stop_profile:3.707408905029297e-05 - timing_per_token_ms/gen:18.958762270699214 - timing_per_token_ms/update_actor:0.6323178993807264 - timing_per_token_ms/adv:0.00011770730485552706 - timing_per_token_ms/ref:0.21349002277423837 - perf/total_num_tokens:63529 - perf/time_per_step:206.2722608745098 - perf/throughput:76.99653813200948
[36m(Tau2TaskRunner pid=593308)[0m 'Final validation metrics: None'
[36m(vLLMHttpServer pid=598852)[0m ERROR 08-16 17:14:43 [core_client.py:564] Engine core proc EngineCore_DP0 died unexpectedly, shutting down client.
